{"type":"FeatureCollection","features":[{"type":"Feature","properties":{"county":"臺東縣"},"geometry":{"type":"MultiPolygon","coordinates":[[[[121.40978,23.21347],[121.41011,23.21416],[121.40967,23.2144],[121.41117,23.21511],[121.41444,23.21972],[121.41658,23.22175],[121.41675,23.22142],[121.41739,23.2226],[121.41707,23.22261],[121.42017,23.22591],[121.42067,23.22705],[121.42033,23.22771],[121.41862,23.22834],[121.41605,23.22746],[121.41573,23.22788],[121.41513,23.2302],[121.4149,23.23493],[121.41691,23.23862],[121.41705,23.24158],[121.419,23.24531],[121.4187,23.24693],[121.41903,23.24799],[121.42081,23.25005],[121.42112,23.25345],[121.42082,23.25762],[121.42193,23.25862],[121.42271,23.26188],[121.42406,23.26425],[121.42607,23.26478],[121.42772,23.26669],[121.42777,23.26805],[121.42707,23.26922],[121.42744,23.27266],[121.42974,23.28143],[121.43132,23.28507],[121.43192,23.28528],[121.43287,23.28813],[121.43347,23.28848],[121.43407,23.2879],[121.43432,23.28823],[121.43427,23.28888],[121.43619,23.29246],[121.43825,23.29414],[121.43918,23.29686],[121.4406,23.29775],[121.44167,23.29716],[121.44201,23.29827],[121.44148,23.29987],[121.44242,23.3025],[121.44346,23.30392],[121.44527,23.30414],[121.4471,23.30532],[121.44774,23.30669],[121.44701,23.30889],[121.44745,23.30932],[121.45405,23.31351],[121.45852,23.31356],[121.46049,23.31183],[121.46069,23.31291],[121.46239,23.31281],[121.46291,23.31779],[121.46573,23.32201],[121.4662,23.32872],[121.46775,23.33194],[121.46807,23.33443],[121.46764,23.34562],[121.46858,23.34849],[121.47221,23.35243],[121.47186,23.35575],[121.4708,23.35668],[121.47168,23.35963],[121.47316,23.36148],[121.47358,23.3633],[121.47343,23.36575],[121.4722,23.36967],[121.47221,23.37154],[121.47389,23.37808],[121.47486,23.38662],[121.47665,23.38909],[121.47709,23.39327],[121.47799,23.39529],[121.48204,23.39728],[121.48163,23.39843],[121.4822,23.40013],[121.4817,23.40064],[121.48179,23.40199],[121.48281,23.40367],[121.48402,23.40413],[121.48339,23.40552],[121.48408,23.41074],[121.48519,23.41257],[121.48624,23.41289],[121.48734,23.41708],[121.48804,23.41782],[121.48787,23.41847],[121.48923,23.42333],[121.49249,23.42684],[121.49548,23.43274],[121.49609,23.43483],[121.49414,23.43533],[121.49195,23.43444],[121.49105,23.43532],[121.4905,23.43526],[121.48881,23.43404],[121.48703,23.43361],[121.48459,23.43088],[121.48245,23.43017],[121.4798,23.43118],[121.47758,23.43486],[121.47521,23.43727],[121.47435,23.43947],[121.47331,23.44062],[121.47057,23.44077],[121.46712,23.4398],[121.46392,23.43955],[121.46344,23.43887],[121.46204,23.43955],[121.46158,23.44154],[121.4571,23.44221],[121.45442,23.44114],[121.45235,23.44175],[121.45101,23.44316],[121.44834,23.44291],[121.44742,23.44379],[121.44604,23.44355],[121.44435,23.44094],[121.4442,23.43871],[121.44209,23.43685],[121.44064,23.43367],[121.43923,23.43261],[121.43826,23.43327],[121.4334,23.43287],[121.43313,23.43174],[121.42877,23.4293],[121.42546,23.42602],[121.42572,23.42486],[121.42029,23.42067],[121.41957,23.41942],[121.41997,23.4169],[121.41836,23.4157],[121.41849,23.41387],[121.41721,23.41258],[121.41758,23.41196],[121.41626,23.41006],[121.41568,23.40819],[121.4132,23.40522],[121.41259,23.40259],[121.41043,23.39884],[121.40787,23.39594],[121.40669,23.39352],[121.40371,23.39041],[121.40361,23.38941],[121.40123,23.38857],[121.40016,23.38681],[121.39996,23.38535],[121.40363,23.37581],[121.40389,23.3722],[121.40485,23.36914],[121.40437,23.36735],[121.40757,23.36464],[121.4101,23.3649],[121.41319,23.36385],[121.41596,23.36174],[121.41725,23.36167],[121.41791,23.36059],[121.42288,23.35999],[121.42253,23.3557],[121.4221,23.35487],[121.41835,23.35219],[121.41672,23.34934],[121.41402,23.34745],[121.40971,23.3459],[121.40837,23.34272],[121.40688,23.34141],[121.40643,23.33956],[121.40384,23.33721],[121.40207,23.33388],[121.40114,23.33158],[121.4006,23.32838],[121.39961,23.32659],[121.39994,23.32318],[121.39767,23.32167],[121.39214,23.32171],[121.39025,23.32062],[121.3901,23.31583],[121.38897,23.31468],[121.38907,23.31357],[121.38796,23.31203],[121.38785,23.31064],[121.38379,23.30813],[121.38209,23.30544],[121.38035,23.30419],[121.37785,23.30094],[121.37803,23.29859],[121.37628,23.29566],[121.37716,23.29135],[121.37649,23.28908],[121.37732,23.28748],[121.37685,23.28191],[121.37825,23.27751],[121.3786,23.27451],[121.37768,23.27115],[121.37792,23.26962],[121.37414,23.26909],[121.37233,23.26783],[121.37163,23.26685],[121.37075,23.26244],[121.36685,23.26018],[121.36586,23.25803],[121.36361,23.25765],[121.36149,23.25366],[121.3594,23.25269],[121.35894,23.24966],[121.36082,23.2482],[121.36154,23.2469],[121.3609,23.24435],[121.35971,23.2423],[121.35782,23.24056],[121.35766,23.23794],[121.35346,23.23337],[121.3526,23.2313],[121.35318,23.22913],[121.35424,23.22849],[121.35441,23.22547],[121.35585,23.22396],[121.35716,23.22371],[121.35469,23.22184],[121.35328,23.22001],[121.35157,23.22018],[121.34997,23.21789],[121.34845,23.21718],[121.34646,23.2171],[121.3466,23.21616],[121.34569,23.21357],[121.34612,23.2116],[121.34677,23.21108],[121.34691,23.20927],[121.34533,23.20826],[121.34429,23.20576],[121.34335,23.20218],[121.34362,23.20073],[121.34293,23.20002],[121.3432,23.19856],[121.34238,23.19749],[121.34215,23.19581],[121.3397,23.19375],[121.33912,23.19162],[121.33826,23.19069],[121.33829,23.18961],[121.33758,23.18839],[121.33787,23.18533],[121.33701,23.1849],[121.33637,23.18382],[121.33679,23.18247],[121.33531,23.1813],[121.3354,23.17931],[121.33493,23.17793],[121.33312,23.17806],[121.33245,23.17895],[121.33124,23.17888],[121.32974,23.18037],[121.32837,23.17929],[121.3233,23.17873],[121.32396,23.17813],[121.32393,23.17479],[121.32303,23.17355],[121.32221,23.17323],[121.32186,23.1694],[121.31856,23.16819],[121.3173,23.16497],[121.3203,23.16004],[121.32137,23.15914],[121.32216,23.1568],[121.32203,23.15535],[121.3246,23.15469],[121.3272,23.15219],[121.3244,23.14898],[121.32447,23.14659],[121.32333,23.14474],[121.32381,23.1433],[121.32278,23.14211],[121.32213,23.13974],[121.32035,23.13783],[121.32052,23.13614],[121.32213,23.13209],[121.32153,23.12929],[121.32294,23.12377],[121.32232,23.12167],[121.32258,23.11997],[121.32189,23.11831],[121.32197,23.11717],[121.31962,23.11366],[121.31595,23.11047],[121.3158,23.10974],[121.3124,23.11095],[121.30522,23.11129],[121.30306,23.11109],[121.29998,23.10926],[121.29792,23.10995],[121.29695,23.1093],[121.29591,23.10983],[121.29398,23.10989],[121.29142,23.10937],[121.28733,23.10671],[121.28582,23.10695],[121.28441,23.10657],[121.28299,23.10384],[121.28086,23.10403],[121.27821,23.10075],[121.27463,23.09847],[121.27235,23.09788],[121.27074,23.10119],[121.26432,23.10392],[121.26737,23.10934],[121.26767,23.11218],[121.26727,23.11409],[121.26446,23.11516],[121.26426,23.11766],[121.25957,23.12102],[121.25901,23.12346],[121.2576,23.12612],[121.24921,23.13152],[121.2483,23.12959],[121.24521,23.12841],[121.24231,23.12802],[121.23845,23.12874],[121.23772,23.13021],[121.23464,23.13339],[121.23321,23.13664],[121.23093,23.13925],[121.22489,23.13988],[121.21927,23.14234],[121.21456,23.1439],[121.21195,23.14423],[121.21205,23.14533],[121.21064,23.14806],[121.21175,23.15367],[121.21249,23.15493],[121.2103,23.1599],[121.20649,23.16281],[121.20559,23.16458],[121.20568,23.16687],[121.20364,23.16878],[121.19917,23.17509],[121.19977,23.17829],[121.19922,23.18205],[121.19796,23.18555],[121.19825,23.18844],[121.19421,23.19289],[121.192,23.19792],[121.19103,23.2021],[121.18981,23.20346],[121.18645,23.20477],[121.18439,23.20491],[121.17936,23.20864],[121.17563,23.21019],[121.1699,23.20707],[121.16866,23.20765],[121.16091,23.20596],[121.1547,23.19915],[121.15006,23.19856],[121.14735,23.19901],[121.13936,23.20191],[121.13809,23.20809],[121.13452,23.21126],[121.13239,23.21549],[121.13151,23.21953],[121.1294,23.2233],[121.12553,23.22489],[121.1234,23.22508],[121.12089,23.22504],[121.11948,23.22454],[121.11469,23.22496],[121.10845,23.22349],[121.10565,23.22415],[121.10363,23.22696],[121.09886,23.22806],[121.09638,23.22965],[121.09385,23.23318],[121.09284,23.23382],[121.08654,23.23385],[121.08364,23.23296],[121.08111,23.2338],[121.07935,23.23265],[121.079,23.23283],[121.07795,23.23422],[121.07845,23.23758],[121.07401,23.24441],[121.07102,23.24685],[121.06986,23.24932],[121.0701,23.25231],[121.06923,23.25518],[121.06586,23.25755],[121.06568,23.25898],[121.06504,23.2593],[121.06454,23.26072],[121.06484,23.26119],[121.06419,23.26308],[121.06242,23.26584],[121.06185,23.26802],[121.06289,23.26888],[121.06199,23.26938],[121.06147,23.27098],[121.06181,23.27186],[121.06072,23.27303],[121.06067,23.27674],[121.06207,23.27941],[121.0599,23.28331],[121.05945,23.28615],[121.05727,23.28761],[121.05594,23.29063],[121.05239,23.29157],[121.04816,23.29474],[121.04307,23.29631],[121.04155,23.29745],[121.0389,23.30065],[121.03673,23.29985],[121.03459,23.29978],[121.03219,23.29835],[121.0265,23.29662],[121.02384,23.29373],[121.02,23.29457],[121.019,23.29345],[121.01741,23.29287],[121.00984,23.2925],[121.00853,23.29132],[121.00564,23.2906],[121.00138,23.28738],[120.99925,23.28692],[120.99402,23.28444],[120.99064,23.28413],[120.98776,23.28083],[120.98659,23.28032],[120.97899,23.28227],[120.97407,23.28178],[120.97263,23.28219],[120.97028,23.28061],[120.96867,23.27786],[120.96611,23.27658],[120.96336,23.2721],[120.95968,23.27084],[120.95816,23.26537],[120.95738,23.26416],[120.95355,23.26081],[120.9511,23.25951],[120.94901,23.25588],[120.9477,23.25488],[120.94669,23.25311],[120.94125,23.25195],[120.9385,23.24789],[120.9379,23.24495],[120.93061,23.24246],[120.92758,23.24445],[120.92653,23.24456],[120.92404,23.24198],[120.92171,23.24167],[120.92099,23.24098],[120.91941,23.24098],[120.91779,23.23959],[120.91718,23.23832],[120.91597,23.2381],[120.91546,23.23751],[120.9143,23.23254],[120.91157,23.22786],[120.91213,23.22514],[120.91163,23.20955],[120.91046,23.20813],[120.90763,23.20706],[120.90673,23.20565],[120.9065,23.20333],[120.90715,23.20113],[120.90575,23.19955],[120.90644,23.19671],[120.91066,23.19252],[120.9116,23.1899],[120.91245,23.18652],[120.91153,23.18536],[120.91076,23.18169],[120.90988,23.18021],[120.90905,23.1798],[120.90591,23.18058],[120.90218,23.17891],[120.90019,23.17712],[120.89872,23.17666],[120.89831,23.17312],[120.89639,23.1723],[120.89586,23.17143],[120.89556,23.16558],[120.89483,23.16257],[120.895,23.16072],[120.89124,23.15872],[120.88735,23.15824],[120.88626,23.15543],[120.88333,23.15344],[120.87939,23.15264],[120.87641,23.15133],[120.87954,23.14859],[120.88144,23.14623],[120.88576,23.14428],[120.88787,23.13668],[120.88623,23.13187],[120.88596,23.12804],[120.88806,23.12244],[120.88773,23.12177],[120.88505,23.12002],[120.88497,23.11935],[120.88629,23.11647],[120.88677,23.11361],[120.8894,23.11044],[120.88922,23.10756],[120.88814,23.10421],[120.88915,23.10049],[120.88752,23.096],[120.88555,23.09263],[120.88563,23.08911],[120.8836,23.08656],[120.88259,23.08333],[120.87807,23.07823],[120.87692,23.07572],[120.87535,23.06854],[120.87267,23.06524],[120.86921,23.05969],[120.87132,23.05505],[120.87453,23.05243],[120.8745,23.05094],[120.87867,23.049],[120.87975,23.04777],[120.88015,23.04567],[120.88126,23.0442],[120.88138,23.04268],[120.87996,23.03552],[120.8789,23.03444],[120.872,23.03448],[120.86665,23.03236],[120.86397,23.03249],[120.86161,23.03077],[120.8607,23.0279],[120.86068,23.02599],[120.86198,23.02207],[120.86127,23.0132],[120.86052,23.01047],[120.86066,23.00805],[120.85823,23.00505],[120.85632,23.00482],[120.85458,23.0054],[120.85384,23.00491],[120.85107,23.00513],[120.85201,23.00335],[120.85206,22.9999],[120.84909,22.99485],[120.84769,22.99397],[120.84703,22.99285],[120.84193,22.99093],[120.84137,22.98991],[120.84198,22.98767],[120.84182,22.98552],[120.84118,22.984],[120.83623,22.982],[120.83483,22.98088],[120.83246,22.98039],[120.83069,22.97583],[120.82929,22.97514],[120.82906,22.97439],[120.829,22.97297],[120.83014,22.96999],[120.82244,22.96487],[120.82232,22.96372],[120.82079,22.96197],[120.82305,22.95492],[120.82419,22.9539],[120.82475,22.95245],[120.82357,22.95053],[120.82178,22.94512],[120.82199,22.94319],[120.82146,22.9392],[120.82216,22.93669],[120.82181,22.93526],[120.82688,22.92813],[120.82916,22.92078],[120.83144,22.91985],[120.83329,22.91227],[120.83278,22.91135],[120.83075,22.91048],[120.82996,22.90953],[120.82854,22.90521],[120.82866,22.90397],[120.83037,22.90196],[120.83354,22.89981],[120.8332,22.89823],[120.83424,22.89616],[120.83478,22.89353],[120.83823,22.88989],[120.83884,22.88464],[120.84053,22.88195],[120.85209,22.8781],[120.85516,22.87872],[120.85973,22.87837],[120.86122,22.87615],[120.86487,22.87255],[120.86555,22.86966],[120.86379,22.86622],[120.86221,22.86572],[120.85915,22.86345],[120.86165,22.8614],[120.86957,22.85776],[120.86929,22.85661],[120.8666,22.85382],[120.86835,22.85075],[120.86495,22.8456],[120.86399,22.83943],[120.8654,22.83561],[120.86455,22.83217],[120.86229,22.82833],[120.86175,22.8263],[120.8649,22.82507],[120.86682,22.81966],[120.8684,22.81713],[120.87171,22.81479],[120.87449,22.81533],[120.87726,22.81305],[120.878,22.81377],[120.88113,22.81451],[120.88225,22.81434],[120.88398,22.81343],[120.88785,22.81263],[120.88905,22.81176],[120.89119,22.81162],[120.89399,22.80876],[120.89655,22.80797],[120.89932,22.80471],[120.90089,22.80427],[120.9033,22.79981],[120.90365,22.79827],[120.90297,22.79653],[120.9033,22.79339],[120.90169,22.78754],[120.90263,22.78664],[120.90413,22.78358],[120.90324,22.78046],[120.90382,22.77558],[120.90296,22.7735],[120.90115,22.77206],[120.90021,22.76922],[120.89356,22.76678],[120.89196,22.7637],[120.89341,22.76365],[120.89481,22.76258],[120.89497,22.76022],[120.89445,22.75914],[120.89563,22.75616],[120.8941,22.75161],[120.89535,22.7482],[120.89414,22.74371],[120.89444,22.74283],[120.89564,22.74182],[120.89503,22.7386],[120.89472,22.73759],[120.89228,22.73519],[120.89239,22.7329],[120.89144,22.72938],[120.88865,22.72729],[120.88728,22.72237],[120.88351,22.71707],[120.87942,22.71607],[120.8759,22.71714],[120.87265,22.71702],[120.86941,22.7159],[120.86719,22.71689],[120.86167,22.7167],[120.85839,22.71362],[120.85488,22.71755],[120.85312,22.71695],[120.84851,22.71695],[120.84452,22.71086],[120.84248,22.70984],[120.8425,22.70884],[120.84336,22.70765],[120.84217,22.70686],[120.84024,22.70667],[120.83967,22.70395],[120.8379,22.70143],[120.83829,22.69894],[120.83679,22.69708],[120.8333,22.69664],[120.82869,22.69766],[120.82702,22.69704],[120.82545,22.69571],[120.81988,22.6956],[120.81886,22.69436],[120.81936,22.6927],[120.81911,22.69103],[120.81633,22.69184],[120.81144,22.69204],[120.8091,22.68826],[120.80802,22.68919],[120.79767,22.6891],[120.79554,22.69062],[120.79191,22.69163],[120.78912,22.69329],[120.78679,22.69291],[120.78748,22.69023],[120.78948,22.68649],[120.78926,22.68383],[120.79132,22.68043],[120.79157,22.67918],[120.78885,22.67624],[120.78622,22.67204],[120.78635,22.66298],[120.78582,22.66143],[120.78371,22.65895],[120.78233,22.65609],[120.77978,22.65253],[120.77713,22.65047],[120.77383,22.64623],[120.77198,22.64218],[120.76892,22.63885],[120.76765,22.63619],[120.76424,22.63371],[120.76312,22.63114],[120.76131,22.63004],[120.76124,22.62621],[120.75804,22.62309],[120.75487,22.61698],[120.75287,22.6118],[120.75406,22.60855],[120.75464,22.60078],[120.75226,22.5971],[120.74901,22.59395],[120.7458,22.58955],[120.74667,22.58401],[120.74908,22.57863],[120.74878,22.5723],[120.74794,22.57108],[120.74172,22.5689],[120.73963,22.56254],[120.74001,22.55924],[120.73905,22.55366],[120.73937,22.55174],[120.74396,22.5431],[120.74794,22.53854],[120.74833,22.53671],[120.75002,22.53402],[120.74991,22.52936],[120.75166,22.52532],[120.75132,22.52197],[120.75303,22.51839],[120.75363,22.51104],[120.75707,22.50888],[120.75847,22.50735],[120.75887,22.50587],[120.7627,22.5011],[120.76434,22.49539],[120.76368,22.49092],[120.76045,22.48853],[120.75855,22.48841],[120.75746,22.48183],[120.75081,22.47915],[120.75226,22.47761],[120.75457,22.4714],[120.75417,22.4694],[120.75301,22.46781],[120.75286,22.46618],[120.75163,22.46421],[120.75178,22.46162],[120.75105,22.45902],[120.75161,22.45841],[120.755,22.45722],[120.75654,22.45742],[120.75818,22.45852],[120.75914,22.45729],[120.7651,22.45306],[120.77192,22.45184],[120.77611,22.45019],[120.77645,22.44894],[120.77503,22.44429],[120.77513,22.4433],[120.77648,22.44044],[120.78002,22.43743],[120.78229,22.43417],[120.78473,22.42914],[120.78477,22.42812],[120.78687,22.42518],[120.78822,22.41944],[120.78964,22.41765],[120.78693,22.41614],[120.78641,22.41468],[120.78487,22.41307],[120.78344,22.4126],[120.7829,22.41121],[120.78036,22.40945],[120.77702,22.40889],[120.77556,22.40965],[120.77339,22.40693],[120.77058,22.4069],[120.76833,22.40862],[120.76531,22.40905],[120.76321,22.40716],[120.76089,22.40648],[120.75812,22.4049],[120.75342,22.40506],[120.75536,22.40328],[120.7576,22.39818],[120.7538,22.39643],[120.75228,22.39391],[120.75214,22.39267],[120.75648,22.38838],[120.75456,22.38663],[120.75235,22.38582],[120.7505,22.38409],[120.74862,22.38038],[120.74913,22.37569],[120.74878,22.37325],[120.74752,22.3714],[120.74449,22.36982],[120.74346,22.36726],[120.75267,22.36039],[120.75554,22.3604],[120.7581,22.35942],[120.761,22.36042],[120.76298,22.35915],[120.76282,22.35669],[120.76338,22.35278],[120.76526,22.3495],[120.76726,22.34761],[120.76951,22.34748],[120.77167,22.34863],[120.77405,22.34853],[120.77518,22.34935],[120.7758,22.34874],[120.7793,22.34782],[120.78106,22.34637],[120.78472,22.34578],[120.78639,22.34224],[120.78847,22.34157],[120.7897,22.33764],[120.79247,22.33562],[120.79282,22.33375],[120.79251,22.3284],[120.79346,22.32506],[120.79341,22.32364],[120.7951,22.32257],[120.79532,22.32102],[120.79655,22.31941],[120.79659,22.31717],[120.79422,22.31468],[120.79269,22.31215],[120.78995,22.31107],[120.78713,22.30921],[120.7832,22.30946],[120.77815,22.3085],[120.77779,22.30537],[120.77683,22.30258],[120.77774,22.29797],[120.78083,22.29495],[120.78191,22.29449],[120.78691,22.29434],[120.7899,22.29331],[120.79113,22.29065],[120.79098,22.28841],[120.79258,22.287],[120.79321,22.28579],[120.79602,22.28515],[120.79919,22.2854],[120.80069,22.28425],[120.80562,22.28394],[120.80606,22.28237],[120.80586,22.28118],[120.80645,22.28036],[120.80721,22.28019],[120.80677,22.27716],[120.80487,22.27678],[120.80426,22.27735],[120.80305,22.27699],[120.80059,22.27735],[120.79806,22.27638],[120.79798,22.27385],[120.79629,22.26992],[120.79654,22.26714],[120.7996,22.26499],[120.79857,22.26357],[120.79883,22.25987],[120.79789,22.25794],[120.79851,22.25751],[120.80008,22.25728],[120.80613,22.25978],[120.80802,22.25936],[120.80939,22.26069],[120.81275,22.26217],[120.81391,22.26187],[120.8154,22.26322],[120.81769,22.26143],[120.81865,22.2612],[120.82225,22.25806],[120.82591,22.25665],[120.8315,22.25006],[120.83254,22.24725],[120.83462,22.24537],[120.83629,22.24538],[120.83808,22.24403],[120.83961,22.24363],[120.84019,22.24429],[120.8414,22.24456],[120.84261,22.24336],[120.84465,22.24286],[120.84642,22.24353],[120.85084,22.24366],[120.85427,22.24243],[120.85546,22.2415],[120.85867,22.24082],[120.859,22.23863],[120.86253,22.23674],[120.8643,22.23429],[120.86212,22.23075],[120.86386,22.23114],[120.86643,22.22982],[120.86745,22.23001],[120.86867,22.23128],[120.87084,22.23139],[120.87164,22.23204],[120.87153,22.23301],[120.87396,22.23359],[120.87473,22.23425],[120.87596,22.2342],[120.87653,22.23485],[120.87909,22.23522],[120.88062,22.2347],[120.88418,22.24071],[120.88592,22.24199],[120.89138,22.2443],[120.89205,22.24545],[120.89629,22.24643],[120.896,22.25268],[120.89447,22.26076],[120.89527,22.26251],[120.89477,22.26481],[120.89331,22.26586],[120.89308,22.26655],[120.89166,22.28296],[120.89167,22.30375],[120.89219,22.31401],[120.8926,22.31463],[120.89243,22.31809],[120.89367,22.32778],[120.89524,22.33572],[120.89579,22.33685],[120.8966,22.33733],[120.89865,22.34372],[120.90261,22.35255],[120.90429,22.355],[120.90781,22.35777],[120.90883,22.3592],[120.91197,22.37461],[120.91487,22.38492],[120.91879,22.39277],[120.92113,22.39614],[120.9252,22.40897],[120.92885,22.41718],[120.9316,22.42044],[120.9331,22.42321],[120.94115,22.44515],[120.9464,22.45688],[120.95059,22.47333],[120.95443,22.48503],[120.9555,22.49165],[120.95885,22.50112],[120.95936,22.50476],[120.96822,22.52645],[120.97457,22.54677],[120.97785,22.55572],[120.98168,22.56369],[120.98561,22.56946],[120.99003,22.57326],[120.9985,22.57853],[121.0072,22.58618],[121.00916,22.58896],[121.01026,22.59579],[121.0103,22.59944],[121.01125,22.60499],[121.0126,22.61951],[121.01719,22.63568],[121.023,22.65075],[121.02588,22.65607],[121.0292,22.66088],[121.03474,22.66704],[121.03775,22.66935],[121.04288,22.67192],[121.04805,22.67321],[121.05536,22.6761],[121.05957,22.67935],[121.06424,22.68201],[121.06491,22.68342],[121.06567,22.68364],[121.07082,22.68861],[121.07311,22.69175],[121.07756,22.69568],[121.08136,22.6982],[121.09318,22.70371],[121.09703,22.70481],[121.10152,22.70531],[121.10967,22.70941],[121.11762,22.71413],[121.12059,22.71476],[121.12369,22.71625],[121.12811,22.71936],[121.13726,22.72941],[121.13959,22.73132],[121.14186,22.73185],[121.14509,22.73445],[121.14793,22.73825],[121.15678,22.74732],[121.16091,22.74968],[121.16599,22.75117],[121.17249,22.75517],[121.17619,22.7588],[121.17867,22.76456],[121.17987,22.76926],[121.18031,22.77827],[121.1814,22.7829],[121.18741,22.79041],[121.19159,22.79077],[121.19308,22.78988],[121.1949,22.79029],[121.19519,22.79179],[121.19614,22.79231],[121.196,22.79263],[121.19717,22.79193],[121.19676,22.79258],[121.19846,22.79341],[121.19819,22.79474],[121.19999,22.79458],[121.20054,22.79579],[121.20103,22.79585],[121.20089,22.79877],[121.19987,22.80062],[121.19963,22.80439],[121.19687,22.81098],[121.19753,22.81223],[121.19646,22.81269],[121.19653,22.81321],[121.19736,22.81282],[121.19694,22.81399],[121.19813,22.81481],[121.19716,22.81466],[121.1977,22.81566],[121.19674,22.81566],[121.19652,22.81625],[121.19411,22.81767],[121.19362,22.81845],[121.19357,22.8213],[121.19182,22.82292],[121.1924,22.82557],[121.19055,22.82727],[121.18824,22.82826],[121.18684,22.83081],[121.18672,22.83263],[121.18625,22.8329],[121.1867,22.8337],[121.18615,22.8336],[121.18628,22.83411],[121.18802,22.83532],[121.18884,22.83788],[121.18999,22.84303],[121.19006,22.84423],[121.18926,22.84556],[121.18958,22.84694],[121.19114,22.84845],[121.1922,22.85057],[121.19732,22.85409],[121.19879,22.85672],[121.20014,22.85734],[121.20139,22.8571],[121.20473,22.8599],[121.20446,22.86022],[121.20641,22.86099],[121.20904,22.86309],[121.21463,22.86392],[121.21745,22.86486],[121.21998,22.86492],[121.22469,22.86717],[121.23209,22.86413],[121.23335,22.86449],[121.23617,22.86799],[121.2351,22.8696],[121.23524,22.87097],[121.23615,22.87364],[121.23697,22.87438],[121.2375,22.87633],[121.23891,22.87848],[121.23979,22.87952],[121.2412,22.88016],[121.24554,22.88066],[121.24731,22.88146],[121.25096,22.88608],[121.25558,22.89517],[121.25915,22.89828],[121.25961,22.90105],[121.26039,22.9014],[121.26039,22.90263],[121.26169,22.90454],[121.2622,22.90645],[121.26374,22.90805],[121.26582,22.90899],[121.26942,22.91187],[121.27283,22.91783],[121.27573,22.92678],[121.27887,22.93141],[121.27874,22.93426],[121.27986,22.93938],[121.28303,22.94788],[121.28427,22.94958],[121.28525,22.94958],[121.28586,22.95015],[121.2871,22.9496],[121.28661,22.94884],[121.28784,22.94942],[121.28798,22.95044],[121.28724,22.94985],[121.28665,22.95035],[121.28666,22.95184],[121.28744,22.95285],[121.28947,22.95364],[121.29141,22.95547],[121.2931,22.95514],[121.29369,22.95439],[121.29335,22.95364],[121.29518,22.95452],[121.29597,22.95674],[121.29965,22.95974],[121.30845,22.97093],[121.30935,22.97125],[121.31081,22.97291],[121.31111,22.97375],[121.31079,22.97394],[121.3114,22.97489],[121.31368,22.9768],[121.31649,22.98124],[121.32067,22.98969],[121.32346,22.99328],[121.32376,22.99389],[121.32161,22.99715],[121.32203,23.00208],[121.32279,23.00306],[121.32323,23.00485],[121.32532,23.00468],[121.32732,23.00711],[121.32834,23.00924],[121.32743,23.00966],[121.32821,23.01125],[121.32873,23.0152],[121.32944,23.0162],[121.33091,23.01722],[121.33456,23.01836],[121.33719,23.02011],[121.33689,23.02089],[121.33515,23.02182],[121.33504,23.02293],[121.33661,23.02522],[121.33916,23.02591],[121.33951,23.02872],[121.33824,23.02926],[121.33853,23.0333],[121.33948,23.03498],[121.33952,23.03705],[121.34164,23.04244],[121.3433,23.04365],[121.34412,23.04638],[121.34366,23.04661],[121.34371,23.04833],[121.34455,23.05003],[121.34588,23.05111],[121.34651,23.05893],[121.34813,23.06463],[121.34933,23.0667],[121.35268,23.07024],[121.35284,23.07134],[121.35415,23.07143],[121.35671,23.07377],[121.35508,23.07966],[121.35802,23.08255],[121.35784,23.08541],[121.35953,23.08892],[121.36302,23.09349],[121.36614,23.09617],[121.3673,23.09653],[121.36974,23.09583],[121.37507,23.09652],[121.37595,23.09594],[121.38294,23.09549],[121.38465,23.09678],[121.38503,23.09761],[121.38429,23.09852],[121.38531,23.10087],[121.38646,23.10215],[121.38707,23.10173],[121.38762,23.10231],[121.38793,23.10402],[121.38726,23.10416],[121.38774,23.10435],[121.38741,23.1056],[121.38792,23.10532],[121.38862,23.10572],[121.39161,23.10828],[121.39516,23.11343],[121.39752,23.11457],[121.39925,23.1138],[121.40182,23.11351],[121.40702,23.11589],[121.4085,23.11827],[121.41247,23.12236],[121.41152,23.12281],[121.41201,23.12306],[121.41167,23.12329],[121.4131,23.12367],[121.41409,23.12274],[121.41545,23.12338],[121.41849,23.12269],[121.42161,23.12446],[121.42415,23.12491],[121.42459,23.12566],[121.42473,23.12645],[121.42402,23.12745],[121.42315,23.12776],[121.42089,23.12685],[121.41635,23.12677],[121.41368,23.12409],[121.41115,23.12398],[121.4099,23.12447],[121.41,23.12477],[121.40978,23.12451],[121.40648,23.12565],[121.40418,23.12722],[121.40296,23.12874],[121.40261,23.13035],[121.3998,23.13512],[121.39987,23.13788],[121.40098,23.14201],[121.40109,23.14605],[121.4008,23.14686],[121.39997,23.14699],[121.39944,23.14898],[121.40038,23.15069],[121.40164,23.15109],[121.40252,23.15085],[121.40308,23.1513],[121.405,23.15411],[121.4052,23.1561],[121.40759,23.16228],[121.40775,23.16684],[121.40682,23.17028],[121.40503,23.17123],[121.40386,23.17107],[121.40294,23.17182],[121.4027,23.17422],[121.40394,23.17649],[121.40389,23.17809],[121.40268,23.18],[121.39995,23.18218],[121.39872,23.18455],[121.3978,23.18842],[121.39748,23.19286],[121.39646,23.19588],[121.3962,23.20112],[121.39702,23.20512],[121.3983,23.20817],[121.40018,23.20872],[121.40182,23.21122],[121.40326,23.21247],[121.40514,23.21313],[121.4079,23.21285],[121.40805,23.2134],[121.40884,23.21307],[121.40932,23.21402],[121.40978,23.21347]]],[[[121.50489,22.08473],[121.50224,22.08401],[121.50094,22.08294],[121.49934,22.08053],[121.49993,22.07927],[121.50318,22.07734],[121.50367,22.07591],[121.50872,22.07018],[121.51002,22.06767],[121.51069,22.06332],[121.50918,22.06099],[121.50879,22.05934],[121.5072,22.05915],[121.50683,22.05707],[121.50859,22.05688],[121.51083,22.04957],[121.51038,22.04854],[121.5089,22.04767],[121.50865,22.04643],[121.51067,22.04748],[121.51201,22.04744],[121.5152,22.04688],[121.51718,22.04577],[121.5175,22.04402],[121.52008,22.04135],[121.52091,22.03871],[121.52398,22.03918],[121.52492,22.03854],[121.52738,22.03442],[121.53809,22.02453],[121.54223,22.02473],[121.54356,22.02571],[121.54534,22.02533],[121.5477,22.02595],[121.551,22.0246],[121.55298,22.02436],[121.55342,22.02305],[121.55769,22.02115],[121.56303,22.01655],[121.56546,22.01395],[121.56697,22.01098],[121.56939,22.00876],[121.57027,22.00218],[121.57134,22.00357],[121.57644,22.0029],[121.57816,22.00324],[121.57961,22.00397],[121.57971,22.00497],[121.58214,22.00436],[121.58098,22.00382],[121.58522,22.00069],[121.58746,21.99978],[121.59079,22.00016],[121.59308,22.00181],[121.59786,22.00935],[121.59859,22.01193],[121.60209,22.01517],[121.60277,22.01718],[121.6027,22.01983],[121.59789,22.02412],[121.59672,22.02449],[121.59673,22.02512],[121.59502,22.02537],[121.59103,22.0278],[121.58826,22.02838],[121.57867,22.03243],[121.57053,22.03894],[121.56731,22.03951],[121.56804,22.04085],[121.56618,22.04149],[121.56616,22.04188],[121.56724,22.04245],[121.56595,22.04435],[121.56508,22.0475],[121.56407,22.04871],[121.56386,22.05405],[121.56543,22.05532],[121.56692,22.05757],[121.57098,22.05971],[121.57277,22.0599],[121.57608,22.05939],[121.57088,22.06473],[121.57011,22.07012],[121.56782,22.07318],[121.56782,22.07547],[121.57044,22.08072],[121.56963,22.08291],[121.56804,22.08401],[121.56646,22.08431],[121.56429,22.08341],[121.55995,22.08037],[121.55812,22.08046],[121.55577,22.08213],[121.55205,22.08264],[121.54425,22.08261],[121.53707,22.08147],[121.53293,22.08175],[121.53027,22.08109],[121.52891,22.07965],[121.52556,22.08108],[121.51252,22.08051],[121.5085,22.08234],[121.50605,22.08475],[121.50489,22.08473]]],[[[121.49154,22.67746],[121.49174,22.67891],[121.48998,22.67699],[121.48473,22.67731],[121.47984,22.67408],[121.47276,22.67495],[121.46965,22.67632],[121.46723,22.6759],[121.46602,22.67647],[121.46433,22.67332],[121.46467,22.67148],[121.46904,22.66696],[121.47296,22.6612],[121.47531,22.65871],[121.47455,22.65352],[121.47484,22.65141],[121.4735,22.64648],[121.48048,22.64544],[121.48593,22.64399],[121.48881,22.64262],[121.48881,22.6418],[121.49343,22.6384],[121.49393,22.63452],[121.49522,22.63249],[121.49828,22.63201],[121.49877,22.63236],[121.49875,22.63307],[121.49799,22.63411],[121.49967,22.63508],[121.50131,22.63494],[121.50271,22.6341],[121.50558,22.63424],[121.50623,22.63259],[121.50671,22.63295],[121.50636,22.63434],[121.50774,22.6346],[121.505,22.6357],[121.50463,22.63827],[121.50213,22.64141],[121.50206,22.64389],[121.49971,22.64517],[121.49953,22.6459],[121.50124,22.65101],[121.50219,22.6522],[121.5056,22.65149],[121.506,22.65171],[121.50587,22.65276],[121.50877,22.65384],[121.50888,22.65453],[121.50717,22.65589],[121.50691,22.65717],[121.50783,22.65951],[121.50876,22.66022],[121.50905,22.66485],[121.5104,22.66686],[121.51055,22.66906],[121.51117,22.6693],[121.51116,22.66973],[121.50969,22.67044],[121.50929,22.67147],[121.50916,22.67387],[121.51,22.67707],[121.50954,22.67791],[121.50706,22.67864],[121.50476,22.67697],[121.501,22.67587],[121.49719,22.67593],[121.49603,22.67646],[121.49553,22.67571],[121.49347,22.67509],[121.49154,22.67746]]],[[[121.61133,21.94277],[121.6164,21.94505],[121.61596,21.94567],[121.61637,21.94683],[121.61572,21.95012],[121.6162,21.9523],[121.61483,21.95304],[121.61492,21.95468],[121.61426,21.95506],[121.61294,21.95502],[121.61013,21.95352],[121.6066,21.95257],[121.60445,21.95243],[121.60353,21.95157],[121.60417,21.95003],[121.60613,21.94804],[121.60695,21.9443],[121.60767,21.94296],[121.61052,21.94251],[121.61133,21.94277]]],[[[121.56665,22.08589],[121.56855,22.08753],[121.56762,22.08785],[121.56642,22.08617],[121.56665,22.08589]]],[[[121.51203,22.68041],[121.51196,22.68146],[121.51131,22.68171],[121.51144,22.68081],[121.51203,22.68041]]],[[[121.58114,22.07851],[121.58069,22.07901],[121.57981,22.0788],[121.58114,22.07851]]],[[[121.57845,22.07949],[121.57875,22.07987],[121.57789,22.08027],[121.57845,22.07949]]],[[[121.56994,22.0862],[121.57033,22.08638],[121.5702,22.0871],[121.56994,22.0862]]],[[[121.57698,22.07816],[121.57713,22.07873],[121.57675,22.07876],[121.57698,22.07816]]]]}},{"type":"Feature","properties":{"county":"屏東縣"},"geometry":{"type":"MultiPolygon","coordinates":[[[[120.53334,22.40064],[120.54959,22.39244],[120.56035,22.38607],[120.57075,22.3794],[120.57123,22.37805],[120.57417,22.376],[120.57642,22.37518],[120.58006,22.37229],[120.58557,22.36939],[120.58936,22.36637],[120.59131,22.3643],[120.59016,22.36332],[120.59225,22.3621],[120.59894,22.35575],[120.59977,22.35323],[120.60195,22.34961],[120.60511,22.34268],[120.60564,22.34021],[120.60657,22.33936],[120.60727,22.33936],[120.61043,22.33606],[120.62211,22.32692],[120.6305,22.31922],[120.63585,22.31323],[120.63755,22.30901],[120.6404,22.30578],[120.64274,22.30162],[120.64312,22.2942],[120.64271,22.29107],[120.64389,22.29],[120.64412,22.28756],[120.648,22.28007],[120.64894,22.27548],[120.65067,22.27167],[120.65087,22.27079],[120.65045,22.27049],[120.65098,22.27052],[120.65176,22.26906],[120.6515,22.26876],[120.6521,22.26824],[120.65209,22.26567],[120.65056,22.26233],[120.64928,22.25575],[120.6504,22.25179],[120.65095,22.25126],[120.65281,22.251],[120.65791,22.2471],[120.65792,22.24286],[120.66403,22.23928],[120.666,22.23933],[120.66771,22.23648],[120.67013,22.23537],[120.67048,22.23443],[120.67188,22.23342],[120.67291,22.23033],[120.67381,22.2292],[120.67314,22.2289],[120.67224,22.2272],[120.67276,22.22482],[120.67399,22.2232],[120.67675,22.22274],[120.67686,22.22161],[120.67833,22.21865],[120.6804,22.21682],[120.68037,22.21524],[120.68217,22.21439],[120.68486,22.21027],[120.68569,22.20633],[120.68578,22.20321],[120.68424,22.20038],[120.68402,22.19697],[120.68554,22.19251],[120.68967,22.18658],[120.68998,22.18361],[120.69105,22.18141],[120.69157,22.17763],[120.69104,22.17655],[120.69109,22.17509],[120.69321,22.17355],[120.69381,22.17248],[120.69415,22.16933],[120.6937,22.16793],[120.69547,22.16645],[120.69602,22.15967],[120.69473,22.15852],[120.69459,22.15739],[120.69608,22.1542],[120.69816,22.15236],[120.69994,22.14832],[120.69974,22.1469],[120.698,22.14378],[120.69758,22.14047],[120.69803,22.13817],[120.69849,22.13682],[120.70206,22.13328],[120.70232,22.12984],[120.70442,22.1273],[120.70659,22.126],[120.70905,22.12275],[120.70947,22.11947],[120.71058,22.11726],[120.71055,22.11668],[120.70983,22.11686],[120.70969,22.11591],[120.71139,22.11437],[120.71179,22.11462],[120.7131,22.11147],[120.7125,22.10834],[120.71516,22.1065],[120.71586,22.10483],[120.71543,22.10219],[120.71594,22.10183],[120.71564,22.10064],[120.71614,22.10037],[120.71561,22.09887],[120.71563,22.09688],[120.71685,22.09325],[120.71538,22.09163],[120.71432,22.09196],[120.71533,22.09156],[120.71452,22.09078],[120.71272,22.09084],[120.70767,22.08793],[120.70131,22.08614],[120.6993,22.08279],[120.70064,22.08011],[120.70334,22.07832],[120.70573,22.07074],[120.70483,22.06785],[120.70596,22.0609],[120.70527,22.05751],[120.70448,22.05604],[120.70223,22.05551],[120.69925,22.05607],[120.69757,22.05499],[120.69441,22.04826],[120.69543,22.04594],[120.6955,22.04452],[120.69468,22.04333],[120.69488,22.04288],[120.69644,22.04307],[120.69702,22.04227],[120.69689,22.04094],[120.69616,22.04061],[120.6954,22.04188],[120.69454,22.04119],[120.69385,22.04153],[120.69348,22.03983],[120.68953,22.03603],[120.68714,22.03277],[120.68512,22.02541],[120.68478,22.02562],[120.68893,22.01564],[120.69092,22.01295],[120.69319,22.00759],[120.69383,22.00259],[120.70069,21.996],[120.70469,21.99469],[120.70559,21.99355],[120.70694,21.9875],[120.70795,21.98653],[120.71006,21.98564],[120.71355,21.98061],[120.71415,21.97876],[120.71515,21.97289],[120.71503,21.97114],[120.71152,21.96392],[120.71143,21.95166],[120.70993,21.94148],[120.71058,21.93411],[120.71128,21.93346],[120.71265,21.93331],[120.71633,21.93487],[120.71907,21.93314],[120.71887,21.9284],[120.71861,21.92861],[120.71903,21.92726],[120.72335,21.92147],[120.72681,21.91877],[120.72872,21.91831],[120.73251,21.9191],[120.73401,21.91853],[120.73854,21.91927],[120.73875,21.91974],[120.73962,21.91943],[120.73996,21.92664],[120.74181,21.92736],[120.74338,21.92892],[120.74425,21.93069],[120.74405,21.93221],[120.74536,21.93238],[120.74571,21.93116],[120.74709,21.93181],[120.74612,21.93275],[120.74685,21.93427],[120.74544,21.93834],[120.74517,21.94273],[120.74602,21.94338],[120.74717,21.94189],[120.74847,21.94181],[120.74902,21.945],[120.74828,21.94699],[120.74844,21.94946],[120.75113,21.95085],[120.75267,21.95075],[120.7549,21.95382],[120.7533,21.95367],[120.75316,21.95523],[120.75509,21.95643],[120.75583,21.95568],[120.75597,21.95669],[120.75755,21.95739],[120.75799,21.95636],[120.75855,21.95631],[120.76062,21.95723],[120.76139,21.95887],[120.76468,21.95913],[120.76645,21.95867],[120.76597,21.95821],[120.76634,21.95763],[120.77107,21.95153],[120.77421,21.94989],[120.7776,21.94928],[120.77898,21.94719],[120.78302,21.94354],[120.78472,21.94403],[120.79431,21.94316],[120.79663,21.94218],[120.79801,21.94049],[120.79836,21.93793],[120.79915,21.93741],[120.80179,21.93723],[120.80268,21.93804],[120.80293,21.93984],[120.80422,21.93962],[120.80611,21.93834],[120.80661,21.93698],[120.80822,21.93559],[120.81032,21.93427],[120.81263,21.93354],[120.81675,21.93391],[120.81956,21.935],[120.82222,21.93436],[120.82327,21.93284],[120.82373,21.93105],[120.83022,21.92532],[120.83184,21.9248],[120.83323,21.92245],[120.83448,21.9187],[120.83625,21.91652],[120.84049,21.91508],[120.84563,21.91442],[120.84613,21.91369],[120.84596,21.90603],[120.84661,21.90291],[120.8479,21.89994],[120.85114,21.89636],[120.85325,21.89562],[120.8586,21.8956],[120.86492,21.89817],[120.86689,21.90055],[120.86713,21.90273],[120.86334,21.9056],[120.86202,21.90895],[120.86292,21.91377],[120.86259,21.91756],[120.86201,21.9189],[120.86113,21.91929],[120.85901,21.92185],[120.85778,21.92467],[120.85425,21.92945],[120.84892,21.93381],[120.84874,21.93603],[120.84757,21.93861],[120.84549,21.9413],[120.84483,21.94371],[120.84276,21.94772],[120.84233,21.95132],[120.84295,21.95424],[120.8414,21.95648],[120.84148,21.95862],[120.84485,21.97032],[120.84452,21.9738],[120.84548,21.97636],[120.84523,21.97803],[120.84422,21.9788],[120.84417,21.98025],[120.84669,21.98715],[120.85159,21.98905],[120.8558,21.98896],[120.86159,21.99082],[120.86728,21.99496],[120.87579,21.99885],[120.87824,22.00285],[120.87929,22.00573],[120.87823,22.01071],[120.88373,22.01325],[120.88708,22.01645],[120.88715,22.02038],[120.88841,22.02258],[120.88923,22.02576],[120.89523,22.03007],[120.90015,22.0326],[120.90106,22.03324],[120.90125,22.03414],[120.8997,22.03642],[120.90013,22.03687],[120.89931,22.03692],[120.89862,22.03808],[120.89848,22.03869],[120.89969,22.03921],[120.89824,22.03916],[120.8953,22.04651],[120.89392,22.04836],[120.8936,22.05231],[120.89418,22.05598],[120.89296,22.06798],[120.89356,22.07974],[120.89404,22.08087],[120.89374,22.08336],[120.89408,22.08861],[120.89914,22.09443],[120.89848,22.09461],[120.89822,22.0981],[120.8988,22.10099],[120.90005,22.10346],[120.90049,22.10339],[120.90042,22.10398],[120.90185,22.10428],[120.90204,22.1053],[120.9013,22.10553],[120.90084,22.10497],[120.90067,22.1059],[120.89246,22.10974],[120.89263,22.11024],[120.89171,22.11152],[120.89171,22.11322],[120.89125,22.11391],[120.89066,22.11351],[120.89086,22.11436],[120.8904,22.11464],[120.89071,22.11489],[120.88911,22.11888],[120.8883,22.11981],[120.88845,22.12206],[120.8875,22.12268],[120.88662,22.12805],[120.88663,22.12859],[120.88718,22.12875],[120.88667,22.12973],[120.88786,22.1333],[120.89106,22.13464],[120.89579,22.13978],[120.89656,22.14077],[120.89708,22.14343],[120.89704,22.14405],[120.89507,22.14622],[120.89256,22.15032],[120.89397,22.15578],[120.89342,22.16041],[120.89209,22.16244],[120.8938,22.16846],[120.89357,22.16996],[120.89423,22.17256],[120.89357,22.17542],[120.89395,22.17771],[120.89297,22.17917],[120.89228,22.18148],[120.89194,22.18408],[120.89237,22.18542],[120.89112,22.19034],[120.8907,22.19533],[120.89185,22.19699],[120.89364,22.19796],[120.89641,22.20349],[120.89608,22.20462],[120.89661,22.20561],[120.89596,22.20593],[120.8942,22.21646],[120.89417,22.2206],[120.89475,22.22175],[120.8947,22.2237],[120.89649,22.22848],[120.89892,22.22984],[120.89913,22.23037],[120.89848,22.2317],[120.89927,22.23404],[120.89703,22.2416],[120.89629,22.24643],[120.89205,22.24545],[120.89138,22.2443],[120.88592,22.24199],[120.88418,22.24071],[120.88062,22.2347],[120.87909,22.23522],[120.87653,22.23485],[120.87596,22.2342],[120.87473,22.23425],[120.87396,22.23359],[120.87153,22.23301],[120.87164,22.23204],[120.87084,22.23139],[120.86848,22.23121],[120.86762,22.23014],[120.86668,22.22981],[120.86386,22.23114],[120.86219,22.23068],[120.8643,22.23429],[120.86253,22.23674],[120.859,22.23863],[120.85883,22.24071],[120.85546,22.2415],[120.85427,22.24243],[120.85084,22.24366],[120.84642,22.24353],[120.84465,22.24286],[120.84261,22.24336],[120.8414,22.24456],[120.84019,22.24429],[120.83961,22.24363],[120.83808,22.24403],[120.83629,22.24538],[120.83462,22.24537],[120.83254,22.24725],[120.8315,22.25006],[120.82591,22.25665],[120.82225,22.25806],[120.81865,22.2612],[120.81769,22.26143],[120.8154,22.26322],[120.81391,22.26187],[120.81275,22.26217],[120.80939,22.26069],[120.80802,22.25936],[120.80613,22.25978],[120.79906,22.25716],[120.79789,22.25794],[120.79883,22.25987],[120.79862,22.26384],[120.79958,22.2651],[120.79654,22.26714],[120.79629,22.26992],[120.79798,22.27385],[120.79806,22.27638],[120.80059,22.27735],[120.80305,22.27699],[120.80426,22.27735],[120.80487,22.27678],[120.80677,22.27716],[120.80721,22.28019],[120.80645,22.28036],[120.80586,22.28118],[120.80606,22.28237],[120.80562,22.28394],[120.80069,22.28425],[120.79919,22.2854],[120.79602,22.28515],[120.79321,22.28579],[120.79258,22.287],[120.79098,22.28841],[120.79113,22.29065],[120.78977,22.29342],[120.78678,22.29436],[120.78155,22.2946],[120.77774,22.29797],[120.77683,22.30258],[120.77779,22.30537],[120.77815,22.3085],[120.7832,22.30946],[120.78713,22.30921],[120.78995,22.31107],[120.79269,22.31215],[120.79422,22.31468],[120.79659,22.31717],[120.79655,22.31941],[120.79532,22.32102],[120.7951,22.32257],[120.79341,22.32364],[120.79346,22.32506],[120.79251,22.3284],[120.79282,22.33375],[120.79247,22.33562],[120.7897,22.33764],[120.78847,22.34157],[120.78639,22.34224],[120.78472,22.34578],[120.78106,22.34637],[120.7793,22.34782],[120.7758,22.34874],[120.77518,22.34935],[120.77405,22.34853],[120.77167,22.34863],[120.76951,22.34748],[120.76726,22.34761],[120.76526,22.3495],[120.76338,22.35278],[120.76282,22.35669],[120.76298,22.35915],[120.761,22.36042],[120.7581,22.35942],[120.75554,22.3604],[120.75267,22.36039],[120.74346,22.36726],[120.74449,22.36982],[120.74752,22.3714],[120.74878,22.37325],[120.74913,22.37569],[120.74862,22.38038],[120.7505,22.38409],[120.75235,22.38582],[120.75456,22.38663],[120.75648,22.38838],[120.75214,22.39267],[120.75228,22.39391],[120.7538,22.39643],[120.7576,22.39818],[120.75536,22.40328],[120.75342,22.40506],[120.75812,22.4049],[120.76089,22.40648],[120.76321,22.40716],[120.76531,22.40905],[120.76833,22.40862],[120.77058,22.4069],[120.77339,22.40693],[120.77556,22.40965],[120.77702,22.40889],[120.78036,22.40945],[120.7829,22.41121],[120.78344,22.4126],[120.78487,22.41307],[120.78641,22.41468],[120.78693,22.41614],[120.78964,22.41765],[120.78822,22.41944],[120.78687,22.42518],[120.78477,22.42812],[120.78473,22.42914],[120.78229,22.43417],[120.78002,22.43743],[120.77648,22.44044],[120.77513,22.4433],[120.77503,22.44429],[120.77645,22.44894],[120.77611,22.45019],[120.77192,22.45184],[120.7651,22.45306],[120.75914,22.45729],[120.75818,22.45852],[120.75654,22.45742],[120.755,22.45722],[120.75161,22.45841],[120.75105,22.45902],[120.75178,22.46162],[120.75163,22.46421],[120.75286,22.46618],[120.75301,22.46781],[120.75417,22.4694],[120.75457,22.4714],[120.75226,22.47761],[120.75081,22.47915],[120.75746,22.48183],[120.75855,22.48841],[120.76045,22.48853],[120.76368,22.49092],[120.76434,22.49539],[120.7627,22.5011],[120.75887,22.50587],[120.75847,22.50735],[120.75707,22.50888],[120.75363,22.51104],[120.75303,22.51839],[120.75132,22.52197],[120.75166,22.52532],[120.74991,22.52936],[120.75002,22.53402],[120.74833,22.53671],[120.74794,22.53854],[120.74396,22.5431],[120.73948,22.55145],[120.73905,22.55366],[120.73997,22.55842],[120.73969,22.56298],[120.74116,22.56653],[120.74153,22.56867],[120.74794,22.57108],[120.74878,22.5723],[120.74908,22.57863],[120.74667,22.58401],[120.7458,22.58955],[120.74901,22.59395],[120.75226,22.5971],[120.75464,22.60078],[120.75406,22.60855],[120.75287,22.6118],[120.75487,22.61698],[120.75804,22.62309],[120.76124,22.62621],[120.76131,22.63004],[120.76312,22.63114],[120.76424,22.63371],[120.76765,22.63619],[120.76892,22.63885],[120.77198,22.64218],[120.77383,22.64623],[120.77713,22.65047],[120.77978,22.65253],[120.78133,22.65454],[120.78621,22.66254],[120.78622,22.67204],[120.78885,22.67624],[120.79157,22.67918],[120.79132,22.68043],[120.78926,22.68383],[120.78948,22.68649],[120.78748,22.69023],[120.78679,22.69291],[120.78912,22.69329],[120.79191,22.69163],[120.79554,22.69062],[120.79767,22.6891],[120.80802,22.68919],[120.8091,22.68826],[120.81144,22.69204],[120.81633,22.69184],[120.81911,22.69103],[120.81936,22.6927],[120.81886,22.69436],[120.81988,22.6956],[120.82545,22.69571],[120.82702,22.69704],[120.82869,22.69766],[120.8333,22.69664],[120.83679,22.69708],[120.83829,22.69894],[120.8379,22.70143],[120.83967,22.70395],[120.84024,22.70667],[120.84217,22.70686],[120.84336,22.70765],[120.8425,22.70884],[120.84248,22.70984],[120.84452,22.71086],[120.84851,22.71695],[120.85312,22.71695],[120.85488,22.71755],[120.85839,22.71362],[120.86167,22.7167],[120.86719,22.71689],[120.86941,22.7159],[120.87265,22.71702],[120.8759,22.71714],[120.87942,22.71607],[120.88351,22.71707],[120.88728,22.72237],[120.88865,22.72729],[120.89144,22.72938],[120.89239,22.7329],[120.89243,22.73557],[120.89472,22.73759],[120.89564,22.74182],[120.89414,22.74327],[120.89535,22.7482],[120.8941,22.75161],[120.89563,22.75616],[120.89445,22.75914],[120.89497,22.76022],[120.89481,22.76258],[120.89341,22.76365],[120.89196,22.7637],[120.89356,22.76678],[120.90021,22.76922],[120.90115,22.77206],[120.90296,22.7735],[120.90382,22.77558],[120.90324,22.78046],[120.90413,22.78358],[120.90263,22.78664],[120.90169,22.78754],[120.9033,22.79339],[120.90295,22.79549],[120.90365,22.79819],[120.9033,22.79981],[120.90089,22.80427],[120.89932,22.80471],[120.89655,22.80797],[120.89399,22.80876],[120.89119,22.81162],[120.88905,22.81176],[120.88785,22.81263],[120.88113,22.81451],[120.878,22.81377],[120.87716,22.81307],[120.87473,22.81525],[120.87171,22.81479],[120.86863,22.81685],[120.86682,22.81966],[120.8649,22.82507],[120.86197,22.8261],[120.86163,22.82666],[120.86455,22.83217],[120.8654,22.83561],[120.86399,22.83943],[120.86462,22.84302],[120.86316,22.84476],[120.86231,22.84713],[120.85943,22.84924],[120.85993,22.85146],[120.85729,22.85268],[120.8562,22.85513],[120.85451,22.85611],[120.85318,22.85762],[120.84897,22.85329],[120.84835,22.85195],[120.84717,22.85197],[120.84298,22.85421],[120.84122,22.85699],[120.84165,22.85855],[120.84094,22.86038],[120.83725,22.86423],[120.83487,22.86484],[120.83304,22.86627],[120.82904,22.86574],[120.82434,22.86636],[120.82296,22.86572],[120.81909,22.86235],[120.81589,22.86211],[120.81516,22.86166],[120.81384,22.85959],[120.81366,22.85747],[120.80707,22.85487],[120.80108,22.85103],[120.79335,22.85203],[120.7917,22.84837],[120.79299,22.8423],[120.79269,22.84112],[120.7902,22.84015],[120.78584,22.8399],[120.78206,22.83646],[120.77871,22.8352],[120.77441,22.83765],[120.77289,22.8411],[120.77153,22.84187],[120.76991,22.84455],[120.76851,22.8452],[120.76609,22.8486],[120.76416,22.84899],[120.76215,22.85681],[120.75877,22.86093],[120.75656,22.86222],[120.75504,22.86468],[120.75365,22.86524],[120.75191,22.86473],[120.74926,22.86568],[120.74658,22.86779],[120.7462,22.86943],[120.74418,22.87118],[120.74242,22.87374],[120.73747,22.8743],[120.73177,22.87589],[120.72733,22.87875],[120.72502,22.88083],[120.72051,22.882],[120.71651,22.88087],[120.70996,22.88108],[120.70825,22.88165],[120.70454,22.88067],[120.7026,22.87931],[120.70136,22.87648],[120.69737,22.87255],[120.69198,22.86845],[120.69054,22.86487],[120.68622,22.86466],[120.68404,22.86351],[120.67897,22.86287],[120.6781,22.85949],[120.67672,22.85725],[120.67211,22.85635],[120.66988,22.85687],[120.66857,22.85871],[120.66429,22.85881],[120.66048,22.86],[120.65961,22.86146],[120.65865,22.86607],[120.65966,22.87012],[120.65842,22.87434],[120.65805,22.87971],[120.65648,22.88134],[120.65532,22.88161],[120.6525,22.87969],[120.65102,22.87721],[120.64861,22.87705],[120.64793,22.87788],[120.64664,22.88353],[120.64503,22.88518],[120.64044,22.8831],[120.63748,22.88253],[120.63437,22.88075],[120.62785,22.8791],[120.62117,22.87569],[120.61675,22.87681],[120.61509,22.87674],[120.60541,22.87297],[120.59866,22.8674],[120.59481,22.8633],[120.57424,22.84772],[120.56959,22.84316],[120.56669,22.83836],[120.56357,22.83527],[120.56153,22.83382],[120.55802,22.8324],[120.55326,22.8284],[120.54803,22.82843],[120.54406,22.82979],[120.54219,22.82935],[120.53643,22.82927],[120.534,22.83057],[120.531,22.83083],[120.52977,22.8317],[120.53057,22.83298],[120.52465,22.83195],[120.52293,22.83294],[120.5201,22.83236],[120.51994,22.83144],[120.51538,22.83152],[120.50999,22.82851],[120.50894,22.82958],[120.50506,22.83152],[120.49997,22.83125],[120.49769,22.83171],[120.4963,22.83265],[120.49408,22.83667],[120.49274,22.83729],[120.49146,22.83696],[120.49277,22.83569],[120.4908,22.83527],[120.48828,22.8358],[120.48421,22.83555],[120.48213,22.83605],[120.48145,22.83759],[120.48035,22.83773],[120.47881,22.83677],[120.4777,22.83787],[120.47624,22.83819],[120.47404,22.83679],[120.47126,22.83287],[120.46876,22.83067],[120.46919,22.82502],[120.46753,22.82235],[120.46735,22.81548],[120.4655,22.81275],[120.46403,22.80029],[120.45743,22.78539],[120.45596,22.78004],[120.45564,22.77442],[120.45439,22.77203],[120.45378,22.76933],[120.45442,22.76418],[120.45371,22.76086],[120.45402,22.75815],[120.45371,22.75596],[120.45601,22.73029],[120.45606,22.72252],[120.4554,22.71666],[120.45276,22.70405],[120.44883,22.69118],[120.44717,22.68789],[120.44263,22.68456],[120.43966,22.67854],[120.44,22.67304],[120.43788,22.66706],[120.43663,22.66502],[120.43606,22.66134],[120.4362,22.64815],[120.43532,22.63989],[120.43538,22.63377],[120.43591,22.63136],[120.43358,22.62396],[120.43368,22.6176],[120.43461,22.61341],[120.43742,22.60747],[120.43901,22.6058],[120.44273,22.60335],[120.44573,22.59897],[120.44673,22.59356],[120.44703,22.58646],[120.44442,22.57014],[120.442,22.56006],[120.43834,22.55352],[120.43657,22.54756],[120.43269,22.54565],[120.43087,22.54401],[120.42513,22.52847],[120.42436,22.52327],[120.42286,22.51845],[120.42296,22.51188],[120.42366,22.50652],[120.42573,22.49817],[120.42394,22.47995],[120.42443,22.46871],[120.4331,22.46836],[120.43506,22.46448],[120.43471,22.46378],[120.43601,22.45947],[120.43851,22.45936],[120.43973,22.4568],[120.44708,22.44934],[120.45854,22.43936],[120.47593,22.4296],[120.4764,22.42893],[120.49557,22.41982],[120.50545,22.41435],[120.50854,22.41215],[120.51582,22.4111],[120.51755,22.41149],[120.51811,22.41101],[120.51752,22.40898],[120.53334,22.40064]]],[[[120.37964,22.35598],[120.37696,22.35572],[120.37206,22.35319],[120.36742,22.35211],[120.36563,22.35093],[120.36371,22.34819],[120.36111,22.34652],[120.36093,22.34595],[120.36141,22.34564],[120.3611,22.34535],[120.36175,22.34453],[120.36292,22.34408],[120.36259,22.34283],[120.36324,22.34002],[120.36128,22.338],[120.36034,22.33471],[120.35824,22.33277],[120.35487,22.33086],[120.35362,22.32941],[120.35319,22.325],[120.35465,22.32326],[120.35737,22.32222],[120.35894,22.3222],[120.36151,22.32272],[120.36312,22.32358],[120.36737,22.32631],[120.3715,22.33113],[120.37551,22.33358],[120.37675,22.33573],[120.38703,22.34176],[120.38801,22.34273],[120.38889,22.3474],[120.38897,22.34944],[120.38849,22.35068],[120.38425,22.35237],[120.38236,22.35371],[120.38172,22.35494],[120.37964,22.35598]]],[[[120.82646,21.75614],[120.82676,21.75668],[120.82636,21.75692],[120.82608,21.7563],[120.82646,21.75614]]],[[[120.82643,21.75945],[120.82659,21.75995],[120.82618,21.75978],[120.82643,21.75945]]]]}},{"type":"Feature","properties":{"county":"雲林縣"},"geometry":{"type":"MultiPolygon","coordinates":[[[[120.16778,23.75696],[120.16681,23.75559],[120.16581,23.7419],[120.15583,23.71944],[120.15619,23.71546],[120.15271,23.71313],[120.14896,23.70818],[120.14692,23.70675],[120.14638,23.70311],[120.14721,23.70187],[120.14678,23.70074],[120.14559,23.69988],[120.14637,23.69626],[120.14603,23.69271],[120.14104,23.68757],[120.13922,23.68423],[120.13523,23.66714],[120.13232,23.66091],[120.1286,23.65446],[120.12453,23.64404],[120.12215,23.64167],[120.11708,23.63841],[120.11496,23.63623],[120.11444,23.63441],[120.11512,23.63143],[120.11832,23.62663],[120.12354,23.62184],[120.12523,23.62137],[120.12854,23.62194],[120.13121,23.62436],[120.13252,23.62721],[120.13504,23.63551],[120.13576,23.63615],[120.13752,23.63584],[120.13832,23.63178],[120.13725,23.62457],[120.13717,23.62039],[120.1349,23.62033],[120.13483,23.6199],[120.13347,23.6195],[120.13302,23.61569],[120.13581,23.6157],[120.13656,23.61471],[120.13919,23.61471],[120.13996,23.61407],[120.1403,23.60867],[120.13964,23.59849],[120.14007,23.59722],[120.14148,23.60152],[120.14187,23.59818],[120.14459,23.59817],[120.14481,23.59729],[120.14436,23.59414],[120.14152,23.59191],[120.14075,23.58379],[120.14058,23.57349],[120.14137,23.57198],[120.14345,23.57199],[120.14303,23.57062],[120.14311,23.56765],[120.14205,23.56412],[120.1408,23.5623],[120.13767,23.56225],[120.1378,23.56127],[120.14006,23.55881],[120.14037,23.55716],[120.14039,23.55433],[120.13942,23.54951],[120.14048,23.54914],[120.14133,23.54499],[120.1453,23.5392],[120.14863,23.53689],[120.14913,23.53362],[120.15028,23.53193],[120.14854,23.53046],[120.14837,23.52976],[120.14538,23.52646],[120.14574,23.52614],[120.14513,23.52562],[120.14642,23.52378],[120.14585,23.52082],[120.14931,23.51892],[120.15229,23.51824],[120.15814,23.51592],[120.16456,23.51583],[120.16541,23.51721],[120.16659,23.51723],[120.17241,23.51468],[120.18098,23.50985],[120.18755,23.5106],[120.18993,23.51004],[120.19459,23.5125],[120.19638,23.51235],[120.19674,23.513],[120.20128,23.51244],[120.20099,23.5114],[120.20284,23.51112],[120.20309,23.51205],[120.20627,23.51114],[120.20633,23.51162],[120.20681,23.51158],[120.20667,23.5106],[120.21006,23.50966],[120.21577,23.50691],[120.22305,23.50432],[120.23088,23.50544],[120.2391,23.50769],[120.24478,23.51163],[120.24665,23.51383],[120.24708,23.51527],[120.24405,23.53261],[120.24195,23.53916],[120.24209,23.54154],[120.24336,23.54361],[120.2489,23.54576],[120.25382,23.54642],[120.2561,23.54609],[120.25811,23.54375],[120.26136,23.53634],[120.26345,23.53353],[120.26785,23.53047],[120.27032,23.53022],[120.27191,23.53075],[120.27339,23.53351],[120.27423,23.53762],[120.27636,23.54347],[120.2802,23.54588],[120.2826,23.54603],[120.28623,23.54756],[120.29077,23.55054],[120.28908,23.55837],[120.28926,23.56118],[120.29037,23.56257],[120.29267,23.56396],[120.29536,23.56458],[120.30655,23.56287],[120.31055,23.56445],[120.31024,23.56721],[120.30647,23.57206],[120.30645,23.57358],[120.30744,23.57465],[120.31156,23.57503],[120.31962,23.57238],[120.32402,23.573],[120.327,23.57417],[120.3316,23.57745],[120.33312,23.5792],[120.33361,23.59146],[120.33444,23.59267],[120.33525,23.593],[120.33988,23.59197],[120.34332,23.59192],[120.35463,23.59352],[120.35906,23.59505],[120.36571,23.60247],[120.36651,23.60781],[120.36812,23.60748],[120.36911,23.60856],[120.37114,23.60949],[120.37999,23.61001],[120.38068,23.61172],[120.38338,23.61291],[120.38283,23.61469],[120.38605,23.6207],[120.39241,23.62239],[120.39225,23.62357],[120.3931,23.62422],[120.39448,23.62405],[120.40264,23.62694],[120.40089,23.63215],[120.40147,23.6329],[120.40462,23.63419],[120.40591,23.63362],[120.40641,23.63254],[120.40663,23.62518],[120.4096,23.62524],[120.41298,23.62395],[120.41423,23.62305],[120.41382,23.62241],[120.4158,23.62138],[120.41811,23.62398],[120.41983,23.6251],[120.4207,23.62516],[120.4218,23.61962],[120.42538,23.61801],[120.42668,23.61916],[120.42762,23.61934],[120.43034,23.61847],[120.43154,23.61984],[120.43181,23.62156],[120.43362,23.62287],[120.43597,23.62178],[120.43704,23.62191],[120.43712,23.62356],[120.43535,23.62439],[120.43529,23.62552],[120.43787,23.62653],[120.44113,23.62597],[120.44264,23.62889],[120.4445,23.63053],[120.44699,23.62965],[120.44997,23.62942],[120.45223,23.63075],[120.45303,23.63069],[120.45418,23.62992],[120.45403,23.62946],[120.45337,23.62849],[120.45105,23.62712],[120.45427,23.62631],[120.45848,23.62767],[120.4604,23.62934],[120.46391,23.62943],[120.46614,23.63027],[120.46959,23.63023],[120.47399,23.63107],[120.47635,23.62953],[120.47702,23.62954],[120.47873,23.63278],[120.47926,23.63295],[120.48265,23.63219],[120.48586,23.63063],[120.48787,23.63071],[120.48814,23.63144],[120.48717,23.63416],[120.48755,23.63523],[120.48873,23.6359],[120.4911,23.63483],[120.49321,23.63313],[120.49786,23.63477],[120.50383,23.63523],[120.50613,23.63362],[120.5075,23.63118],[120.50765,23.63023],[120.50649,23.62815],[120.50645,23.62586],[120.5076,23.62405],[120.5077,23.62299],[120.50949,23.6217],[120.51026,23.61933],[120.5124,23.61796],[120.51504,23.61519],[120.51809,23.61046],[120.52773,23.60321],[120.52915,23.60026],[120.53214,23.59884],[120.53305,23.59701],[120.53752,23.59453],[120.54871,23.59373],[120.55192,23.59395],[120.55642,23.5929],[120.55705,23.59233],[120.55699,23.59078],[120.55786,23.58918],[120.56084,23.58859],[120.56309,23.58964],[120.56536,23.58948],[120.56709,23.58774],[120.57071,23.58804],[120.57412,23.58599],[120.57495,23.58468],[120.57636,23.58442],[120.57674,23.58351],[120.5785,23.58336],[120.5803,23.58227],[120.5814,23.58213],[120.58504,23.58298],[120.58592,23.5826],[120.58884,23.5855],[120.58975,23.58572],[120.59109,23.58501],[120.59482,23.5854],[120.596,23.58474],[120.59773,23.5846],[120.60031,23.58313],[120.60551,23.58366],[120.60652,23.58421],[120.6102,23.58262],[120.61289,23.58441],[120.61546,23.58532],[120.619,23.58417],[120.62081,23.58644],[120.62296,23.58801],[120.6232,23.58998],[120.62474,23.59054],[120.63083,23.58995],[120.63678,23.59193],[120.64313,23.59258],[120.64562,23.59353],[120.64912,23.59247],[120.64864,23.59026],[120.64708,23.58748],[120.64739,23.58576],[120.64926,23.5857],[120.6492,23.58345],[120.64726,23.58039],[120.64596,23.57943],[120.64471,23.57945],[120.64348,23.57821],[120.64346,23.57571],[120.64415,23.57529],[120.64549,23.57574],[120.64658,23.57675],[120.64726,23.57669],[120.6493,23.57482],[120.64986,23.57279],[120.6507,23.57245],[120.65671,23.5724],[120.65806,23.57288],[120.66069,23.57629],[120.66569,23.57778],[120.66858,23.57778],[120.66996,23.57878],[120.67134,23.578],[120.67246,23.57656],[120.67332,23.57367],[120.67489,23.57125],[120.67624,23.57071],[120.68207,23.57188],[120.68633,23.57488],[120.68941,23.57521],[120.69134,23.57611],[120.69402,23.5765],[120.70074,23.57608],[120.70466,23.57497],[120.7089,23.57571],[120.70947,23.57467],[120.7095,23.57207],[120.71009,23.57116],[120.71101,23.57083],[120.7126,23.57135],[120.71474,23.57081],[120.71603,23.57108],[120.71657,23.56952],[120.71795,23.56904],[120.7245,23.57189],[120.7279,23.57033],[120.73284,23.571],[120.73616,23.57046],[120.73606,23.57305],[120.73517,23.57503],[120.73216,23.57713],[120.73235,23.57967],[120.73399,23.58421],[120.73234,23.58784],[120.73259,23.58969],[120.7299,23.59364],[120.73271,23.59717],[120.72875,23.59899],[120.72781,23.60138],[120.72455,23.60377],[120.72674,23.60742],[120.72896,23.60877],[120.72956,23.61022],[120.73101,23.61109],[120.7313,23.61437],[120.73059,23.61668],[120.73077,23.61808],[120.72844,23.61965],[120.72681,23.62006],[120.72561,23.62172],[120.72412,23.62177],[120.72309,23.62253],[120.72043,23.62626],[120.71861,23.62989],[120.71605,23.62953],[120.7131,23.62791],[120.71415,23.62281],[120.71407,23.62102],[120.71029,23.61916],[120.70807,23.61851],[120.70688,23.61869],[120.70503,23.61727],[120.70227,23.61739],[120.69955,23.61879],[120.69765,23.61919],[120.6968,23.62001],[120.69132,23.62035],[120.68606,23.61821],[120.68616,23.61734],[120.68538,23.61548],[120.68547,23.61284],[120.68359,23.61087],[120.67778,23.61105],[120.67548,23.61026],[120.66914,23.60934],[120.6679,23.60941],[120.66451,23.61112],[120.6612,23.61047],[120.66004,23.61136],[120.65835,23.61383],[120.6539,23.61568],[120.65142,23.61614],[120.65292,23.62186],[120.65242,23.62275],[120.65254,23.62456],[120.65362,23.62839],[120.653,23.62951],[120.64909,23.62984],[120.64668,23.63101],[120.64514,23.63098],[120.64387,23.62825],[120.64298,23.62816],[120.64093,23.62584],[120.63873,23.62474],[120.63537,23.61985],[120.6337,23.61913],[120.63079,23.62209],[120.6299,23.62744],[120.62871,23.63001],[120.63017,23.63277],[120.63001,23.63387],[120.62908,23.63516],[120.63165,23.63879],[120.63179,23.6402],[120.63347,23.64101],[120.63521,23.64286],[120.63481,23.64701],[120.63635,23.64824],[120.6351,23.64971],[120.63497,23.65157],[120.63692,23.65543],[120.63685,23.65698],[120.63807,23.65824],[120.63929,23.66068],[120.64014,23.66114],[120.64057,23.66438],[120.64138,23.6657],[120.64293,23.66624],[120.64439,23.66761],[120.64416,23.66876],[120.64494,23.67163],[120.64693,23.67271],[120.64697,23.67433],[120.64605,23.67503],[120.64653,23.67587],[120.64605,23.67713],[120.64756,23.67945],[120.64743,23.68008],[120.64802,23.68101],[120.64766,23.68201],[120.64828,23.68286],[120.64625,23.68478],[120.64699,23.68657],[120.64571,23.68721],[120.64593,23.68945],[120.64552,23.69008],[120.6466,23.69174],[120.6466,23.69281],[120.64545,23.69536],[120.6457,23.6959],[120.64341,23.6997],[120.64529,23.70192],[120.64567,23.70321],[120.64309,23.70531],[120.64143,23.70557],[120.64035,23.70697],[120.64043,23.70818],[120.63972,23.70878],[120.6402,23.71],[120.63899,23.71058],[120.64056,23.71319],[120.64071,23.71424],[120.63974,23.7145],[120.64049,23.7153],[120.64018,23.71624],[120.64077,23.71856],[120.64041,23.71939],[120.64168,23.72228],[120.64094,23.72359],[120.64135,23.72453],[120.64021,23.72511],[120.63971,23.72621],[120.64021,23.73072],[120.64207,23.73064],[120.64454,23.73664],[120.6463,23.73557],[120.64786,23.73604],[120.64995,23.73571],[120.6509,23.73617],[120.6546,23.73446],[120.65547,23.73454],[120.65584,23.73512],[120.65447,23.73979],[120.65436,23.74208],[120.65463,23.74831],[120.6559,23.75413],[120.64851,23.77321],[120.64243,23.7817],[120.64037,23.78605],[120.63502,23.78677],[120.63283,23.78902],[120.63024,23.78979],[120.61509,23.79136],[120.59271,23.79104],[120.58696,23.79191],[120.57882,23.79505],[120.57386,23.79626],[120.56029,23.79815],[120.55801,23.79949],[120.55122,23.80113],[120.54592,23.80148],[120.54092,23.80102],[120.53518,23.80127],[120.52793,23.79906],[120.50957,23.80027],[120.49841,23.80361],[120.48317,23.80657],[120.47526,23.80903],[120.45812,23.81612],[120.45209,23.81722],[120.45065,23.81866],[120.44336,23.82266],[120.43953,23.82687],[120.43311,23.83015],[120.42526,23.83025],[120.41791,23.82687],[120.41034,23.82638],[120.3829,23.82856],[120.37032,23.82856],[120.36023,23.82331],[120.35814,23.82281],[120.3524,23.82232],[120.33314,23.82229],[120.3164,23.82006],[120.30813,23.8203],[120.25502,23.83425],[120.24623,23.83954],[120.23785,23.84635],[120.22995,23.85442],[120.22036,23.86622],[120.21925,23.85847],[120.21432,23.85072],[120.21097,23.84918],[120.20521,23.84837],[120.20463,23.84766],[120.20418,23.8456],[120.20452,23.8449],[120.20636,23.84411],[120.2084,23.84192],[120.20835,23.84022],[120.20767,23.83722],[120.20605,23.83428],[120.20151,23.82841],[120.20008,23.82667],[120.19561,23.82308],[120.19294,23.8192],[120.19169,23.81825],[120.18678,23.8164],[120.18255,23.81619],[120.18206,23.81569],[120.18109,23.80979],[120.17802,23.80907],[120.17688,23.80719],[120.17499,23.80582],[120.17043,23.80666],[120.17024,23.80549],[120.17566,23.80443],[120.17507,23.80356],[120.17546,23.80314],[120.16507,23.79443],[120.16016,23.7867],[120.15676,23.78455],[120.16191,23.77971],[120.16289,23.77971],[120.16292,23.77247],[120.16919,23.75893],[120.16778,23.75696]]],[[[120.08108,23.52412],[120.08142,23.52638],[120.08092,23.52629],[120.08003,23.52466],[120.07866,23.52431],[120.07888,23.5228],[120.07765,23.52219],[120.07585,23.52219],[120.07486,23.52101],[120.07327,23.5207],[120.07102,23.51823],[120.06844,23.51751],[120.0669,23.5153],[120.0634,23.51484],[120.06232,23.51238],[120.06055,23.51211],[120.06003,23.51117],[120.05867,23.51069],[120.05799,23.50956],[120.05721,23.50954],[120.05644,23.50873],[120.05514,23.50879],[120.05415,23.50764],[120.05229,23.5071],[120.05211,23.50558],[120.04982,23.50521],[120.0403,23.4989],[120.03787,23.49685],[120.03774,23.49628],[120.0352,23.49563],[120.0325,23.49376],[120.03107,23.49341],[120.03017,23.49218],[120.02769,23.49159],[120.02645,23.49021],[120.02543,23.49016],[120.02499,23.48898],[120.02394,23.48921],[120.02152,23.48689],[120.0173,23.48454],[120.01637,23.48443],[120.01588,23.48331],[120.01492,23.48308],[120.01433,23.48193],[120.0129,23.48214],[120.0125,23.48048],[120.01166,23.47976],[120.01092,23.48004],[120.01017,23.4795],[120.01082,23.47864],[120.0094,23.47856],[120.00912,23.47764],[120.00825,23.4777],[120.00419,23.47421],[120.00174,23.47404],[120.00032,23.47294],[119.99696,23.46539],[120.0041,23.46094],[120.0081,23.45196],[120.01132,23.44933],[120.01203,23.44835],[120.01197,23.44746],[120.01296,23.44666],[120.01281,23.44479],[120.01386,23.44514],[120.01547,23.44382],[120.0142,23.44182],[120.01587,23.43987],[120.01627,23.43992],[120.01667,23.44127],[120.0172,23.44141],[120.01918,23.43628],[120.02032,23.4357],[120.02066,23.4368],[120.02225,23.43852],[120.02091,23.4392],[120.02092,23.44104],[120.02033,23.44203],[120.01847,23.44253],[120.01897,23.44353],[120.0199,23.44361],[120.02008,23.44407],[120.01881,23.44476],[120.01603,23.44809],[120.01578,23.44978],[120.01479,23.4505],[120.01445,23.45279],[120.01238,23.45419],[120.01068,23.45796],[120.00757,23.46106],[120.00757,23.46178],[120.00886,23.46291],[120.00889,23.46386],[120.0105,23.4656],[120.0127,23.46692],[120.0123,23.46783],[120.01593,23.46935],[120.01803,23.46952],[120.01846,23.4688],[120.01964,23.46858],[120.01887,23.46803],[120.01642,23.46783],[120.01617,23.46568],[120.01549,23.4652],[120.01468,23.46231],[120.01524,23.46107],[120.0139,23.45998],[120.01539,23.45892],[120.01765,23.45869],[120.01917,23.45944],[120.02013,23.45871],[120.02211,23.46023],[120.02388,23.45954],[120.02468,23.46074],[120.02456,23.46387],[120.0254,23.46484],[120.02373,23.46519],[120.02348,23.46573],[120.0241,23.46745],[120.02578,23.4686],[120.02302,23.46928],[120.02256,23.46963],[120.02259,23.47046],[120.02383,23.47107],[120.02386,23.47178],[120.02516,23.47189],[120.02591,23.47304],[120.02482,23.47436],[120.02485,23.47525],[120.02557,23.47579],[120.0273,23.47599],[120.02709,23.47785],[120.02851,23.47817],[120.02889,23.47925],[120.02979,23.4796],[120.0336,23.47943],[120.03496,23.47736],[120.0358,23.47753],[120.03546,23.47905],[120.03664,23.47973],[120.03589,23.48048],[120.03627,23.48137],[120.0349,23.48212],[120.03494,23.48301],[120.03701,23.48252],[120.03729,23.48079],[120.03831,23.48039],[120.03775,23.47824],[120.03877,23.47879],[120.03939,23.47832],[120.04094,23.47852],[120.04002,23.48045],[120.04138,23.48128],[120.04241,23.48274],[120.04197,23.4838],[120.04396,23.48431],[120.0448,23.48693],[120.04468,23.48919],[120.04573,23.49031],[120.04465,23.49151],[120.04515,23.49211],[120.04503,23.49357],[120.04658,23.49398],[120.04726,23.49519],[120.04791,23.49357],[120.04961,23.49375],[120.05126,23.493],[120.05144,23.49251],[120.05067,23.49177],[120.04865,23.49197],[120.04815,23.49102],[120.04679,23.49008],[120.04685,23.48939],[120.04573,23.48821],[120.0456,23.48423],[120.04203,23.47993],[120.04268,23.47684],[120.04383,23.47743],[120.04516,23.47726],[120.04596,23.47798],[120.04671,23.47775],[120.04724,23.47869],[120.04847,23.47688],[120.04897,23.47679],[120.04798,23.48021],[120.0495,23.47952],[120.05202,23.48133],[120.0523,23.48394],[120.05357,23.48336],[120.05354,23.48508],[120.05233,23.48557],[120.05354,23.48648],[120.05206,23.48706],[120.05268,23.48795],[120.05432,23.48806],[120.05593,23.48608],[120.05692,23.48571],[120.05683,23.4849],[120.0558,23.48416],[120.05831,23.48269],[120.05788,23.48186],[120.05685,23.48169],[120.05642,23.48109],[120.05353,23.4807],[120.05288,23.47963],[120.05369,23.47894],[120.05493,23.47883],[120.05589,23.47969],[120.05694,23.47886],[120.05883,23.47891],[120.05964,23.47959],[120.06253,23.48048],[120.06259,23.48086],[120.06026,23.48143],[120.06241,23.48269],[120.06377,23.48277],[120.06328,23.484],[120.06387,23.48484],[120.06322,23.4861],[120.06368,23.48656],[120.06461,23.48641],[120.06514,23.48719],[120.06412,23.48762],[120.06279,23.48946],[120.05615,23.49024],[120.05581,23.49142],[120.05402,23.49179],[120.05386,23.49228],[120.05544,23.49251],[120.05727,23.49153],[120.06239,23.49173],[120.06279,23.49204],[120.06202,23.49316],[120.06369,23.49293],[120.0645,23.49445],[120.0654,23.49464],[120.06527,23.49193],[120.06558,23.49155],[120.0667,23.49184],[120.06822,23.49014],[120.06837,23.4908],[120.06927,23.49126],[120.06919,23.4933],[120.07033,23.4939],[120.0721,23.49395],[120.06938,23.49522],[120.07006,23.49631],[120.06975,23.49665],[120.06668,23.49613],[120.06531,23.49637],[120.0664,23.49855],[120.07,23.4987],[120.07096,23.49728],[120.07295,23.49742],[120.07405,23.49829],[120.07402,23.49888],[120.06688,23.5003],[120.06855,23.50125],[120.06861,23.50219],[120.06914,23.50262],[120.0701,23.50283],[120.07057,23.50196],[120.07109,23.50202],[120.07106,23.50319],[120.06991,23.50376],[120.07106,23.50426],[120.07236,23.50196],[120.0741,23.50194],[120.07537,23.50137],[120.07649,23.50212],[120.07767,23.50206],[120.07757,23.50265],[120.07509,23.503],[120.07487,23.50337],[120.07614,23.50535],[120.07704,23.50584],[120.07716,23.5067],[120.0766,23.50733],[120.07929,23.50896],[120.08081,23.50914],[120.08168,23.50839],[120.08249,23.50848],[120.08239,23.51037],[120.08304,23.5108],[120.08214,23.51186],[120.08257,23.51257],[120.08481,23.51152],[120.08741,23.51221],[120.08884,23.51216],[120.08922,23.51153],[120.09015,23.51138],[120.09182,23.5121],[120.09356,23.51064],[120.0958,23.51055],[120.09599,23.51088],[120.09615,23.5116],[120.09496,23.51213],[120.09514,23.51342],[120.09474,23.51428],[120.09523,23.51545],[120.09386,23.51648],[120.09355,23.51789],[120.0923,23.51861],[120.09159,23.51984],[120.08857,23.52032],[120.08792,23.52083],[120.0877,23.52195],[120.08108,23.52412]]],[[[120.1322,23.56304],[120.13304,23.56353],[120.13275,23.56436],[120.13142,23.5631],[120.1308,23.56379],[120.12896,23.56387],[120.12772,23.56327],[120.12638,23.56378],[120.12594,23.5632],[120.12448,23.56292],[120.12436,23.5618],[120.1236,23.56102],[120.1236,23.55956],[120.12191,23.55829],[120.12288,23.55698],[120.12145,23.55611],[120.11576,23.55662],[120.11474,23.5557],[120.11144,23.55535],[120.1112,23.55394],[120.10738,23.55084],[120.10506,23.54797],[120.10451,23.54511],[120.10367,23.54384],[120.10554,23.54264],[120.10573,23.54049],[120.10812,23.53964],[120.10887,23.54029],[120.10917,23.54153],[120.11063,23.54182],[120.1107,23.54222],[120.10964,23.54259],[120.10939,23.54342],[120.10941,23.54502],[120.1101,23.54569],[120.11162,23.54577],[120.11249,23.54649],[120.11355,23.54578],[120.11404,23.54643],[120.11538,23.54603],[120.11506,23.54784],[120.11652,23.54951],[120.1173,23.54893],[120.11823,23.54948],[120.11926,23.549],[120.11985,23.55001],[120.11947,23.55077],[120.12071,23.55219],[120.12301,23.55268],[120.12248,23.55431],[120.12338,23.55437],[120.12388,23.55503],[120.12273,23.55531],[120.12257,23.55629],[120.12366,23.55649],[120.12539,23.55879],[120.12648,23.55865],[120.12767,23.55727],[120.12808,23.55532],[120.12783,23.55331],[120.12905,23.55303],[120.1293,23.55249],[120.12855,23.55194],[120.12986,23.55116],[120.13054,23.55205],[120.13014,23.55263],[120.13063,23.55369],[120.12988,23.55406],[120.12982,23.55504],[120.13168,23.55722],[120.13084,23.55834],[120.13071,23.55954],[120.13149,23.55971],[120.13214,23.55918],[120.13242,23.55952],[120.13077,23.56043],[120.13058,23.56175],[120.1322,23.56304]]],[[[120.09942,23.54165],[120.09852,23.54205],[120.09778,23.54061],[120.09638,23.54127],[120.09685,23.53927],[120.09484,23.53603],[120.09264,23.53402],[120.09221,23.53181],[120.09115,23.5312],[120.0919,23.52935],[120.09091,23.5292],[120.09113,23.52777],[120.09166,23.52732],[120.09225,23.52783],[120.09299,23.52768],[120.09278,23.527],[120.09353,23.52563],[120.09499,23.52448],[120.09593,23.52184],[120.09655,23.52142],[120.0976,23.52142],[120.09807,23.52277],[120.09853,23.52265],[120.09897,23.52322],[120.09825,23.52434],[120.09887,23.52551],[120.09818,23.52609],[120.09942,23.52721],[120.09883,23.52839],[120.09988,23.52945],[120.10184,23.52962],[120.10361,23.52919],[120.1042,23.52827],[120.10554,23.52828],[120.10728,23.52745],[120.1089,23.52782],[120.10995,23.52722],[120.11029,23.52811],[120.10936,23.52871],[120.10933,23.5292],[120.11163,23.52961],[120.11066,23.53003],[120.11051,23.53069],[120.10898,23.53058],[120.10858,23.53198],[120.1069,23.53209],[120.10379,23.53137],[120.10308,23.53165],[120.1055,23.53404],[120.10714,23.53292],[120.10801,23.53398],[120.10705,23.5343],[120.10645,23.5353],[120.10527,23.53602],[120.10524,23.53676],[120.10424,23.53719],[120.10365,23.53862],[120.10281,23.53857],[120.10188,23.54074],[120.09942,23.54165]]],[[[120.13242,23.54673],[120.13198,23.54819],[120.13046,23.54819],[120.12921,23.54703],[120.13021,23.54643],[120.1295,23.54411],[120.12847,23.54376],[120.12769,23.54442],[120.12611,23.54416],[120.12642,23.54307],[120.12869,23.54293],[120.12677,23.54141],[120.12711,23.54032],[120.12665,23.53958],[120.12845,23.53934],[120.12898,23.53844],[120.12877,23.538],[120.12721,23.53788],[120.12675,23.53693],[120.12781,23.53599],[120.12681,23.53585],[120.1261,23.53487],[120.127,23.53453],[120.12722,23.53393],[120.12666,23.53212],[120.12564,23.53118],[120.12664,23.53095],[120.1271,23.53017],[120.13258,23.53032],[120.12965,23.53095],[120.12903,23.53178],[120.1275,23.53238],[120.1275,23.53284],[120.12806,23.53321],[120.12924,23.53252],[120.12996,23.5329],[120.13011,23.53385],[120.13074,23.53324],[120.13201,23.53416],[120.1325,23.53591],[120.13413,23.53694],[120.13428,23.53924],[120.13592,23.54065],[120.13598,23.54186],[120.13694,23.54292],[120.13675,23.54342],[120.13474,23.54367],[120.13454,23.54591],[120.13386,23.54648],[120.1338,23.54761],[120.13242,23.54673]]],[[[120.1301,23.56892],[120.13181,23.57125],[120.13196,23.57291],[120.13252,23.57372],[120.13235,23.57896],[120.13058,23.57801],[120.13033,23.57666],[120.12835,23.57497],[120.12838,23.57394],[120.12729,23.57342],[120.12913,23.57173],[120.1301,23.56892]]]]}},{"type":"Feature","properties":{"county":"彰化縣"},"geometry":{"type":"MultiPolygon","coordinates":[[[[120.62483,23.87707],[120.62672,23.8795],[120.62636,23.87993],[120.62746,23.88351],[120.6282,23.88345],[120.62959,23.88462],[120.62895,23.88587],[120.62957,23.88671],[120.62916,23.88791],[120.62942,23.8891],[120.62736,23.88965],[120.62952,23.88942],[120.63047,23.88981],[120.63212,23.88943],[120.63271,23.88976],[120.63227,23.89043],[120.6341,23.89183],[120.63221,23.89228],[120.63314,23.8932],[120.63439,23.89347],[120.63376,23.89409],[120.63423,23.89438],[120.63418,23.89524],[120.63314,23.89557],[120.63276,23.89627],[120.63294,23.89672],[120.63436,23.89675],[120.63405,23.8977],[120.63489,23.89787],[120.63502,23.89871],[120.63444,23.89955],[120.63381,23.89964],[120.63371,23.90037],[120.63498,23.90139],[120.63403,23.90164],[120.63308,23.9029],[120.63157,23.90282],[120.63137,23.90343],[120.63216,23.90338],[120.63303,23.90421],[120.6322,23.90435],[120.63259,23.90483],[120.63217,23.90534],[120.63265,23.90579],[120.63213,23.90675],[120.63328,23.90618],[120.63329,23.90724],[120.63422,23.90767],[120.63185,23.90841],[120.63067,23.90821],[120.63051,23.90863],[120.63155,23.90866],[120.63169,23.90928],[120.63301,23.9096],[120.63177,23.91045],[120.62995,23.91034],[120.6294,23.91081],[120.62981,23.91118],[120.6326,23.91088],[120.6326,23.91151],[120.63337,23.91176],[120.63254,23.91251],[120.63356,23.91243],[120.63297,23.91332],[120.63314,23.91424],[120.63471,23.91312],[120.63334,23.91518],[120.63405,23.91558],[120.63327,23.916],[120.63415,23.9162],[120.63438,23.91695],[120.6339,23.91781],[120.63509,23.9179],[120.6347,23.91886],[120.63354,23.91958],[120.63477,23.91925],[120.63497,23.92009],[120.63646,23.91937],[120.63655,23.92009],[120.63532,23.92166],[120.63719,23.9218],[120.63694,23.92346],[120.6374,23.92371],[120.63727,23.92456],[120.6359,23.92544],[120.6355,23.92624],[120.63314,23.9266],[120.63377,23.92722],[120.63275,23.92839],[120.63179,23.92832],[120.63196,23.92892],[120.63138,23.92873],[120.63098,23.92934],[120.62921,23.92968],[120.62787,23.93083],[120.62826,23.93136],[120.62972,23.93117],[120.63047,23.93263],[120.63094,23.93215],[120.63214,23.93287],[120.63278,23.93564],[120.63381,23.93588],[120.63549,23.93744],[120.63685,23.93576],[120.63766,23.93543],[120.63639,23.93772],[120.63016,23.94296],[120.63072,23.9438],[120.63017,23.94428],[120.63083,23.9448],[120.63337,23.94288],[120.63466,23.94371],[120.62759,23.95177],[120.62802,23.95266],[120.62938,23.95212],[120.63156,23.95348],[120.63407,23.95226],[120.63385,23.95336],[120.63228,23.9546],[120.6294,23.95456],[120.62981,23.95521],[120.62809,23.95536],[120.62778,23.95585],[120.62699,23.9556],[120.62698,23.95644],[120.63113,23.9563],[120.63149,23.9556],[120.63434,23.954],[120.63541,23.95225],[120.63776,23.95349],[120.64266,23.95827],[120.64422,23.96208],[120.64687,23.96342],[120.64696,23.97153],[120.64632,23.97327],[120.65018,23.9837],[120.64986,23.98529],[120.64533,23.98962],[120.63778,23.99357],[120.63659,23.99498],[120.63612,23.99841],[120.6382,24.00376],[120.63809,24.0074],[120.64035,24.00573],[120.64148,24.00806],[120.64247,24.00896],[120.64339,24.00831],[120.64602,24.00916],[120.64732,24.00842],[120.64942,24.00808],[120.65099,24.0085],[120.66359,24.0081],[120.66616,24.00774],[120.66758,24.00691],[120.67036,24.00629],[120.67171,24.00648],[120.67258,24.00585],[120.6737,24.00808],[120.67207,24.0094],[120.67009,24.00996],[120.67071,24.01063],[120.67257,24.01024],[120.67418,24.01082],[120.67457,24.01045],[120.67599,24.01071],[120.67865,24.01403],[120.66478,24.02329],[120.66349,24.02497],[120.66091,24.02589],[120.65579,24.03066],[120.65175,24.02853],[120.6464,24.03402],[120.64516,24.0343],[120.64461,24.03344],[120.64483,24.03281],[120.64444,24.03231],[120.64566,24.02871],[120.64618,24.02834],[120.64626,24.02702],[120.64464,24.02588],[120.64193,24.02737],[120.64027,24.02728],[120.63754,24.02853],[120.63615,24.03105],[120.63399,24.03108],[120.62866,24.02962],[120.62548,24.03002],[120.62447,24.03099],[120.62423,24.03337],[120.62811,24.03835],[120.62763,24.04039],[120.62602,24.04162],[120.6258,24.04681],[120.6245,24.04824],[120.62343,24.05212],[120.62359,24.05326],[120.62569,24.05703],[120.62535,24.06895],[120.62372,24.0717],[120.62228,24.0726],[120.62068,24.07232],[120.61967,24.07304],[120.617,24.07942],[120.61494,24.08504],[120.6149,24.08999],[120.61342,24.09531],[120.61324,24.09812],[120.61236,24.09986],[120.61249,24.10257],[120.60891,24.10208],[120.60804,24.10272],[120.6029,24.10289],[120.59996,24.10518],[120.59508,24.10487],[120.58836,24.10623],[120.58554,24.10757],[120.58352,24.10955],[120.57692,24.10962],[120.57275,24.10829],[120.5656,24.10982],[120.55803,24.11254],[120.55369,24.11281],[120.54969,24.11388],[120.54538,24.11647],[120.54092,24.12366],[120.53411,24.12556],[120.53268,24.12643],[120.52355,24.13968],[120.52329,24.14095],[120.5254,24.14481],[120.52581,24.14902],[120.52452,24.1524],[120.5208,24.15851],[120.519,24.16314],[120.51731,24.16579],[120.50811,24.18716],[120.50439,24.19114],[120.45656,24.20718],[120.45655,24.20648],[120.45647,24.2069],[120.45351,24.20364],[120.45317,24.20204],[120.45066,24.19788],[120.44711,24.19432],[120.44396,24.18894],[120.44235,24.18849],[120.43916,24.18573],[120.43271,24.18665],[120.42974,24.18451],[120.42471,24.1833],[120.42439,24.18186],[120.42616,24.17969],[120.42576,24.17866],[120.42337,24.17613],[120.42117,24.17563],[120.41833,24.17367],[120.41639,24.17048],[120.41603,24.16604],[120.41525,24.164],[120.41487,24.1608],[120.41527,24.15837],[120.415,24.15756],[120.40914,24.15629],[120.40805,24.15495],[120.40889,24.15389],[120.41173,24.15331],[120.41279,24.15223],[120.4127,24.15111],[120.40988,24.14669],[120.40901,24.14266],[120.40712,24.13956],[120.40264,24.13868],[120.40083,24.13692],[120.39999,24.13529],[120.3997,24.13306],[120.39998,24.13173],[120.40119,24.12993],[120.40114,24.12897],[120.40018,24.12788],[120.39929,24.12478],[120.39767,24.12221],[120.39683,24.11749],[120.39584,24.11673],[120.39604,24.11643],[120.39485,24.11483],[120.39444,24.11494],[120.39466,24.11457],[120.39345,24.11294],[120.39293,24.11305],[120.39328,24.11272],[120.39207,24.11109],[120.39159,24.11124],[120.39189,24.11084],[120.39064,24.10917],[120.39015,24.10935],[120.39052,24.10901],[120.38954,24.10768],[120.38899,24.10794],[120.38941,24.10752],[120.38843,24.10619],[120.3879,24.10645],[120.38828,24.10601],[120.37955,24.09429],[120.37969,24.09316],[120.38026,24.09271],[120.38002,24.09449],[120.38183,24.09686],[120.38635,24.09704],[120.386,24.09362],[120.38492,24.0919],[120.38481,24.08917],[120.38417,24.08767],[120.37545,24.08302],[120.37083,24.08169],[120.36558,24.08149],[120.36337,24.08085],[120.36117,24.07629],[120.35919,24.07428],[120.35485,24.0725],[120.35131,24.07187],[120.34777,24.06962],[120.34526,24.06678],[120.34209,24.06013],[120.33973,24.05972],[120.33957,24.05937],[120.34122,24.05744],[120.34241,24.05472],[120.34142,24.03962],[120.34037,24.03511],[120.3378,24.03129],[120.33607,24.01789],[120.33529,24.01574],[120.33414,24.01394],[120.33244,24.01259],[120.32994,24.01147],[120.32002,24.00334],[120.31646,23.99923],[120.31187,23.98977],[120.31093,23.98835],[120.30874,23.9871],[120.30829,23.98345],[120.30838,23.97526],[120.30771,23.97314],[120.29463,23.96321],[120.29026,23.95822],[120.28615,23.95711],[120.28283,23.95451],[120.28163,23.95246],[120.28033,23.9484],[120.28057,23.94601],[120.28162,23.94345],[120.27955,23.93489],[120.27881,23.93359],[120.27547,23.93207],[120.27397,23.93204],[120.26914,23.93059],[120.26719,23.92818],[120.26518,23.92374],[120.26375,23.92182],[120.26105,23.91973],[120.26058,23.91812],[120.26089,23.91504],[120.25872,23.9111],[120.25624,23.90789],[120.25562,23.90337],[120.25583,23.90228],[120.25774,23.89933],[120.25523,23.89419],[120.25222,23.89167],[120.24715,23.88844],[120.23955,23.88769],[120.23533,23.88526],[120.23074,23.88058],[120.22615,23.87688],[120.2262,23.87414],[120.2243,23.8703],[120.22036,23.86622],[120.22995,23.85442],[120.23785,23.84635],[120.24623,23.83954],[120.25502,23.83425],[120.30813,23.8203],[120.3164,23.82006],[120.33314,23.82229],[120.3524,23.82232],[120.35814,23.82281],[120.36023,23.82331],[120.37032,23.82856],[120.3829,23.82856],[120.41034,23.82638],[120.41791,23.82687],[120.42526,23.83025],[120.43311,23.83015],[120.43953,23.82687],[120.44336,23.82266],[120.45065,23.81866],[120.45209,23.81722],[120.45812,23.81612],[120.47526,23.80903],[120.48317,23.80657],[120.49841,23.80361],[120.50957,23.80027],[120.52793,23.79906],[120.53518,23.80127],[120.54092,23.80102],[120.54592,23.80148],[120.55122,23.80113],[120.55801,23.79949],[120.56029,23.79815],[120.57329,23.79636],[120.57803,23.79528],[120.58696,23.79191],[120.59278,23.79103],[120.61509,23.79136],[120.63024,23.78979],[120.63313,23.78889],[120.63502,23.78677],[120.64155,23.78562],[120.65814,23.79104],[120.66417,23.79229],[120.66732,23.79402],[120.67453,23.79951],[120.67861,23.80121],[120.68082,23.80171],[120.6839,23.80135],[120.68341,23.80542],[120.68246,23.80608],[120.67898,23.80594],[120.67798,23.81408],[120.67877,23.81655],[120.67635,23.81929],[120.6744,23.82006],[120.67259,23.81918],[120.67189,23.81941],[120.67137,23.81871],[120.66994,23.81852],[120.66798,23.81735],[120.66759,23.8166],[120.66594,23.81613],[120.66473,23.81631],[120.66505,23.81504],[120.66245,23.81537],[120.65865,23.81453],[120.65561,23.81281],[120.65092,23.8125],[120.65007,23.81436],[120.64798,23.81664],[120.64459,23.81755],[120.64188,23.81971],[120.63993,23.82033],[120.63995,23.82111],[120.64048,23.8214],[120.6396,23.82208],[120.63776,23.82178],[120.63874,23.82263],[120.63782,23.8237],[120.63919,23.82456],[120.6366,23.82481],[120.63635,23.82554],[120.63386,23.82584],[120.63702,23.82585],[120.64001,23.82511],[120.63991,23.82575],[120.63773,23.82638],[120.63913,23.82667],[120.63945,23.82742],[120.63748,23.82732],[120.63604,23.82792],[120.63602,23.82848],[120.63677,23.82804],[120.63819,23.82892],[120.63678,23.83],[120.6372,23.83056],[120.63435,23.83111],[120.63586,23.83163],[120.63845,23.83141],[120.63741,23.83196],[120.63705,23.83279],[120.63528,23.83321],[120.63339,23.83296],[120.63042,23.83119],[120.63088,23.83224],[120.63051,23.83243],[120.62813,23.83121],[120.62628,23.83087],[120.62431,23.82943],[120.6236,23.82948],[120.62296,23.83036],[120.62391,23.83077],[120.62424,23.83175],[120.62813,23.83197],[120.63365,23.83409],[120.63225,23.8346],[120.62911,23.8344],[120.63106,23.83564],[120.62827,23.83582],[120.62996,23.83686],[120.62998,23.83735],[120.62492,23.83659],[120.62556,23.83765],[120.62823,23.83785],[120.62906,23.83868],[120.62812,23.83846],[120.62651,23.83988],[120.62632,23.84052],[120.62678,23.84083],[120.62609,23.84114],[120.62612,23.84192],[120.62397,23.83968],[120.62224,23.83866],[120.62188,23.83877],[120.62301,23.83997],[120.62094,23.83936],[120.62094,23.84021],[120.62214,23.84085],[120.62085,23.84166],[120.61845,23.84038],[120.61833,23.83897],[120.61729,23.83768],[120.61683,23.83786],[120.61744,23.83876],[120.61634,23.83942],[120.61667,23.84027],[120.61558,23.84027],[120.61556,23.84061],[120.61608,23.84119],[120.61832,23.84142],[120.6198,23.84251],[120.61829,23.84259],[120.61832,23.84306],[120.61965,23.84351],[120.61828,23.84452],[120.61941,23.84416],[120.62109,23.8444],[120.62125,23.84564],[120.62186,23.84603],[120.6216,23.84658],[120.62299,23.84655],[120.62367,23.84727],[120.62329,23.84815],[120.6196,23.84867],[120.62067,23.84909],[120.61943,23.84962],[120.62179,23.84959],[120.62271,23.8487],[120.62296,23.84986],[120.62344,23.8489],[120.62376,23.85029],[120.62487,23.85098],[120.6245,23.85226],[120.62596,23.85208],[120.62627,23.85412],[120.62525,23.85518],[120.62627,23.85475],[120.62631,23.85621],[120.62782,23.8574],[120.62668,23.8575],[120.62652,23.8586],[120.62545,23.85771],[120.62603,23.85847],[120.62483,23.8585],[120.62424,23.85917],[120.62446,23.85976],[120.62308,23.86046],[120.62224,23.86012],[120.62326,23.86097],[120.62355,23.86197],[120.62249,23.86254],[120.62275,23.86303],[120.62209,23.8635],[120.62066,23.86364],[120.62057,23.86502],[120.62006,23.86551],[120.62065,23.86634],[120.62034,23.86656],[120.6206,23.86795],[120.61991,23.86828],[120.62016,23.86871],[120.62125,23.8686],[120.62155,23.86983],[120.62396,23.86892],[120.62383,23.87009],[120.62422,23.87059],[120.62378,23.87147],[120.62466,23.87163],[120.62581,23.87346],[120.62577,23.87524],[120.62483,23.87707]]]]}},{"type":"Feature","properties":{"county":"苗栗縣"},"geometry":{"type":"MultiPolygon","coordinates":[[[[120.97702,24.67365],[120.97715,24.67465],[120.97648,24.67618],[120.97752,24.67829],[120.97679,24.67899],[120.97643,24.68314],[120.97557,24.68456],[120.97435,24.68485],[120.97352,24.68585],[120.9727,24.68585],[120.97166,24.68549],[120.97058,24.68421],[120.96736,24.68444],[120.96441,24.68362],[120.9647,24.68458],[120.9657,24.68478],[120.96675,24.68611],[120.96517,24.68811],[120.96643,24.68916],[120.96601,24.69037],[120.96638,24.69117],[120.96788,24.6919],[120.96843,24.69319],[120.97019,24.6941],[120.97181,24.69672],[120.974,24.69694],[120.97362,24.70116],[120.97225,24.70369],[120.97318,24.70451],[120.97465,24.70437],[120.97583,24.70494],[120.97669,24.70647],[120.97456,24.70856],[120.97583,24.70949],[120.97517,24.71089],[120.97433,24.71112],[120.97388,24.71182],[120.97147,24.71241],[120.97068,24.71197],[120.9708,24.71126],[120.97039,24.71089],[120.96859,24.71121],[120.96622,24.70964],[120.96395,24.71153],[120.96337,24.71148],[120.96229,24.71088],[120.96214,24.7095],[120.96064,24.70906],[120.95935,24.70666],[120.95679,24.70657],[120.95479,24.70435],[120.95302,24.70408],[120.95283,24.70475],[120.95335,24.70598],[120.95246,24.7064],[120.9519,24.70757],[120.95092,24.70774],[120.95083,24.70953],[120.9498,24.7112],[120.94816,24.71121],[120.94675,24.70994],[120.94555,24.70987],[120.94512,24.70789],[120.94193,24.70735],[120.93854,24.70908],[120.93752,24.71077],[120.9363,24.711],[120.93513,24.71297],[120.93304,24.71329],[120.93158,24.71426],[120.93069,24.71519],[120.93031,24.71662],[120.92884,24.71529],[120.92804,24.71576],[120.92673,24.71503],[120.92512,24.71545],[120.92364,24.71455],[120.92242,24.71495],[120.92197,24.71608],[120.9212,24.71592],[120.92059,24.71673],[120.91942,24.71695],[120.91769,24.71622],[120.91367,24.71733],[120.91435,24.71802],[120.91446,24.7191],[120.91608,24.72063],[120.91628,24.72153],[120.9138,24.7242],[120.91418,24.72706],[120.91365,24.72718],[120.91309,24.72855],[120.91207,24.73231],[120.90851,24.73651],[120.90867,24.74011],[120.90781,24.74107],[120.90587,24.74068],[120.9048,24.7394],[120.90329,24.73856],[120.90151,24.73635],[120.89743,24.73346],[120.89379,24.73233],[120.89235,24.73316],[120.89104,24.73177],[120.88746,24.73387],[120.8848,24.73279],[120.88357,24.73453],[120.88104,24.73329],[120.87454,24.73832],[120.8648,24.72722],[120.86133,24.72165],[120.86156,24.72109],[120.85794,24.71133],[120.85773,24.70667],[120.85617,24.7025],[120.85532,24.70158],[120.85453,24.70183],[120.85508,24.70143],[120.85157,24.69944],[120.84757,24.69593],[120.8404,24.68786],[120.83259,24.68241],[120.82409,24.67337],[120.82306,24.67268],[120.82084,24.67285],[120.80938,24.67123],[120.80281,24.66909],[120.79338,24.66766],[120.79159,24.66781],[120.78641,24.66621],[120.77871,24.66256],[120.77644,24.66089],[120.76943,24.65394],[120.76852,24.65469],[120.76934,24.65386],[120.76893,24.65198],[120.76778,24.65045],[120.76359,24.64907],[120.76085,24.64312],[120.75769,24.64152],[120.75708,24.64014],[120.75637,24.63254],[120.75595,24.63147],[120.75402,24.6312],[120.75237,24.6274],[120.74893,24.62595],[120.74584,24.62173],[120.7382,24.62086],[120.73497,24.61739],[120.73268,24.61329],[120.73117,24.61186],[120.72996,24.61084],[120.72378,24.60822],[120.72026,24.60415],[120.71581,24.60097],[120.71266,24.59348],[120.71133,24.59294],[120.70976,24.59102],[120.70808,24.58245],[120.70534,24.57759],[120.70501,24.57587],[120.70392,24.57516],[120.70466,24.57385],[120.70455,24.57284],[120.70203,24.569],[120.70119,24.56153],[120.69824,24.55848],[120.69688,24.55576],[120.69665,24.5534],[120.69545,24.55266],[120.69585,24.55117],[120.69419,24.55012],[120.69337,24.54887],[120.69105,24.53904],[120.68869,24.53667],[120.6883,24.53556],[120.68809,24.53047],[120.68468,24.52139],[120.67939,24.51577],[120.67763,24.51452],[120.67427,24.50955],[120.67128,24.50211],[120.67048,24.501],[120.66844,24.49981],[120.66764,24.49652],[120.66776,24.4934],[120.6653,24.48977],[120.6661,24.48885],[120.66557,24.48755],[120.6664,24.48804],[120.66504,24.48723],[120.66531,24.48676],[120.66481,24.48434],[120.6654,24.48361],[120.66183,24.48378],[120.65849,24.4773],[120.65266,24.47074],[120.6485,24.46749],[120.64377,24.4626],[120.63961,24.46001],[120.63962,24.45667],[120.63777,24.45418],[120.63524,24.45251],[120.6342,24.45094],[120.63259,24.44977],[120.63136,24.44763],[120.6279,24.4457],[120.62544,24.44303],[120.62186,24.44029],[120.6263,24.43914],[120.6286,24.43804],[120.62942,24.43615],[120.63113,24.43446],[120.6321,24.43242],[120.63966,24.42777],[120.64029,24.42412],[120.6432,24.42171],[120.64285,24.41755],[120.64351,24.41597],[120.64334,24.41534],[120.64526,24.41457],[120.64597,24.41229],[120.64817,24.41132],[120.64814,24.41013],[120.64884,24.40949],[120.65044,24.40939],[120.65195,24.4083],[120.65821,24.4066],[120.66425,24.40172],[120.66741,24.39783],[120.66748,24.39619],[120.66904,24.39447],[120.67011,24.39196],[120.67123,24.39108],[120.67228,24.39134],[120.67315,24.39099],[120.67593,24.38837],[120.67865,24.38707],[120.6774,24.38403],[120.68575,24.3789],[120.68854,24.37497],[120.68995,24.37434],[120.6921,24.3679],[120.69276,24.36714],[120.69816,24.36491],[120.7001,24.36317],[120.70341,24.3618],[120.70743,24.36173],[120.7073,24.35787],[120.72315,24.35467],[120.73041,24.35181],[120.74732,24.33717],[120.75224,24.33417],[120.75374,24.33241],[120.75814,24.32885],[120.7601,24.32823],[120.763,24.32601],[120.76709,24.32556],[120.77274,24.3219],[120.78078,24.31972],[120.78383,24.31835],[120.78784,24.31836],[120.796,24.31638],[120.80653,24.31568],[120.8098,24.31274],[120.81757,24.30742],[120.81988,24.30333],[120.82531,24.29678],[120.8318,24.29238],[120.83338,24.29057],[120.83815,24.28928],[120.8499,24.28851],[120.85652,24.28899],[120.86684,24.29307],[120.87612,24.295],[120.89158,24.29408],[120.90251,24.29219],[120.90498,24.29228],[120.90904,24.29396],[120.91191,24.29406],[120.91677,24.29901],[120.92148,24.30204],[120.9225,24.30394],[120.92218,24.30586],[120.92075,24.30824],[120.92026,24.31014],[120.92002,24.31384],[120.92065,24.31779],[120.9205,24.32011],[120.91965,24.32422],[120.9165,24.33346],[120.91661,24.33513],[120.91965,24.33714],[120.92632,24.33865],[120.9334,24.34233],[120.93564,24.34292],[120.93815,24.34171],[120.93997,24.34],[120.94246,24.33914],[120.94517,24.33979],[120.94652,24.3391],[120.95231,24.33907],[120.95409,24.3386],[120.95679,24.3393],[120.96016,24.33505],[120.96266,24.33477],[120.96649,24.33346],[120.97236,24.33351],[120.97722,24.33473],[120.97994,24.33447],[120.98198,24.3359],[120.98384,24.33443],[120.98559,24.33166],[120.99178,24.32962],[120.99756,24.33014],[121.00048,24.33266],[121.0023,24.33282],[121.00415,24.3323],[121.00822,24.32686],[121.01157,24.32397],[121.01264,24.32197],[121.0145,24.32011],[121.01802,24.3113],[121.02002,24.30924],[121.0262,24.30675],[121.02937,24.30471],[121.03169,24.302],[121.03311,24.29882],[121.03413,24.29782],[121.03698,24.29662],[121.04519,24.29533],[121.04708,24.29614],[121.04914,24.296],[121.05135,24.29782],[121.05224,24.29933],[121.05256,24.30424],[121.05492,24.30766],[121.05535,24.3104],[121.05743,24.31127],[121.0584,24.31273],[121.0609,24.31312],[121.0648,24.31544],[121.07021,24.31576],[121.07091,24.31682],[121.07188,24.31713],[121.0726,24.31843],[121.07386,24.31919],[121.07308,24.32282],[121.07846,24.32281],[121.08147,24.32414],[121.08644,24.31768],[121.08751,24.31754],[121.08911,24.31859],[121.09193,24.31863],[121.09435,24.31981],[121.09571,24.32257],[121.09805,24.32363],[121.10226,24.32458],[121.10378,24.32681],[121.10634,24.32859],[121.10848,24.33095],[121.11487,24.32864],[121.11855,24.33037],[121.12158,24.33068],[121.1215,24.33429],[121.12413,24.34055],[121.1253,24.34199],[121.12662,24.34157],[121.12844,24.34217],[121.1302,24.34471],[121.13135,24.34825],[121.13123,24.34936],[121.13357,24.35167],[121.13644,24.35313],[121.1378,24.35469],[121.13797,24.35627],[121.14096,24.35964],[121.14491,24.35807],[121.14841,24.35788],[121.15092,24.35871],[121.15554,24.35904],[121.15941,24.3608],[121.16226,24.36056],[121.16467,24.36099],[121.16738,24.36059],[121.16837,24.36091],[121.16887,24.36152],[121.16901,24.36431],[121.17245,24.36681],[121.17306,24.36838],[121.17418,24.36892],[121.17305,24.37068],[121.17342,24.37334],[121.1747,24.37385],[121.17852,24.37792],[121.18168,24.37886],[121.1833,24.38101],[121.18474,24.38149],[121.18659,24.38118],[121.19024,24.38162],[121.19114,24.38394],[121.193,24.38583],[121.19531,24.39002],[121.19672,24.39152],[121.19719,24.39659],[121.20071,24.39761],[121.2072,24.39791],[121.20882,24.39658],[121.21029,24.39612],[121.21082,24.39504],[121.21043,24.39162],[121.21125,24.38839],[121.21346,24.38403],[121.2135,24.38185],[121.21588,24.37945],[121.21662,24.38038],[121.21846,24.38126],[121.22562,24.38303],[121.23206,24.38401],[121.23162,24.38761],[121.23498,24.39192],[121.23466,24.39734],[121.23802,24.40029],[121.23814,24.40151],[121.24014,24.40354],[121.24292,24.40476],[121.24357,24.40572],[121.2429,24.40908],[121.24333,24.4112],[121.24291,24.41283],[121.24199,24.41409],[121.2436,24.41661],[121.2433,24.41876],[121.2439,24.42008],[121.24611,24.42278],[121.24915,24.42379],[121.25,24.42491],[121.25761,24.42505],[121.25908,24.428],[121.26022,24.42901],[121.25915,24.43089],[121.25972,24.43202],[121.25998,24.43619],[121.25878,24.4382],[121.2587,24.43994],[121.26166,24.44422],[121.2609,24.4458],[121.2622,24.44803],[121.26127,24.44842],[121.26061,24.45141],[121.26264,24.45525],[121.25804,24.45746],[121.25797,24.46335],[121.24931,24.46587],[121.24643,24.46876],[121.24443,24.46994],[121.24439,24.47294],[121.2433,24.47729],[121.24229,24.47848],[121.2394,24.48007],[121.23845,24.48136],[121.23472,24.48366],[121.23443,24.48802],[121.23343,24.48746],[121.22993,24.48891],[121.22894,24.49228],[121.22351,24.49439],[121.22142,24.49645],[121.21867,24.49826],[121.21974,24.50077],[121.22097,24.50145],[121.22094,24.50257],[121.22193,24.50482],[121.22364,24.50631],[121.22214,24.50751],[121.21747,24.50965],[121.21764,24.5138],[121.217,24.5148],[121.21582,24.51552],[121.21478,24.51526],[121.20955,24.51149],[121.20818,24.51163],[121.20667,24.51295],[121.20459,24.51216],[121.20319,24.51251],[121.20241,24.51174],[121.20025,24.51129],[121.19807,24.50884],[121.19569,24.50717],[121.19162,24.50747],[121.18671,24.50536],[121.18436,24.50653],[121.18319,24.50793],[121.17792,24.50765],[121.1751,24.50507],[121.17058,24.50412],[121.16914,24.50259],[121.16494,24.50351],[121.16142,24.50358],[121.15814,24.50512],[121.15667,24.50632],[121.15502,24.5068],[121.15059,24.50609],[121.14609,24.50969],[121.14503,24.51192],[121.137,24.50665],[121.12966,24.5067],[121.12767,24.50817],[121.12538,24.5085],[121.12324,24.51024],[121.12096,24.50842],[121.11696,24.50839],[121.11334,24.50647],[121.10887,24.50093],[121.10533,24.50061],[121.10246,24.49825],[121.10034,24.49823],[121.09808,24.49642],[121.09454,24.49658],[121.09048,24.49783],[121.08556,24.50131],[121.08367,24.50113],[121.07892,24.49907],[121.07522,24.49943],[121.07189,24.49838],[121.07165,24.50018],[121.07218,24.50167],[121.07211,24.50337],[121.071,24.5044],[121.07032,24.50608],[121.0681,24.507],[121.06932,24.50933],[121.06855,24.51245],[121.06852,24.51646],[121.06669,24.52078],[121.06693,24.52255],[121.07218,24.52635],[121.07743,24.52821],[121.0783,24.5289],[121.07867,24.5325],[121.0778,24.53424],[121.08004,24.53769],[121.08054,24.54096],[121.07904,24.54231],[121.07623,24.5438],[121.07425,24.54714],[121.07452,24.54833],[121.07347,24.54942],[121.06999,24.55058],[121.06641,24.55326],[121.06302,24.55489],[121.06211,24.5562],[121.05921,24.55697],[121.05821,24.55791],[121.05843,24.56063],[121.0614,24.56],[121.06263,24.55743],[121.06798,24.56213],[121.07059,24.56336],[121.07201,24.56789],[121.07274,24.57278],[121.07473,24.57673],[121.07526,24.58067],[121.07874,24.58375],[121.0795,24.5881],[121.08154,24.58863],[121.08303,24.58976],[121.08253,24.59305],[121.0828,24.59483],[121.08128,24.60057],[121.07636,24.60306],[121.07543,24.60424],[121.07534,24.60644],[121.0761,24.60864],[121.07525,24.6118],[121.07332,24.61341],[121.06793,24.61498],[121.06603,24.61809],[121.06476,24.61945],[121.06382,24.61963],[121.06242,24.62182],[121.06142,24.62173],[121.05845,24.61996],[121.05684,24.61828],[121.05535,24.61789],[121.05486,24.61678],[121.05332,24.61545],[121.05157,24.61514],[121.05169,24.61736],[121.0494,24.61859],[121.04826,24.61983],[121.04644,24.62235],[121.04593,24.62409],[121.04461,24.625],[121.04339,24.62714],[121.04054,24.62697],[121.03906,24.62962],[121.03728,24.62964],[121.03321,24.63215],[121.03019,24.63246],[121.0259,24.63591],[121.02516,24.63782],[121.02598,24.64],[121.02544,24.64121],[121.02351,24.64182],[121.0184,24.64075],[121.01439,24.64085],[121.0106,24.64374],[121.00821,24.64432],[121.00896,24.64757],[121.00811,24.6505],[121.00876,24.65157],[121.00976,24.65161],[121.01068,24.65233],[121.01089,24.6545],[121.01028,24.65621],[121.006,24.65526],[121.00402,24.65638],[121.00017,24.65474],[120.99712,24.65466],[120.9961,24.65549],[120.99551,24.65724],[120.99614,24.65802],[120.99509,24.6593],[120.99168,24.65954],[120.99064,24.66039],[120.99065,24.66479],[120.99011,24.66476],[120.98908,24.66303],[120.98692,24.66367],[120.98593,24.6647],[120.98525,24.66681],[120.98319,24.66719],[120.9832,24.66981],[120.98173,24.67102],[120.98175,24.67178],[120.97931,24.67372],[120.97776,24.67399],[120.97702,24.67365]]]]}},{"type":"Feature","properties":{"county":"新竹縣"},"geometry":{"type":"MultiPolygon","coordinates":[[[[121.0431,24.62725],[121.04407,24.62642],[121.04466,24.62494],[121.04593,24.62409],[121.04644,24.62235],[121.04826,24.61983],[121.0494,24.61859],[121.05169,24.61736],[121.05157,24.61514],[121.05332,24.61545],[121.05486,24.61678],[121.05535,24.61789],[121.05684,24.61828],[121.05845,24.61996],[121.06142,24.62173],[121.06234,24.62183],[121.06382,24.61963],[121.06476,24.61945],[121.0659,24.61825],[121.06809,24.61486],[121.0744,24.61281],[121.07525,24.6118],[121.07608,24.60907],[121.07527,24.60585],[121.07559,24.60384],[121.07636,24.60306],[121.08115,24.60075],[121.0828,24.59483],[121.08253,24.59305],[121.08303,24.58976],[121.08154,24.58863],[121.0795,24.5881],[121.07874,24.58375],[121.07526,24.58067],[121.07473,24.57673],[121.07274,24.57278],[121.07201,24.56789],[121.07059,24.56336],[121.06798,24.56213],[121.06263,24.55743],[121.0614,24.56],[121.05843,24.56063],[121.05821,24.55791],[121.05874,24.5573],[121.06211,24.5562],[121.06302,24.55489],[121.06641,24.55326],[121.06999,24.55058],[121.07347,24.54942],[121.07452,24.54833],[121.07425,24.54714],[121.07623,24.5438],[121.07904,24.54231],[121.08054,24.54096],[121.08004,24.53769],[121.0778,24.53424],[121.07867,24.5325],[121.0783,24.5289],[121.07743,24.52821],[121.07218,24.52635],[121.06693,24.52255],[121.06669,24.52078],[121.06852,24.51646],[121.06855,24.51245],[121.06932,24.50933],[121.0681,24.507],[121.07032,24.50608],[121.071,24.5044],[121.07211,24.50337],[121.07218,24.50167],[121.07165,24.50018],[121.07189,24.49838],[121.07522,24.49943],[121.07892,24.49907],[121.08367,24.50113],[121.08556,24.50131],[121.09048,24.49783],[121.09454,24.49658],[121.09808,24.49642],[121.10034,24.49823],[121.10246,24.49825],[121.10533,24.50061],[121.10887,24.50093],[121.11334,24.50647],[121.11696,24.50839],[121.12096,24.50842],[121.12324,24.51024],[121.12538,24.5085],[121.12767,24.50817],[121.12966,24.5067],[121.137,24.50665],[121.14503,24.51192],[121.14609,24.50969],[121.15059,24.50609],[121.15502,24.5068],[121.15667,24.50632],[121.15814,24.50512],[121.16142,24.50358],[121.16494,24.50351],[121.16914,24.50259],[121.17058,24.50412],[121.1751,24.50507],[121.17792,24.50765],[121.18319,24.50793],[121.18436,24.50653],[121.18671,24.50536],[121.19162,24.50747],[121.19529,24.50704],[121.19807,24.50884],[121.20052,24.51146],[121.20241,24.51174],[121.20319,24.51251],[121.20459,24.51216],[121.2065,24.51296],[121.20818,24.51163],[121.20973,24.51153],[121.21427,24.51497],[121.21625,24.51538],[121.21762,24.5139],[121.21747,24.50965],[121.22214,24.50751],[121.22364,24.50631],[121.22193,24.50482],[121.22094,24.50257],[121.22097,24.50145],[121.21974,24.50077],[121.21867,24.49826],[121.22142,24.49645],[121.22351,24.49439],[121.22894,24.49228],[121.22993,24.48891],[121.23343,24.48746],[121.23443,24.48802],[121.23472,24.48366],[121.23845,24.48136],[121.2394,24.48007],[121.24229,24.47848],[121.2433,24.47729],[121.24439,24.47294],[121.24443,24.46994],[121.24643,24.46876],[121.24931,24.46587],[121.25797,24.46335],[121.25804,24.45746],[121.26264,24.45525],[121.26061,24.45141],[121.26127,24.44842],[121.2622,24.44803],[121.2609,24.4458],[121.26166,24.44422],[121.2587,24.43994],[121.25878,24.4382],[121.25998,24.43619],[121.25972,24.43202],[121.25921,24.43054],[121.26082,24.42863],[121.26508,24.42865],[121.2699,24.42738],[121.27106,24.42796],[121.27153,24.42975],[121.27848,24.42932],[121.28433,24.43058],[121.29275,24.43092],[121.29429,24.43236],[121.29675,24.43303],[121.30285,24.43303],[121.30546,24.43257],[121.30767,24.43377],[121.31003,24.43622],[121.31275,24.43671],[121.31385,24.43738],[121.31811,24.4422],[121.31964,24.44519],[121.32021,24.44801],[121.32203,24.45165],[121.32334,24.45575],[121.32494,24.45856],[121.32645,24.46042],[121.3295,24.46255],[121.32986,24.46426],[121.33088,24.46521],[121.33281,24.46566],[121.336,24.46737],[121.33625,24.46808],[121.33564,24.47204],[121.33808,24.47402],[121.34007,24.47485],[121.34141,24.47734],[121.34194,24.48063],[121.34284,24.48226],[121.34425,24.48272],[121.34632,24.48466],[121.34791,24.48485],[121.35074,24.48434],[121.35278,24.48549],[121.35775,24.48661],[121.36189,24.49078],[121.36281,24.49233],[121.36297,24.4938],[121.36385,24.49496],[121.36506,24.49587],[121.37125,24.49836],[121.37252,24.50211],[121.37335,24.5099],[121.37571,24.51007],[121.37929,24.50953],[121.38357,24.51022],[121.3854,24.5138],[121.38512,24.51682],[121.38782,24.51725],[121.38853,24.5178],[121.39052,24.52293],[121.39286,24.52446],[121.39771,24.52481],[121.40142,24.52886],[121.40151,24.53022],[121.39886,24.53255],[121.39835,24.53411],[121.39846,24.53626],[121.39675,24.53982],[121.39876,24.5482],[121.39832,24.54943],[121.39544,24.55303],[121.39476,24.55591],[121.39836,24.56046],[121.40126,24.56201],[121.40131,24.56469],[121.4033,24.56751],[121.40358,24.56871],[121.40585,24.56985],[121.40766,24.57003],[121.40906,24.57162],[121.41233,24.5734],[121.41033,24.57916],[121.40456,24.58775],[121.40305,24.59171],[121.4017,24.59163],[121.39985,24.59035],[121.39574,24.58893],[121.39476,24.58754],[121.39372,24.5871],[121.39133,24.58646],[121.38721,24.58656],[121.38304,24.58944],[121.37278,24.59375],[121.37182,24.597],[121.36692,24.59907],[121.36587,24.60084],[121.36333,24.60313],[121.36432,24.60586],[121.36418,24.60676],[121.36369,24.60788],[121.3613,24.60988],[121.36131,24.61214],[121.35952,24.61377],[121.35882,24.61717],[121.36178,24.62066],[121.36306,24.62067],[121.36337,24.62359],[121.36543,24.62849],[121.3655,24.63067],[121.36642,24.63179],[121.36348,24.63246],[121.36117,24.63375],[121.35782,24.63371],[121.35739,24.6376],[121.35593,24.64105],[121.3534,24.64225],[121.3524,24.64354],[121.35223,24.6451],[121.35301,24.64878],[121.35233,24.65405],[121.35352,24.65544],[121.35286,24.65621],[121.35382,24.65905],[121.35307,24.66039],[121.35373,24.66496],[121.35305,24.66544],[121.35365,24.66648],[121.35352,24.6678],[121.35168,24.6661],[121.35046,24.66652],[121.34899,24.66791],[121.34548,24.66644],[121.34486,24.66673],[121.34434,24.66894],[121.34367,24.66939],[121.34245,24.66885],[121.34032,24.66638],[121.3392,24.66656],[121.33981,24.67187],[121.33858,24.67996],[121.32977,24.69097],[121.32417,24.69497],[121.32027,24.69579],[121.31874,24.69763],[121.31718,24.69814],[121.31285,24.69752],[121.30671,24.69401],[121.3039,24.69292],[121.30106,24.69382],[121.29984,24.69496],[121.29956,24.69659],[121.30226,24.70191],[121.30223,24.7042],[121.30297,24.70548],[121.30328,24.70839],[121.30543,24.71103],[121.30641,24.71308],[121.30762,24.7199],[121.30572,24.72383],[121.3054,24.72599],[121.30387,24.72654],[121.30046,24.72984],[121.29867,24.73071],[121.29823,24.73224],[121.29826,24.73409],[121.29929,24.73665],[121.3001,24.73744],[121.30119,24.74211],[121.30529,24.74628],[121.30555,24.7481],[121.30511,24.7502],[121.30772,24.75498],[121.30414,24.75745],[121.30186,24.76148],[121.30154,24.76301],[121.3003,24.76355],[121.29809,24.76293],[121.29419,24.76387],[121.29309,24.76531],[121.29246,24.76772],[121.28755,24.76868],[121.28556,24.77008],[121.27717,24.771],[121.27355,24.77459],[121.2713,24.77482],[121.27138,24.77713],[121.2706,24.77835],[121.26798,24.77993],[121.26603,24.77979],[121.26486,24.78138],[121.26327,24.78115],[121.26001,24.78196],[121.25972,24.78361],[121.25859,24.78484],[121.25848,24.78587],[121.25867,24.78652],[121.26043,24.78792],[121.26117,24.78996],[121.26047,24.79297],[121.25956,24.79371],[121.25761,24.79283],[121.2547,24.79385],[121.25214,24.79395],[121.25102,24.79456],[121.25037,24.79567],[121.24773,24.79672],[121.24662,24.80007],[121.24767,24.80138],[121.24744,24.80349],[121.2466,24.80509],[121.24544,24.80598],[121.24542,24.80696],[121.24344,24.80869],[121.2415,24.80629],[121.23824,24.80465],[121.22849,24.80291],[121.22161,24.79938],[121.22086,24.80299],[121.21963,24.80408],[121.21994,24.80744],[121.21872,24.80865],[121.21881,24.8096],[121.21972,24.81087],[121.21959,24.81179],[121.21704,24.81242],[121.2149,24.81197],[121.21283,24.81049],[121.20954,24.80948],[121.20805,24.80716],[121.20467,24.80725],[121.20449,24.80835],[121.20284,24.80988],[121.20291,24.81031],[121.20352,24.81135],[121.20573,24.81217],[121.20586,24.81265],[121.20315,24.81457],[121.20297,24.81614],[121.20225,24.81649],[121.20331,24.81731],[121.2008,24.81781],[121.19934,24.81613],[121.19975,24.8152],[121.19878,24.81496],[121.19682,24.81679],[121.19648,24.81784],[121.19205,24.81996],[121.18591,24.82382],[121.17684,24.82729],[121.17366,24.82771],[121.17624,24.8321],[121.17456,24.83229],[121.17384,24.83344],[121.16992,24.83481],[121.1688,24.83398],[121.16645,24.83621],[121.16581,24.83589],[121.16169,24.83748],[121.16011,24.83736],[121.15946,24.83864],[121.15642,24.84068],[121.1559,24.84212],[121.15474,24.8423],[121.15442,24.84406],[121.15198,24.84381],[121.15004,24.84429],[121.15284,24.84616],[121.15356,24.8474],[121.15361,24.84872],[121.15554,24.84991],[121.15595,24.85194],[121.15706,24.85243],[121.15696,24.85328],[121.1563,24.85362],[121.1569,24.85515],[121.15651,24.85591],[121.15803,24.85647],[121.15769,24.85695],[121.15907,24.85792],[121.16023,24.8578],[121.15959,24.85808],[121.15925,24.85902],[121.16007,24.85846],[121.16138,24.85947],[121.16029,24.86086],[121.16069,24.86175],[121.15988,24.86244],[121.16079,24.86314],[121.15945,24.86873],[121.158,24.87196],[121.15707,24.87234],[121.15699,24.87355],[121.15621,24.87444],[121.1581,24.87466],[121.15787,24.87731],[121.15567,24.88071],[121.1546,24.88019],[121.1522,24.88022],[121.15112,24.88096],[121.14958,24.88064],[121.14928,24.88122],[121.14855,24.88125],[121.14557,24.88082],[121.14466,24.8802],[121.1426,24.88169],[121.14176,24.88188],[121.14114,24.88143],[121.13909,24.88244],[121.13676,24.88093],[121.13644,24.87971],[121.13564,24.87897],[121.13559,24.87799],[121.13409,24.87851],[121.13331,24.87961],[121.13123,24.88007],[121.12964,24.87969],[121.12815,24.88095],[121.12398,24.87993],[121.12208,24.88025],[121.11718,24.88179],[121.11633,24.88168],[121.11501,24.88255],[121.11356,24.88253],[121.11057,24.88486],[121.10854,24.88604],[121.10782,24.886],[121.10932,24.88752],[121.10908,24.88796],[121.10998,24.88878],[121.11103,24.89127],[121.11068,24.89384],[121.10985,24.8954],[121.11009,24.89614],[121.10908,24.89774],[121.10131,24.89515],[121.09128,24.89336],[121.08943,24.89538],[121.08655,24.89652],[121.08577,24.89764],[121.08291,24.89904],[121.08064,24.89835],[121.07696,24.89871],[121.07618,24.8994],[121.07384,24.8999],[121.07111,24.89948],[121.07055,24.90185],[121.06849,24.90303],[121.0644,24.90374],[121.06245,24.9046],[121.06142,24.90381],[121.06043,24.90376],[121.05758,24.90593],[121.05913,24.90723],[121.0581,24.91061],[121.05824,24.9139],[121.06039,24.91839],[121.06087,24.92029],[121.0601,24.92068],[121.06096,24.92348],[121.06075,24.92452],[121.05966,24.92576],[121.05837,24.93008],[121.05757,24.93045],[121.05832,24.93221],[121.05766,24.93312],[121.05856,24.93516],[121.05834,24.93684],[121.05545,24.93624],[121.05163,24.9387],[121.0501,24.9387],[121.04815,24.93984],[121.04795,24.94126],[121.04611,24.94265],[121.04629,24.94355],[121.04429,24.94355],[121.04239,24.94416],[121.04055,24.94327],[121.03909,24.94458],[121.03814,24.94638],[121.03076,24.9439],[121.02975,24.94506],[121.02891,24.94518],[121.0264,24.94218],[121.0258,24.94048],[121.02154,24.9414],[121.01937,24.94042],[121.01781,24.94177],[121.01571,24.94165],[121.01268,24.94314],[121.01194,24.9448],[121.00956,24.94425],[121.0071,24.94622],[121.00426,24.94312],[121.00293,24.94001],[120.99907,24.94092],[120.99757,24.94052],[120.99653,24.93965],[120.9942,24.93914],[120.99266,24.93689],[120.99274,24.93508],[120.99048,24.93554],[120.98739,24.93905],[120.98203,24.93997],[120.96967,24.92847],[120.96627,24.92184],[120.9645,24.91578],[120.95889,24.90286],[120.95261,24.89538],[120.95201,24.89392],[120.95174,24.89066],[120.94736,24.88383],[120.94655,24.87865],[120.94382,24.87474],[120.9426,24.87152],[120.93926,24.86718],[120.93352,24.86166],[120.93091,24.86024],[120.92782,24.85954],[120.92737,24.85898],[120.92752,24.8568],[120.92695,24.8554],[120.92523,24.85481],[120.93127,24.85262],[120.93377,24.85274],[120.93567,24.85223],[120.94045,24.84996],[120.94316,24.8465],[120.94482,24.84107],[120.9476,24.83982],[120.95529,24.83436],[120.95704,24.83357],[120.96264,24.83255],[120.96832,24.83244],[120.97503,24.82991],[120.97827,24.82974],[120.98137,24.83122],[120.98309,24.83093],[120.98543,24.82939],[120.9878,24.82548],[120.99248,24.8235],[120.99565,24.82335],[121.00039,24.82206],[121.00227,24.82017],[121.00457,24.81916],[121.00828,24.81621],[121.01514,24.80856],[121.01821,24.8073],[121.02141,24.80152],[121.02574,24.79907],[121.02214,24.79851],[121.02061,24.79881],[121.02315,24.79605],[121.02062,24.7941],[121.02181,24.79045],[121.02335,24.79064],[121.02459,24.78907],[121.02432,24.78756],[121.02509,24.78624],[121.02333,24.78567],[121.02305,24.7851],[121.02752,24.78271],[121.02675,24.7809],[121.02585,24.78028],[121.02496,24.78051],[121.02495,24.77999],[121.02614,24.77888],[121.02795,24.77881],[121.02766,24.77705],[121.02864,24.7767],[121.0297,24.77701],[121.02816,24.77316],[121.03038,24.77204],[121.02927,24.7709],[121.02916,24.76887],[121.02989,24.76647],[121.03307,24.76489],[121.03353,24.76367],[121.03255,24.76182],[121.03052,24.76115],[121.02778,24.75806],[121.02366,24.75679],[121.02059,24.75661],[121.01929,24.75909],[121.01825,24.76395],[121.01695,24.76486],[121.01702,24.76581],[121.0136,24.7709],[121.00971,24.77379],[121.00803,24.77449],[121.00674,24.77429],[121.00545,24.77478],[120.99944,24.77839],[120.99568,24.78009],[120.99316,24.7806],[120.99028,24.77689],[120.98824,24.77742],[120.98584,24.77691],[120.98557,24.77608],[120.98476,24.7759],[120.9864,24.77354],[120.98698,24.77031],[120.98838,24.76807],[120.98666,24.76842],[120.98197,24.76743],[120.98063,24.76546],[120.98047,24.76413],[120.97942,24.76329],[120.97867,24.76354],[120.97713,24.76311],[120.97657,24.76441],[120.97495,24.76403],[120.97442,24.765],[120.97302,24.76422],[120.97162,24.76468],[120.97099,24.76574],[120.96984,24.76516],[120.96755,24.76059],[120.96741,24.75646],[120.96633,24.75577],[120.96533,24.7562],[120.96435,24.75519],[120.96351,24.75551],[120.96272,24.75491],[120.96285,24.75434],[120.96146,24.75122],[120.95856,24.74921],[120.95745,24.74961],[120.95716,24.74836],[120.95779,24.74619],[120.95756,24.7453],[120.95633,24.74512],[120.9541,24.74342],[120.95263,24.74414],[120.95196,24.74379],[120.95113,24.74451],[120.94893,24.74445],[120.94811,24.74523],[120.94682,24.74479],[120.94588,24.7453],[120.94408,24.74417],[120.94321,24.73904],[120.94178,24.73728],[120.94169,24.73501],[120.93986,24.73274],[120.94233,24.73044],[120.94182,24.72856],[120.94062,24.72843],[120.93895,24.72976],[120.93801,24.72942],[120.93894,24.72768],[120.93783,24.72724],[120.9387,24.7267],[120.93927,24.72542],[120.93865,24.72488],[120.9391,24.72275],[120.93829,24.7216],[120.93884,24.72042],[120.93816,24.71832],[120.93863,24.71661],[120.93603,24.71469],[120.93542,24.71256],[120.9363,24.711],[120.93752,24.71077],[120.93854,24.70908],[120.94221,24.70731],[120.94512,24.70789],[120.94555,24.70987],[120.94675,24.70994],[120.94816,24.71121],[120.9498,24.7112],[120.95083,24.70953],[120.95092,24.70774],[120.9519,24.70757],[120.95246,24.7064],[120.95335,24.70598],[120.95282,24.70468],[120.95341,24.70404],[120.95511,24.70457],[120.95679,24.70657],[120.95935,24.70666],[120.96064,24.70906],[120.96214,24.7095],[120.96229,24.71088],[120.96337,24.71148],[120.96401,24.71149],[120.96613,24.70964],[120.96859,24.71121],[120.97039,24.71089],[120.9708,24.71126],[120.97068,24.71197],[120.97165,24.71245],[120.97235,24.71193],[120.97286,24.71225],[120.97379,24.71187],[120.97433,24.71112],[120.97503,24.71101],[120.97583,24.70949],[120.97456,24.70856],[120.97665,24.70626],[120.97583,24.70494],[120.97465,24.70437],[120.97318,24.70451],[120.97244,24.70417],[120.97219,24.70346],[120.97362,24.70116],[120.974,24.69694],[120.97181,24.69672],[120.97019,24.6941],[120.96843,24.69319],[120.96788,24.6919],[120.96638,24.69117],[120.96601,24.69037],[120.96643,24.68916],[120.96517,24.68811],[120.96675,24.68611],[120.9657,24.68478],[120.9647,24.68458],[120.96441,24.68362],[120.96736,24.68444],[120.97058,24.68421],[120.97166,24.68549],[120.9727,24.68585],[120.97352,24.68585],[120.97435,24.68485],[120.97557,24.68456],[120.97643,24.68314],[120.97679,24.67899],[120.97752,24.67829],[120.97648,24.67618],[120.97715,24.67465],[120.97702,24.67365],[120.97776,24.67399],[120.97931,24.67372],[120.98175,24.67178],[120.98173,24.67102],[120.9832,24.66981],[120.98319,24.66719],[120.98525,24.66681],[120.98593,24.6647],[120.98692,24.66367],[120.98908,24.66303],[120.99011,24.66476],[120.99065,24.66479],[120.99064,24.66039],[120.99168,24.65954],[120.99509,24.6593],[120.99614,24.65802],[120.99551,24.65724],[120.99622,24.65534],[120.99724,24.65461],[121.00008,24.65472],[121.00402,24.65638],[121.006,24.65526],[121.01028,24.65621],[121.01089,24.6545],[121.01068,24.65233],[121.00976,24.65161],[121.00876,24.65157],[121.00811,24.6505],[121.00896,24.64757],[121.00821,24.64432],[121.0106,24.64374],[121.01439,24.64085],[121.0184,24.64075],[121.02351,24.64182],[121.02544,24.64121],[121.02598,24.64],[121.02516,24.63782],[121.02576,24.63612],[121.02938,24.63287],[121.03346,24.63206],[121.03728,24.62964],[121.03901,24.62965],[121.04054,24.62697],[121.0431,24.62725]]]]}},{"type":"Feature","properties":{"county":"嘉義縣"},"geometry":{"type":"MultiPolygon","coordinates":[[[[120.53352,23.33643],[120.53681,23.33326],[120.54,23.32787],[120.53706,23.32654],[120.53511,23.32325],[120.53378,23.32198],[120.53195,23.32115],[120.53156,23.3181],[120.53101,23.31725],[120.52941,23.31686],[120.52709,23.31453],[120.52389,23.31335],[120.52255,23.31175],[120.52335,23.30881],[120.52388,23.30239],[120.52568,23.29824],[120.52628,23.29533],[120.52601,23.29223],[120.52446,23.29154],[120.52377,23.2901],[120.52258,23.28932],[120.52186,23.28809],[120.52298,23.2843],[120.52262,23.28312],[120.52294,23.28206],[120.52097,23.27969],[120.52233,23.27438],[120.52043,23.27178],[120.52216,23.2703],[120.52349,23.26832],[120.52609,23.26649],[120.52669,23.26401],[120.52853,23.26196],[120.52932,23.25787],[120.53056,23.25729],[120.53079,23.25592],[120.5323,23.25505],[120.53032,23.24853],[120.52791,23.24536],[120.52416,23.242],[120.51904,23.23926],[120.51966,23.2379],[120.5206,23.23764],[120.5209,23.23687],[120.52288,23.2353],[120.52483,23.23238],[120.52682,23.23093],[120.52754,23.23179],[120.52968,23.23255],[120.53133,23.23173],[120.53221,23.22957],[120.53405,23.22899],[120.53599,23.22924],[120.53976,23.22767],[120.54151,23.22783],[120.54209,23.22716],[120.54399,23.22658],[120.54853,23.22399],[120.54978,23.22134],[120.55251,23.22027],[120.5535,23.2189],[120.55431,23.21875],[120.55498,23.21747],[120.55808,23.21682],[120.56137,23.21741],[120.56378,23.22022],[120.56529,23.22098],[120.57103,23.21821],[120.57487,23.2177],[120.57745,23.21589],[120.57826,23.21478],[120.57968,23.21899],[120.58178,23.21992],[120.5849,23.22325],[120.58661,23.22416],[120.58888,23.23006],[120.59003,23.23166],[120.59025,23.23433],[120.59197,23.23672],[120.59248,23.23985],[120.5938,23.23942],[120.59579,23.23673],[120.59655,23.23437],[120.59639,23.23172],[120.59724,23.22904],[120.60272,23.22608],[120.60652,23.22578],[120.60817,23.22468],[120.60982,23.22264],[120.61165,23.22281],[120.61308,23.224],[120.61676,23.22355],[120.61839,23.22565],[120.62476,23.22717],[120.62619,23.22856],[120.62838,23.22945],[120.62957,23.22906],[120.63121,23.22951],[120.6333,23.22862],[120.63411,23.22922],[120.63582,23.2283],[120.63891,23.22795],[120.64242,23.22572],[120.64417,23.22532],[120.64691,23.22713],[120.64793,23.22674],[120.648,23.22581],[120.64895,23.22518],[120.65138,23.22409],[120.65296,23.22426],[120.65344,23.22454],[120.64948,23.22864],[120.64955,23.23065],[120.65047,23.23296],[120.65009,23.23338],[120.65025,23.23426],[120.65131,23.23582],[120.65066,23.23585],[120.65116,23.23665],[120.65052,23.23709],[120.65085,23.23799],[120.64918,23.24049],[120.64939,23.24167],[120.64917,23.24271],[120.64864,23.24305],[120.64864,23.24444],[120.64789,23.24463],[120.64923,23.24691],[120.64806,23.24846],[120.64845,23.24925],[120.64773,23.24959],[120.64208,23.25681],[120.64209,23.26103],[120.64069,23.26652],[120.63829,23.26918],[120.63901,23.27044],[120.64109,23.27102],[120.64063,23.27416],[120.64187,23.27464],[120.64315,23.27598],[120.643,23.27684],[120.64201,23.2776],[120.64191,23.27854],[120.64405,23.28223],[120.64329,23.2861],[120.64186,23.28748],[120.64372,23.28944],[120.64203,23.2929],[120.64374,23.2961],[120.64702,23.29744],[120.64945,23.2929],[120.652,23.29117],[120.65532,23.29193],[120.65741,23.29524],[120.65843,23.29597],[120.65967,23.29476],[120.66183,23.29501],[120.66198,23.29396],[120.66267,23.29354],[120.66391,23.29384],[120.66539,23.29317],[120.66562,23.29408],[120.66731,23.29403],[120.66824,23.2921],[120.66972,23.29219],[120.67089,23.2902],[120.67141,23.28997],[120.67374,23.29111],[120.67455,23.29089],[120.67596,23.29029],[120.67617,23.2886],[120.67735,23.28784],[120.67882,23.28885],[120.68192,23.28764],[120.68717,23.2866],[120.6899,23.28531],[120.69351,23.28454],[120.69954,23.28442],[120.70116,23.28556],[120.7014,23.2869],[120.70342,23.28909],[120.70334,23.29031],[120.70257,23.29105],[120.70287,23.29179],[120.70234,23.29384],[120.70283,23.29756],[120.70438,23.30197],[120.70677,23.30473],[120.7103,23.30675],[120.71217,23.3087],[120.71628,23.30761],[120.72131,23.30827],[120.73063,23.30561],[120.73081,23.30781],[120.73017,23.31076],[120.73231,23.31386],[120.73516,23.31556],[120.73943,23.31684],[120.74007,23.31778],[120.74039,23.32043],[120.74105,23.32108],[120.74786,23.32191],[120.75007,23.32404],[120.75082,23.32593],[120.75287,23.32704],[120.75325,23.32819],[120.75222,23.32993],[120.75238,23.33103],[120.75644,23.33279],[120.75883,23.33644],[120.75855,23.3373],[120.75708,23.33856],[120.75848,23.34087],[120.75848,23.34162],[120.75751,23.34298],[120.75807,23.34426],[120.76168,23.34351],[120.76443,23.34167],[120.76846,23.34388],[120.77333,23.34182],[120.77446,23.343],[120.77714,23.34354],[120.77795,23.3434],[120.77858,23.34266],[120.78321,23.3422],[120.78521,23.34534],[120.78758,23.34614],[120.78866,23.34911],[120.78845,23.35282],[120.79181,23.35347],[120.79161,23.35622],[120.79199,23.35724],[120.79306,23.35759],[120.79599,23.35676],[120.79682,23.35761],[120.7979,23.36031],[120.79951,23.3612],[120.80065,23.36064],[120.80108,23.36373],[120.80251,23.36559],[120.80469,23.36721],[120.80327,23.36946],[120.80429,23.37066],[120.80579,23.37091],[120.80724,23.36911],[120.80852,23.36839],[120.80984,23.36955],[120.8134,23.36942],[120.81628,23.37148],[120.82119,23.37052],[120.82309,23.37194],[120.82542,23.37171],[120.8253,23.37286],[120.82574,23.37349],[120.82853,23.37495],[120.82911,23.3758],[120.82977,23.38158],[120.82938,23.38343],[120.83097,23.3866],[120.83291,23.38721],[120.83463,23.38668],[120.83491,23.38772],[120.8341,23.38872],[120.83412,23.38965],[120.83454,23.39002],[120.83558,23.38986],[120.83687,23.39339],[120.83888,23.39448],[120.84101,23.39492],[120.84117,23.39608],[120.83876,23.3965],[120.83841,23.39825],[120.84053,23.39977],[120.84104,23.40101],[120.84236,23.40174],[120.8431,23.40328],[120.84394,23.40392],[120.84475,23.40823],[120.8475,23.40996],[120.84792,23.41121],[120.84931,23.41201],[120.84952,23.41775],[120.84917,23.41949],[120.84978,23.42036],[120.85309,23.42194],[120.85397,23.42319],[120.85708,23.42197],[120.85786,23.42298],[120.8581,23.42434],[120.8591,23.42512],[120.86004,23.42378],[120.8623,23.42458],[120.86452,23.42394],[120.86625,23.42608],[120.86813,23.42665],[120.86962,23.42643],[120.87053,23.42836],[120.87174,23.4296],[120.8734,23.42965],[120.87542,23.43135],[120.87536,23.43277],[120.87892,23.43215],[120.88162,23.43301],[120.88255,23.43412],[120.88282,23.43541],[120.88382,23.43626],[120.88556,23.43481],[120.88676,23.43485],[120.8907,23.44241],[120.8906,23.44344],[120.89154,23.44461],[120.89177,23.44661],[120.89223,23.44655],[120.89287,23.44521],[120.89515,23.44592],[120.89642,23.44959],[120.89624,23.45042],[120.90041,23.45209],[120.90052,23.45409],[120.90237,23.45414],[120.90448,23.45295],[120.90567,23.45318],[120.90644,23.45459],[120.90746,23.45504],[120.90833,23.45671],[120.9094,23.45754],[120.91166,23.45763],[120.91294,23.45852],[120.91517,23.45801],[120.91617,23.45889],[120.92144,23.4591],[120.92248,23.45814],[120.92387,23.45835],[120.92619,23.45748],[120.92684,23.456],[120.92848,23.45549],[120.92839,23.45691],[120.93155,23.45714],[120.93475,23.45844],[120.93511,23.4589],[120.93449,23.45989],[120.9345,23.46145],[120.93645,23.46369],[120.93891,23.46392],[120.94116,23.46301],[120.94844,23.46417],[120.956,23.46734],[120.95711,23.4684],[120.9575,23.46956],[120.95525,23.46927],[120.9522,23.46772],[120.94752,23.46712],[120.94497,23.46785],[120.94226,23.46932],[120.93933,23.47213],[120.93757,23.47305],[120.93465,23.47311],[120.93238,23.47113],[120.93096,23.47066],[120.9265,23.47296],[120.92419,23.47345],[120.92092,23.47493],[120.91897,23.47488],[120.91748,23.47569],[120.91509,23.47463],[120.91021,23.47623],[120.90805,23.47582],[120.90195,23.47608],[120.89984,23.47537],[120.8965,23.47589],[120.88618,23.47537],[120.88427,23.47431],[120.88414,23.47314],[120.88206,23.47001],[120.8819,23.46829],[120.88003,23.46762],[120.87309,23.46853],[120.86834,23.47063],[120.86669,23.4723],[120.8632,23.47355],[120.85813,23.47285],[120.85622,23.47342],[120.8542,23.4733],[120.84914,23.47209],[120.84701,23.47301],[120.84409,23.47281],[120.84209,23.47326],[120.83897,23.47122],[120.83264,23.47473],[120.83165,23.47766],[120.8299,23.48073],[120.82725,23.48296],[120.82618,23.48851],[120.8253,23.48971],[120.82545,23.49482],[120.82463,23.49661],[120.82374,23.49698],[120.82285,23.49867],[120.82407,23.50528],[120.82283,23.50862],[120.82304,23.51136],[120.82013,23.51414],[120.81956,23.51558],[120.81977,23.5175],[120.81911,23.51953],[120.82035,23.52148],[120.81797,23.52369],[120.81161,23.53371],[120.80861,23.53619],[120.80897,23.53761],[120.80832,23.5393],[120.80818,23.54213],[120.80883,23.54586],[120.8112,23.54925],[120.81149,23.55105],[120.81448,23.55173],[120.81586,23.55311],[120.8159,23.55367],[120.81405,23.55541],[120.81415,23.55624],[120.81588,23.55737],[120.82063,23.5624],[120.81992,23.56452],[120.82153,23.56848],[120.82111,23.57015],[120.8219,23.57091],[120.81963,23.57453],[120.81991,23.57768],[120.82023,23.57869],[120.82157,23.5799],[120.82162,23.58214],[120.82371,23.58412],[120.82469,23.5842],[120.82463,23.58532],[120.82553,23.58637],[120.82321,23.5875],[120.81984,23.59051],[120.81867,23.59371],[120.81766,23.59432],[120.81687,23.5956],[120.81861,23.59824],[120.81832,23.59906],[120.81724,23.59978],[120.81371,23.60095],[120.81126,23.60013],[120.80979,23.59869],[120.80512,23.59862],[120.80333,23.59665],[120.80109,23.59662],[120.79807,23.59744],[120.79492,23.59725],[120.79087,23.60094],[120.78745,23.60127],[120.78313,23.60074],[120.77774,23.60232],[120.77653,23.60403],[120.77422,23.60536],[120.77022,23.60596],[120.76925,23.60854],[120.7669,23.60976],[120.76428,23.61224],[120.75808,23.61249],[120.75431,23.61464],[120.75216,23.61476],[120.75069,23.6143],[120.74922,23.6122],[120.74748,23.61116],[120.74635,23.61248],[120.74439,23.61267],[120.74137,23.61227],[120.7394,23.61036],[120.7374,23.60963],[120.73586,23.60955],[120.73086,23.61081],[120.73,23.61059],[120.72896,23.60877],[120.72674,23.60742],[120.72455,23.60377],[120.72781,23.60138],[120.72875,23.59899],[120.73271,23.59717],[120.7299,23.59364],[120.73259,23.58969],[120.73234,23.58784],[120.73399,23.58421],[120.73235,23.57967],[120.73216,23.57713],[120.73517,23.57503],[120.73606,23.57305],[120.73616,23.57046],[120.73284,23.571],[120.7279,23.57033],[120.7245,23.57189],[120.71795,23.56904],[120.71657,23.56952],[120.71603,23.57108],[120.71474,23.57081],[120.7126,23.57135],[120.71101,23.57083],[120.71009,23.57116],[120.7095,23.57207],[120.70947,23.57467],[120.7089,23.57571],[120.70466,23.57497],[120.70074,23.57608],[120.69402,23.5765],[120.69134,23.57611],[120.68941,23.57521],[120.68633,23.57488],[120.68207,23.57188],[120.67624,23.57071],[120.67489,23.57125],[120.67332,23.57367],[120.67246,23.57656],[120.67134,23.578],[120.66996,23.57878],[120.66858,23.57778],[120.66569,23.57778],[120.66069,23.57629],[120.65806,23.57288],[120.65671,23.5724],[120.65082,23.57242],[120.64986,23.57279],[120.6493,23.57482],[120.64726,23.57669],[120.64658,23.57675],[120.64549,23.57574],[120.64415,23.57529],[120.64346,23.57571],[120.64348,23.57821],[120.64471,23.57945],[120.64596,23.57943],[120.64726,23.58039],[120.64904,23.58274],[120.64929,23.58563],[120.64733,23.58581],[120.64708,23.58748],[120.64864,23.59026],[120.64913,23.59241],[120.64746,23.59322],[120.64536,23.59352],[120.64313,23.59258],[120.63981,23.59254],[120.63083,23.58995],[120.62474,23.59054],[120.6232,23.58998],[120.62296,23.58801],[120.62081,23.58644],[120.619,23.58417],[120.61546,23.58532],[120.61289,23.58441],[120.6102,23.58262],[120.60652,23.58421],[120.60551,23.58366],[120.60031,23.58313],[120.59773,23.5846],[120.596,23.58474],[120.59482,23.5854],[120.59109,23.58501],[120.58975,23.58572],[120.58884,23.5855],[120.58592,23.5826],[120.58504,23.58298],[120.5814,23.58213],[120.5803,23.58227],[120.5785,23.58336],[120.57674,23.58351],[120.57636,23.58442],[120.57495,23.58468],[120.57412,23.58599],[120.57071,23.58804],[120.56709,23.58774],[120.56536,23.58948],[120.56309,23.58964],[120.56084,23.58859],[120.55786,23.58918],[120.55699,23.59078],[120.55705,23.59233],[120.55642,23.5929],[120.55192,23.59395],[120.5485,23.59374],[120.53694,23.59473],[120.53305,23.59701],[120.53214,23.59884],[120.52952,23.59986],[120.52773,23.60321],[120.52435,23.60554],[120.52292,23.60716],[120.51941,23.60924],[120.51763,23.61105],[120.51504,23.61519],[120.5124,23.61796],[120.51026,23.61933],[120.50949,23.6217],[120.5077,23.62299],[120.5076,23.62405],[120.50645,23.62586],[120.50649,23.62815],[120.50765,23.63023],[120.5075,23.63118],[120.50587,23.6339],[120.50356,23.63528],[120.5017,23.6348],[120.50007,23.63509],[120.49786,23.63477],[120.49321,23.63313],[120.4911,23.63483],[120.48873,23.6359],[120.48755,23.63523],[120.48717,23.63416],[120.48814,23.63144],[120.48787,23.63071],[120.48586,23.63063],[120.48265,23.63219],[120.47926,23.63295],[120.47873,23.63278],[120.47702,23.62954],[120.47635,23.62953],[120.47399,23.63107],[120.46959,23.63023],[120.46614,23.63027],[120.46391,23.62943],[120.4604,23.62934],[120.45848,23.62767],[120.45427,23.62631],[120.45105,23.62712],[120.45337,23.62849],[120.45403,23.62946],[120.45418,23.62992],[120.45303,23.63069],[120.45223,23.63075],[120.44997,23.62942],[120.44699,23.62965],[120.4445,23.63053],[120.44264,23.62889],[120.44113,23.62597],[120.43787,23.62653],[120.43529,23.62552],[120.43535,23.62439],[120.43712,23.62356],[120.43704,23.62191],[120.43597,23.62178],[120.43362,23.62287],[120.43181,23.62156],[120.43154,23.61984],[120.43034,23.61847],[120.42762,23.61934],[120.42668,23.61916],[120.42538,23.61801],[120.4218,23.61962],[120.4207,23.62516],[120.41983,23.6251],[120.41811,23.62398],[120.4158,23.62138],[120.41382,23.62241],[120.41423,23.62305],[120.41298,23.62395],[120.4096,23.62524],[120.40663,23.62518],[120.40641,23.63254],[120.40591,23.63362],[120.40462,23.63419],[120.40147,23.6329],[120.40089,23.63215],[120.40264,23.62694],[120.39448,23.62405],[120.3931,23.62422],[120.39225,23.62357],[120.39241,23.62239],[120.38605,23.6207],[120.38283,23.61469],[120.38338,23.61291],[120.38068,23.61172],[120.37999,23.61001],[120.37114,23.60949],[120.36911,23.60856],[120.36812,23.60748],[120.36651,23.60781],[120.36571,23.60247],[120.35906,23.59505],[120.35463,23.59352],[120.34332,23.59192],[120.33988,23.59197],[120.33525,23.593],[120.33444,23.59267],[120.33361,23.59146],[120.33312,23.5792],[120.3316,23.57745],[120.327,23.57417],[120.32402,23.573],[120.31962,23.57238],[120.31156,23.57503],[120.30744,23.57465],[120.30645,23.57358],[120.30647,23.57206],[120.31024,23.56721],[120.31055,23.56445],[120.30655,23.56287],[120.29536,23.56458],[120.29267,23.56396],[120.29037,23.56257],[120.28926,23.56118],[120.28908,23.55837],[120.29077,23.55054],[120.28623,23.54756],[120.2826,23.54603],[120.2802,23.54588],[120.27636,23.54347],[120.27423,23.53762],[120.27339,23.53351],[120.27191,23.53075],[120.27032,23.53022],[120.26785,23.53047],[120.26345,23.53353],[120.26136,23.53634],[120.25811,23.54375],[120.2561,23.54609],[120.25382,23.54642],[120.2489,23.54576],[120.24336,23.54361],[120.24209,23.54154],[120.24195,23.53916],[120.24405,23.53261],[120.24708,23.51527],[120.24665,23.51383],[120.24309,23.51012],[120.24052,23.50841],[120.23708,23.50695],[120.23088,23.50544],[120.22305,23.50432],[120.21577,23.50691],[120.21006,23.50966],[120.20667,23.5106],[120.20681,23.51158],[120.20633,23.51162],[120.20627,23.51114],[120.20309,23.51205],[120.20284,23.51112],[120.20099,23.5114],[120.20128,23.51244],[120.19854,23.51304],[120.19839,23.51258],[120.19674,23.513],[120.19638,23.51235],[120.19459,23.5125],[120.18993,23.51004],[120.18755,23.5106],[120.18098,23.50985],[120.17241,23.51468],[120.16659,23.51723],[120.16541,23.51721],[120.16456,23.51583],[120.15814,23.51592],[120.15229,23.51824],[120.14931,23.51892],[120.14585,23.52082],[120.14585,23.51848],[120.14264,23.5185],[120.14245,23.51743],[120.12487,23.52048],[120.12153,23.5195],[120.11944,23.51718],[120.11892,23.51506],[120.11943,23.49549],[120.12083,23.49241],[120.12467,23.48873],[120.12737,23.48794],[120.13357,23.48815],[120.15786,23.49504],[120.15897,23.49455],[120.15871,23.49358],[120.16074,23.49293],[120.16252,23.49315],[120.16968,23.49219],[120.16968,23.49177],[120.16865,23.49175],[120.16968,23.4917],[120.16968,23.4913],[120.16967,23.49051],[120.16841,23.49057],[120.16962,23.49047],[120.16936,23.48989],[120.16762,23.49073],[120.1601,23.49185],[120.15523,23.49108],[120.15665,23.48754],[120.15579,23.48407],[120.15472,23.48405],[120.15411,23.48225],[120.15153,23.4807],[120.14981,23.47844],[120.14905,23.47814],[120.14947,23.47731],[120.14926,23.47621],[120.14962,23.47603],[120.14809,23.47567],[120.14866,23.47583],[120.14902,23.47476],[120.14818,23.47441],[120.14754,23.47514],[120.1478,23.47544],[120.14689,23.475],[120.14603,23.47422],[120.14704,23.47476],[120.14784,23.47372],[120.14693,23.47306],[120.1463,23.47377],[120.14679,23.47293],[120.1459,23.47228],[120.14498,23.47334],[120.14585,23.47409],[120.14487,23.4734],[120.14558,23.47224],[120.14409,23.47011],[120.14432,23.46805],[120.14608,23.46611],[120.14524,23.46494],[120.14557,23.46424],[120.14586,23.46443],[120.14535,23.46497],[120.14612,23.46577],[120.14695,23.46518],[120.14644,23.46412],[120.14602,23.46427],[120.14639,23.46397],[120.14527,23.46221],[120.14482,23.45983],[120.13905,23.45805],[120.13437,23.45407],[120.13325,23.45158],[120.13539,23.4477],[120.13819,23.44904],[120.13643,23.44849],[120.13539,23.45113],[120.13877,23.45266],[120.13992,23.45068],[120.13879,23.44973],[120.13869,23.44894],[120.13908,23.44971],[120.14258,23.45145],[120.14968,23.45427],[120.15115,23.45568],[120.15225,23.45485],[120.15259,23.45393],[120.15224,23.45262],[120.15278,23.45215],[120.1517,23.45197],[120.15097,23.44898],[120.1556,23.44826],[120.15468,23.4478],[120.14979,23.44185],[120.14833,23.43872],[120.14755,23.43903],[120.14689,23.43837],[120.14652,23.43747],[120.14728,23.43633],[120.14579,23.43328],[120.14551,23.4286],[120.14796,23.42792],[120.14818,23.42722],[120.14822,23.4278],[120.15047,23.42771],[120.14886,23.42743],[120.14846,23.42605],[120.149,23.42553],[120.15126,23.42615],[120.15362,23.4284],[120.15574,23.42857],[120.156,23.4273],[120.15276,23.42477],[120.1518,23.42463],[120.15251,23.42458],[120.15163,23.42389],[120.15113,23.42396],[120.15161,23.4245],[120.14953,23.42303],[120.14954,23.4198],[120.15054,23.41949],[120.15127,23.41829],[120.1482,23.41486],[120.14928,23.41312],[120.14941,23.40615],[120.15149,23.39853],[120.15244,23.39978],[120.15301,23.39861],[120.15383,23.39915],[120.15414,23.40426],[120.15998,23.40612],[120.16052,23.40157],[120.16161,23.39792],[120.16167,23.39466],[120.1637,23.39304],[120.16073,23.38879],[120.15706,23.38991],[120.1555,23.39094],[120.15365,23.38896],[120.15458,23.38947],[120.15498,23.38919],[120.15569,23.39007],[120.15672,23.38936],[120.15615,23.38864],[120.15673,23.38826],[120.15735,23.38905],[120.15926,23.38769],[120.15778,23.38579],[120.1568,23.38641],[120.1573,23.38723],[120.15672,23.38651],[120.15504,23.38759],[120.1555,23.38818],[120.154,23.38811],[120.15734,23.38495],[120.1569,23.38427],[120.15745,23.38493],[120.15819,23.38478],[120.15801,23.38376],[120.15731,23.38344],[120.15707,23.38388],[120.15725,23.38331],[120.15804,23.38331],[120.1573,23.38304],[120.15704,23.38178],[120.15736,23.38299],[120.15788,23.38319],[120.15834,23.38177],[120.1571,23.38152],[120.15724,23.38082],[120.15841,23.38154],[120.15761,23.38027],[120.15798,23.37981],[120.15734,23.38044],[120.15722,23.37982],[120.15646,23.37978],[120.15591,23.3847],[120.15521,23.38471],[120.15302,23.38762],[120.15227,23.388],[120.15184,23.3875],[120.15206,23.3886],[120.1507,23.38835],[120.14808,23.38553],[120.13953,23.38529],[120.1376,23.38468],[120.13166,23.38478],[120.13194,23.37642],[120.1309,23.37044],[120.12945,23.36878],[120.12803,23.36357],[120.12391,23.3566],[120.12194,23.35156],[120.11934,23.34693],[120.11838,23.34366],[120.11857,23.34284],[120.11906,23.34313],[120.11807,23.34017],[120.13229,23.32976],[120.13692,23.32799],[120.14708,23.32107],[120.1486,23.31951],[120.14837,23.31527],[120.14966,23.31325],[120.15413,23.31309],[120.15591,23.31017],[120.16058,23.31065],[120.16467,23.30924],[120.16834,23.30701],[120.17095,23.30458],[120.17392,23.2999],[120.17373,23.29915],[120.176,23.29391],[120.18011,23.29109],[120.18714,23.29005],[120.18927,23.29047],[120.18936,23.29235],[120.18615,23.29538],[120.18579,23.2966],[120.18632,23.29827],[120.18841,23.30123],[120.1909,23.30073],[120.20051,23.29372],[120.20594,23.29148],[120.20861,23.2913],[120.21183,23.29271],[120.21239,23.2917],[120.22087,23.296],[120.22706,23.30531],[120.22828,23.31015],[120.23123,23.31619],[120.23428,23.31981],[120.23555,23.32327],[120.23759,23.32665],[120.2397,23.32756],[120.24109,23.32707],[120.24631,23.32696],[120.24922,23.32893],[120.25744,23.33169],[120.26708,23.34069],[120.2675,23.34476],[120.26572,23.34459],[120.26384,23.3451],[120.26071,23.34447],[120.26502,23.35149],[120.26722,23.35331],[120.27049,23.35369],[120.27389,23.35245],[120.27576,23.35003],[120.27611,23.34839],[120.27774,23.34772],[120.28141,23.34823],[120.28614,23.35021],[120.28644,23.35167],[120.28606,23.35396],[120.28461,23.35625],[120.28367,23.36],[120.2838,23.36205],[120.28589,23.36722],[120.29028,23.37184],[120.29274,23.37532],[120.29936,23.37534],[120.30361,23.37596],[120.30796,23.37495],[120.31095,23.37544],[120.31034,23.3831],[120.3112,23.38339],[120.311,23.38557],[120.31245,23.38698],[120.31463,23.38795],[120.31477,23.38846],[120.31784,23.38843],[120.31885,23.38718],[120.31942,23.38734],[120.31989,23.38677],[120.31945,23.38604],[120.32179,23.38353],[120.32358,23.38364],[120.32426,23.38438],[120.32869,23.38612],[120.32894,23.38488],[120.33334,23.38585],[120.34272,23.39622],[120.3431,23.39828],[120.34633,23.40038],[120.34938,23.4013],[120.35343,23.40121],[120.35985,23.40267],[120.38104,23.40344],[120.38425,23.40408],[120.39616,23.40729],[120.40417,23.41005],[120.4067,23.41151],[120.40811,23.41343],[120.40942,23.41243],[120.41049,23.41017],[120.41449,23.41124],[120.4163,23.41042],[120.41795,23.40852],[120.41837,23.40629],[120.41928,23.40417],[120.42006,23.40346],[120.42195,23.40704],[120.42328,23.40642],[120.42613,23.40687],[120.42776,23.40637],[120.42868,23.40731],[120.43031,23.40648],[120.43168,23.40792],[120.43225,23.41082],[120.4332,23.41129],[120.43435,23.41108],[120.4344,23.41214],[120.43571,23.41221],[120.43621,23.41282],[120.43691,23.41229],[120.43808,23.41336],[120.4394,23.41295],[120.44,23.41373],[120.44025,23.41308],[120.44156,23.41316],[120.44454,23.41101],[120.44792,23.4096],[120.45008,23.40923],[120.45179,23.40829],[120.45327,23.40648],[120.45432,23.40634],[120.45398,23.40722],[120.45919,23.40464],[120.46094,23.40471],[120.46084,23.40372],[120.46184,23.40244],[120.46495,23.40077],[120.46672,23.40054],[120.46769,23.40112],[120.46883,23.40051],[120.46952,23.3994],[120.47218,23.39808],[120.47325,23.39817],[120.47412,23.3972],[120.47433,23.39597],[120.47611,23.39394],[120.47538,23.391],[120.47747,23.39071],[120.47942,23.38759],[120.48087,23.38931],[120.48214,23.38928],[120.48315,23.38984],[120.484,23.39152],[120.48567,23.39144],[120.48524,23.3924],[120.48554,23.39306],[120.48627,23.39311],[120.48691,23.39237],[120.48793,23.39301],[120.48921,23.39248],[120.48865,23.39361],[120.48978,23.3944],[120.49032,23.39562],[120.49375,23.39496],[120.49425,23.39423],[120.49486,23.39441],[120.4948,23.39331],[120.49559,23.39318],[120.4975,23.39123],[120.49715,23.38929],[120.49914,23.38804],[120.49903,23.3874],[120.49682,23.38425],[120.4959,23.38388],[120.49452,23.38431],[120.49141,23.38263],[120.49028,23.38307],[120.48918,23.38178],[120.4844,23.37948],[120.48359,23.37734],[120.48294,23.37233],[120.48394,23.36957],[120.48635,23.37038],[120.48824,23.373],[120.48873,23.37307],[120.48945,23.37284],[120.4901,23.37112],[120.4915,23.37249],[120.49427,23.36949],[120.49606,23.36995],[120.49947,23.36803],[120.50179,23.36782],[120.5026,23.36954],[120.50344,23.36935],[120.50347,23.36889],[120.50484,23.3689],[120.50519,23.3683],[120.50456,23.36818],[120.50493,23.36743],[120.50676,23.36703],[120.50732,23.36651],[120.50718,23.36589],[120.50877,23.36462],[120.50955,23.36447],[120.5099,23.36488],[120.51054,23.36436],[120.51067,23.36356],[120.51022,23.36331],[120.51053,23.36238],[120.51119,23.36235],[120.51118,23.36064],[120.51209,23.36062],[120.51243,23.35983],[120.51242,23.35586],[120.51084,23.354],[120.50803,23.35276],[120.50616,23.3553],[120.50472,23.35468],[120.50356,23.35029],[120.50378,23.34939],[120.50464,23.34935],[120.50445,23.34654],[120.50567,23.34547],[120.50509,23.34481],[120.50661,23.34419],[120.50786,23.343],[120.50961,23.34337],[120.51043,23.34409],[120.51426,23.34386],[120.51495,23.34327],[120.51558,23.34374],[120.51671,23.34267],[120.51778,23.34262],[120.51842,23.34201],[120.52068,23.34195],[120.52142,23.34046],[120.52311,23.34068],[120.52475,23.3382],[120.52585,23.3392],[120.52693,23.33939],[120.52759,23.33859],[120.53029,23.33806],[120.53153,23.33682],[120.53352,23.33643]],[[120.40809,23.50593],[120.40881,23.50657],[120.40785,23.5026],[120.40832,23.4987],[120.41071,23.49866],[120.41225,23.49918],[120.4133,23.50225],[120.41675,23.50536],[120.42477,23.5063],[120.42605,23.50854],[120.42748,23.50918],[120.43223,23.50871],[120.43336,23.50903],[120.43386,23.51092],[120.43253,23.5137],[120.43353,23.51434],[120.43385,23.51517],[120.43362,23.51717],[120.43504,23.51727],[120.43584,23.51677],[120.43736,23.51515],[120.43718,23.51397],[120.43906,23.51224],[120.44061,23.51193],[120.44215,23.51332],[120.44068,23.51832],[120.44439,23.51728],[120.44517,23.51815],[120.44677,23.51843],[120.45328,23.51588],[120.45666,23.51593],[120.45737,23.51529],[120.4574,23.51374],[120.45628,23.51294],[120.45631,23.51177],[120.45778,23.50891],[120.45954,23.50771],[120.46063,23.50621],[120.46198,23.50352],[120.46217,23.50154],[120.46443,23.49907],[120.46747,23.49878],[120.46972,23.49977],[120.47083,23.50382],[120.47259,23.5052],[120.4735,23.50685],[120.47475,23.50682],[120.48,23.50434],[120.48131,23.50438],[120.48316,23.50536],[120.4847,23.50174],[120.48465,23.49896],[120.48368,23.49824],[120.48364,23.49656],[120.48434,23.49513],[120.48713,23.49285],[120.48747,23.49209],[120.48846,23.49208],[120.48942,23.49137],[120.49361,23.49113],[120.49425,23.49018],[120.49498,23.49009],[120.49894,23.49099],[120.50126,23.48991],[120.50097,23.4886],[120.50197,23.4862],[120.50373,23.485],[120.50306,23.48325],[120.50247,23.4829],[120.50254,23.48193],[120.50177,23.48171],[120.50182,23.48093],[120.50408,23.48098],[120.50432,23.48034],[120.50369,23.47888],[120.50508,23.47877],[120.50901,23.47516],[120.50938,23.47425],[120.5092,23.47213],[120.50862,23.47137],[120.5071,23.47169],[120.50662,23.47015],[120.50486,23.46951],[120.50375,23.46718],[120.50177,23.46692],[120.50091,23.46578],[120.49971,23.46539],[120.50066,23.46097],[120.49866,23.45853],[120.49753,23.45787],[120.49691,23.45625],[120.49703,23.45524],[120.49605,23.45455],[120.49518,23.45286],[120.49069,23.45213],[120.48941,23.45235],[120.48444,23.45641],[120.48194,23.45782],[120.4806,23.46001],[120.47699,23.46192],[120.46874,23.46162],[120.46455,23.4583],[120.46452,23.45561],[120.46102,23.45532],[120.45736,23.45288],[120.45761,23.45244],[120.45543,23.45033],[120.45471,23.45032],[120.45461,23.44832],[120.45246,23.4445],[120.45024,23.44345],[120.44713,23.4434],[120.44167,23.44016],[120.43956,23.43956],[120.43872,23.4412],[120.43728,23.44226],[120.43665,23.44343],[120.43586,23.44358],[120.43596,23.44419],[120.43827,23.44485],[120.43856,23.44571],[120.43804,23.44653],[120.43695,23.44649],[120.43515,23.44891],[120.43446,23.45069],[120.43285,23.45011],[120.4302,23.45218],[120.4293,23.46104],[120.42604,23.46075],[120.4241,23.46136],[120.41516,23.46027],[120.41318,23.46207],[120.4128,23.46396],[120.41128,23.46478],[120.4051,23.46341],[120.39417,23.46252],[120.39428,23.46646],[120.39528,23.46745],[120.39665,23.46774],[120.3979,23.47026],[120.39928,23.47107],[120.3985,23.47401],[120.39887,23.47666],[120.39852,23.4768],[120.39907,23.47842],[120.39806,23.47953],[120.39689,23.47953],[120.39691,23.48044],[120.39442,23.48077],[120.39414,23.48218],[120.39344,23.48238],[120.39394,23.48895],[120.39472,23.49075],[120.38979,23.49135],[120.38918,23.49359],[120.3892,23.49715],[120.38996,23.49794],[120.38934,23.49865],[120.39152,23.50027],[120.39447,23.50081],[120.39927,23.49876],[120.4002,23.49876],[120.40101,23.50187],[120.40383,23.50374],[120.40569,23.50372],[120.40809,23.50593]]],[[[120.15192,23.39274],[120.14981,23.39853],[120.14475,23.40377],[120.1428,23.40955],[120.14117,23.41251],[120.14094,23.41105],[120.1439,23.40288],[120.14771,23.39853],[120.1502,23.38918],[120.15159,23.38947],[120.15239,23.39045],[120.15244,23.39108],[120.15109,23.39165],[120.15153,23.39261],[120.15251,23.39164],[120.15192,23.39274]]],[[[120.13682,23.42134],[120.13547,23.42376],[120.13594,23.42523],[120.13562,23.42548],[120.13518,23.42315],[120.13602,23.42164],[120.13682,23.42134]]]]}},{"type":"Feature","properties":{"county":"高雄市"},"geometry":{"type":"MultiPolygon","coordinates":[[[[120.35872,22.50068],[120.35988,22.50106],[120.36427,22.49821],[120.37325,22.49123],[120.38489,22.48488],[120.38692,22.48305],[120.39373,22.47904],[120.39565,22.47703],[120.39841,22.47558],[120.40091,22.47493],[120.40186,22.47388],[120.41052,22.47082],[120.41386,22.47046],[120.42083,22.46847],[120.42443,22.46871],[120.42394,22.47995],[120.42573,22.49817],[120.42366,22.50652],[120.42296,22.51188],[120.42286,22.51845],[120.42436,22.52327],[120.42513,22.52847],[120.43087,22.54401],[120.43269,22.54565],[120.43657,22.54756],[120.43834,22.55352],[120.442,22.56006],[120.44442,22.57014],[120.44703,22.58646],[120.44673,22.59356],[120.44573,22.59897],[120.44273,22.60335],[120.43901,22.6058],[120.43742,22.60747],[120.43461,22.61341],[120.43368,22.6176],[120.43358,22.62396],[120.43591,22.63136],[120.43538,22.63377],[120.43532,22.63989],[120.4362,22.64815],[120.43606,22.66134],[120.43663,22.66502],[120.43788,22.66706],[120.44,22.67304],[120.43966,22.67854],[120.44263,22.68456],[120.44765,22.68853],[120.45061,22.69621],[120.45127,22.70007],[120.45279,22.70417],[120.45574,22.71849],[120.45606,22.72252],[120.45597,22.73101],[120.45371,22.75596],[120.45402,22.7579],[120.45371,22.76086],[120.45442,22.76418],[120.45381,22.76958],[120.45439,22.77203],[120.45564,22.77442],[120.45596,22.78004],[120.45743,22.78539],[120.46403,22.80029],[120.4655,22.81275],[120.46735,22.81548],[120.46753,22.82235],[120.46919,22.82502],[120.46876,22.83067],[120.47126,22.83287],[120.47417,22.83689],[120.47684,22.83815],[120.47881,22.83677],[120.48035,22.83773],[120.48145,22.83759],[120.48213,22.83605],[120.48365,22.83562],[120.48828,22.8358],[120.4908,22.83527],[120.49277,22.83569],[120.49146,22.83696],[120.49274,22.83729],[120.49408,22.83667],[120.4963,22.83265],[120.49769,22.83171],[120.49997,22.83125],[120.50506,22.83152],[120.50894,22.82958],[120.50999,22.82851],[120.51538,22.83152],[120.51994,22.83144],[120.5201,22.83236],[120.52293,22.83294],[120.52465,22.83195],[120.53057,22.83298],[120.52977,22.8317],[120.531,22.83083],[120.534,22.83057],[120.53643,22.82927],[120.54219,22.82935],[120.54406,22.82979],[120.54803,22.82843],[120.55326,22.8284],[120.55802,22.8324],[120.56153,22.83382],[120.56357,22.83527],[120.56669,22.83836],[120.56959,22.84316],[120.57424,22.84772],[120.59481,22.8633],[120.59866,22.8674],[120.60541,22.87297],[120.61509,22.87674],[120.61675,22.87681],[120.62117,22.87569],[120.62785,22.8791],[120.63437,22.88075],[120.63748,22.88253],[120.64044,22.8831],[120.64503,22.88518],[120.64664,22.88353],[120.64793,22.87788],[120.64861,22.87705],[120.65102,22.87721],[120.6525,22.87969],[120.65532,22.88161],[120.65648,22.88134],[120.65805,22.87971],[120.65842,22.87434],[120.65966,22.87012],[120.65865,22.86607],[120.65961,22.86146],[120.66048,22.86],[120.66429,22.85881],[120.66857,22.85871],[120.66988,22.85687],[120.67211,22.85635],[120.67672,22.85725],[120.6781,22.85949],[120.67897,22.86287],[120.68404,22.86351],[120.68622,22.86466],[120.69054,22.86487],[120.69198,22.86845],[120.69737,22.87255],[120.70136,22.87648],[120.7026,22.87931],[120.70454,22.88067],[120.70825,22.88165],[120.70996,22.88108],[120.71651,22.88087],[120.72051,22.882],[120.72502,22.88083],[120.72733,22.87875],[120.73177,22.87589],[120.73747,22.8743],[120.74242,22.87374],[120.74418,22.87118],[120.7462,22.86943],[120.74658,22.86779],[120.74926,22.86568],[120.75191,22.86473],[120.75365,22.86524],[120.75504,22.86468],[120.75656,22.86222],[120.75877,22.86093],[120.76215,22.85681],[120.76416,22.84899],[120.76609,22.8486],[120.76851,22.8452],[120.76991,22.84455],[120.77153,22.84187],[120.77289,22.8411],[120.77441,22.83765],[120.77871,22.8352],[120.78206,22.83646],[120.78584,22.8399],[120.7902,22.84015],[120.79269,22.84112],[120.79299,22.8423],[120.7917,22.84837],[120.79335,22.85203],[120.80108,22.85103],[120.80707,22.85487],[120.81366,22.85747],[120.81384,22.85959],[120.81516,22.86166],[120.81589,22.86211],[120.81909,22.86235],[120.82296,22.86572],[120.82497,22.86646],[120.82904,22.86574],[120.83304,22.86627],[120.83487,22.86484],[120.8375,22.86407],[120.8412,22.85992],[120.84165,22.85855],[120.84122,22.85699],[120.84298,22.85421],[120.84717,22.85197],[120.84835,22.85195],[120.84897,22.85329],[120.85318,22.85762],[120.85451,22.85611],[120.8562,22.85513],[120.85729,22.85268],[120.85993,22.85146],[120.85943,22.84924],[120.86231,22.84713],[120.86316,22.84476],[120.86457,22.84308],[120.86533,22.8466],[120.86835,22.85075],[120.8666,22.85382],[120.86929,22.85661],[120.86957,22.85776],[120.86165,22.8614],[120.85915,22.86345],[120.8642,22.86667],[120.86555,22.86966],[120.86487,22.87255],[120.86122,22.87615],[120.85973,22.87837],[120.85516,22.87872],[120.85209,22.8781],[120.84053,22.88195],[120.83884,22.88464],[120.83823,22.88989],[120.83478,22.89353],[120.83424,22.89616],[120.8332,22.89823],[120.83354,22.89981],[120.83037,22.90196],[120.82866,22.90397],[120.82854,22.90521],[120.82996,22.90953],[120.83075,22.91048],[120.83278,22.91135],[120.83329,22.91227],[120.83144,22.91985],[120.82916,22.92078],[120.82688,22.92813],[120.82181,22.93526],[120.82216,22.93669],[120.82146,22.9392],[120.82199,22.94319],[120.82178,22.94512],[120.82357,22.95053],[120.82475,22.95245],[120.82419,22.9539],[120.82305,22.95492],[120.82079,22.96197],[120.82232,22.96372],[120.82244,22.96487],[120.83014,22.96999],[120.829,22.97297],[120.82906,22.97439],[120.82929,22.97514],[120.83069,22.97583],[120.83246,22.98039],[120.83483,22.98088],[120.83623,22.982],[120.84118,22.984],[120.84182,22.98552],[120.84198,22.98767],[120.84137,22.98991],[120.84193,22.99093],[120.84703,22.99285],[120.84769,22.99397],[120.84909,22.99485],[120.85206,22.9999],[120.85201,23.00335],[120.85107,23.00513],[120.85384,23.00491],[120.85458,23.0054],[120.85632,23.00482],[120.85823,23.00505],[120.86066,23.00805],[120.86052,23.01047],[120.86127,23.0132],[120.86198,23.02207],[120.86068,23.02599],[120.8607,23.0279],[120.86161,23.03077],[120.86397,23.03249],[120.86665,23.03236],[120.872,23.03448],[120.8789,23.03444],[120.87996,23.03552],[120.88138,23.04268],[120.88126,23.0442],[120.88015,23.04567],[120.87975,23.04777],[120.87867,23.049],[120.8745,23.05094],[120.87453,23.05243],[120.87132,23.05505],[120.86921,23.05969],[120.87267,23.06524],[120.87535,23.06854],[120.87692,23.07572],[120.87807,23.07823],[120.88259,23.08333],[120.8836,23.08656],[120.88563,23.08911],[120.88555,23.09263],[120.88752,23.096],[120.88915,23.10049],[120.88814,23.10421],[120.88922,23.10756],[120.8894,23.11044],[120.88677,23.11361],[120.88629,23.11647],[120.88497,23.11935],[120.88505,23.12002],[120.88773,23.12177],[120.88806,23.12244],[120.88596,23.12804],[120.88623,23.13187],[120.88787,23.13668],[120.88576,23.14428],[120.88144,23.14623],[120.87954,23.14859],[120.87641,23.15133],[120.87939,23.15264],[120.88333,23.15344],[120.88626,23.15543],[120.88735,23.15824],[120.89124,23.15872],[120.895,23.16072],[120.89483,23.16257],[120.89556,23.16558],[120.89586,23.17143],[120.89639,23.1723],[120.89831,23.17312],[120.89872,23.17666],[120.90019,23.17712],[120.90218,23.17891],[120.90591,23.18058],[120.90905,23.1798],[120.90988,23.18021],[120.91076,23.18169],[120.91153,23.18536],[120.91245,23.18652],[120.9116,23.1899],[120.91066,23.19252],[120.90644,23.19671],[120.90575,23.19955],[120.90715,23.20113],[120.9065,23.20333],[120.90673,23.20565],[120.90763,23.20706],[120.91046,23.20813],[120.91163,23.20955],[120.91213,23.22514],[120.91157,23.22786],[120.9143,23.23254],[120.91572,23.23787],[120.91718,23.23832],[120.91779,23.23959],[120.91941,23.24098],[120.92099,23.24098],[120.92171,23.24167],[120.92404,23.24198],[120.92653,23.24456],[120.92758,23.24445],[120.93061,23.24246],[120.9379,23.24495],[120.9385,23.24789],[120.94125,23.25195],[120.94669,23.25311],[120.9477,23.25488],[120.94901,23.25588],[120.9511,23.25951],[120.95355,23.26081],[120.95738,23.26416],[120.95816,23.26537],[120.95968,23.27084],[120.96336,23.2721],[120.96573,23.27615],[120.96867,23.27786],[120.97028,23.28061],[120.97174,23.28171],[120.97263,23.28219],[120.97407,23.28178],[120.97899,23.28227],[120.98659,23.28032],[120.98776,23.28083],[120.99064,23.28413],[120.99402,23.28444],[120.99925,23.28692],[121.00138,23.28738],[121.00564,23.2906],[121.00853,23.29132],[121.01039,23.2927],[121.01741,23.29287],[121.019,23.29345],[121.02,23.29457],[121.02384,23.29373],[121.02559,23.29602],[121.02832,23.29712],[121.03004,23.29854],[121.03184,23.30152],[121.03208,23.30379],[121.03428,23.30421],[121.03643,23.3038],[121.04197,23.30718],[121.0442,23.30748],[121.04602,23.30838],[121.04668,23.31146],[121.048,23.3136],[121.04716,23.32001],[121.04878,23.32291],[121.04878,23.32531],[121.04513,23.32772],[121.04167,23.32803],[121.03942,23.32913],[121.0369,23.33315],[121.03571,23.33375],[121.03252,23.33407],[121.03091,23.33703],[121.02822,23.33719],[121.02678,23.33781],[121.02432,23.34073],[121.02239,23.34609],[121.02236,23.34813],[121.02005,23.35038],[121.01811,23.35013],[121.01773,23.3483],[121.01519,23.34634],[121.0104,23.34581],[121.00884,23.3471],[121.00754,23.34918],[121.00807,23.35064],[121.00757,23.35203],[121.00079,23.35619],[120.99883,23.35675],[120.99466,23.35637],[120.9871,23.35873],[120.98656,23.36342],[120.98796,23.37057],[120.99008,23.37091],[120.99155,23.37174],[120.99389,23.37594],[120.99761,23.37997],[120.99933,23.38114],[121.00009,23.38237],[121.00531,23.38339],[121.00772,23.38466],[121.0078,23.38633],[121.00739,23.38703],[121.00407,23.38864],[121.00113,23.39175],[121.00321,23.39479],[121.00643,23.39656],[121.00803,23.3966],[121.00879,23.39555],[121.01046,23.3951],[121.01174,23.39591],[121.01464,23.39658],[121.01924,23.40152],[121.02115,23.4008],[121.02175,23.39997],[121.02355,23.40086],[121.02583,23.40286],[121.02706,23.403],[121.02839,23.40387],[121.02665,23.40604],[121.02741,23.40941],[121.02687,23.41184],[121.02708,23.41278],[121.02491,23.4146],[121.02661,23.41524],[121.02774,23.41625],[121.02938,23.42024],[121.02945,23.42238],[121.02903,23.42295],[121.02741,23.42318],[121.0258,23.42422],[121.02253,23.4249],[121.02235,23.42736],[121.02094,23.42951],[121.01659,23.43097],[121.01416,23.43093],[121.01295,23.43295],[121.01419,23.43412],[121.01428,23.4348],[121.01527,23.43541],[121.01414,23.43792],[121.01058,23.44124],[121.01047,23.44607],[121.01268,23.44862],[121.01502,23.44978],[121.01585,23.45161],[121.01495,23.45428],[121.01172,23.45717],[121.01043,23.4596],[121.0081,23.46237],[121.00712,23.46288],[121.00474,23.463],[120.99969,23.46217],[120.9846,23.46657],[120.98355,23.46702],[120.9822,23.46849],[120.98054,23.46921],[120.97063,23.46904],[120.96847,23.47123],[120.96671,23.4717],[120.96522,23.4707],[120.96139,23.47077],[120.95751,23.4695],[120.95711,23.4684],[120.956,23.46734],[120.94844,23.46417],[120.94116,23.46301],[120.93891,23.46392],[120.93664,23.46378],[120.9345,23.46145],[120.93449,23.45989],[120.93511,23.4589],[120.93475,23.45844],[120.93155,23.45714],[120.92839,23.45691],[120.92848,23.45549],[120.92684,23.456],[120.92619,23.45748],[120.92387,23.45835],[120.92248,23.45814],[120.92144,23.4591],[120.91617,23.45889],[120.91517,23.45801],[120.91294,23.45852],[120.91166,23.45763],[120.9094,23.45754],[120.90833,23.45671],[120.90746,23.45504],[120.90644,23.45459],[120.90567,23.45318],[120.90448,23.45295],[120.90237,23.45414],[120.90052,23.45409],[120.90041,23.45209],[120.89624,23.45042],[120.89642,23.44959],[120.89515,23.44592],[120.89287,23.44521],[120.89223,23.44655],[120.89177,23.44661],[120.89154,23.44461],[120.8906,23.44344],[120.8907,23.44241],[120.88676,23.43485],[120.88556,23.43481],[120.88382,23.43626],[120.88282,23.43541],[120.88255,23.43412],[120.88162,23.43301],[120.87892,23.43215],[120.87536,23.43277],[120.87542,23.43135],[120.8734,23.42965],[120.87174,23.4296],[120.87053,23.42836],[120.86962,23.42643],[120.86813,23.42665],[120.86625,23.42608],[120.86452,23.42394],[120.8623,23.42458],[120.86004,23.42378],[120.8591,23.42512],[120.8581,23.42434],[120.85786,23.42298],[120.85708,23.42197],[120.85397,23.42319],[120.85309,23.42194],[120.84952,23.42016],[120.84917,23.41949],[120.84952,23.41775],[120.84931,23.41201],[120.84792,23.41121],[120.8475,23.40996],[120.84475,23.40823],[120.84394,23.40392],[120.8431,23.40328],[120.84236,23.40174],[120.84104,23.40101],[120.84053,23.39977],[120.83841,23.39825],[120.83876,23.3965],[120.84117,23.39608],[120.84101,23.39492],[120.83888,23.39448],[120.83687,23.39339],[120.83558,23.38986],[120.83454,23.39002],[120.83412,23.38965],[120.8341,23.38872],[120.83491,23.38772],[120.83463,23.38668],[120.83291,23.38721],[120.83097,23.3866],[120.82938,23.38343],[120.82977,23.38158],[120.82911,23.3758],[120.82853,23.37495],[120.82574,23.37349],[120.8253,23.37286],[120.82542,23.37171],[120.82309,23.37194],[120.82119,23.37052],[120.81628,23.37148],[120.8134,23.36942],[120.80984,23.36955],[120.80852,23.36839],[120.80724,23.36911],[120.80579,23.37091],[120.80429,23.37066],[120.80327,23.36946],[120.80469,23.36721],[120.80251,23.36559],[120.80108,23.36373],[120.80065,23.36064],[120.79951,23.3612],[120.7979,23.36031],[120.79682,23.35761],[120.79599,23.35676],[120.79306,23.35759],[120.79199,23.35724],[120.79161,23.35622],[120.79181,23.35347],[120.78845,23.35282],[120.78866,23.34911],[120.78758,23.34614],[120.78521,23.34534],[120.78321,23.3422],[120.77858,23.34266],[120.77795,23.3434],[120.77714,23.34354],[120.77446,23.343],[120.77333,23.34182],[120.76846,23.34388],[120.76443,23.34167],[120.76168,23.34351],[120.75807,23.34426],[120.75751,23.34298],[120.75848,23.34162],[120.75848,23.34087],[120.75708,23.33856],[120.75855,23.3373],[120.75883,23.33644],[120.75644,23.33279],[120.75238,23.33103],[120.75222,23.32993],[120.75325,23.32819],[120.75287,23.32704],[120.75082,23.32593],[120.75007,23.32404],[120.74786,23.32191],[120.74105,23.32108],[120.74039,23.32043],[120.74007,23.31778],[120.73943,23.31684],[120.73516,23.31556],[120.73231,23.31386],[120.73017,23.31076],[120.73081,23.30781],[120.73063,23.30561],[120.72131,23.30827],[120.71628,23.30761],[120.71217,23.3087],[120.7103,23.30675],[120.70677,23.30473],[120.70438,23.30197],[120.70283,23.29756],[120.70234,23.29384],[120.70287,23.29179],[120.70257,23.29105],[120.70334,23.29031],[120.70342,23.28909],[120.7014,23.2869],[120.70116,23.28556],[120.69954,23.28442],[120.69351,23.28454],[120.6899,23.28531],[120.68717,23.2866],[120.68192,23.28764],[120.67882,23.28885],[120.67735,23.28784],[120.67617,23.2886],[120.67596,23.29029],[120.67455,23.29089],[120.67374,23.29111],[120.67141,23.28997],[120.67089,23.2902],[120.66972,23.29219],[120.66824,23.2921],[120.66731,23.29403],[120.66562,23.29408],[120.66539,23.29317],[120.66391,23.29384],[120.66267,23.29354],[120.66198,23.29396],[120.66183,23.29501],[120.65967,23.29476],[120.65843,23.29597],[120.65741,23.29524],[120.65532,23.29193],[120.652,23.29117],[120.64945,23.2929],[120.64702,23.29744],[120.64374,23.2961],[120.64203,23.2929],[120.64372,23.28944],[120.64186,23.28748],[120.64329,23.2861],[120.64405,23.28223],[120.64191,23.27854],[120.64201,23.2776],[120.643,23.27684],[120.64315,23.27598],[120.64187,23.27464],[120.64063,23.27416],[120.64109,23.27102],[120.63901,23.27044],[120.63829,23.26918],[120.64069,23.26652],[120.64209,23.26103],[120.64208,23.25681],[120.64773,23.24959],[120.64845,23.24925],[120.64806,23.24846],[120.64921,23.24674],[120.64789,23.24463],[120.64864,23.24444],[120.64864,23.24305],[120.64917,23.24271],[120.64939,23.24167],[120.64918,23.24049],[120.65085,23.23799],[120.65052,23.23709],[120.65116,23.23665],[120.65066,23.23585],[120.65131,23.23582],[120.65025,23.23426],[120.65009,23.23338],[120.65047,23.23296],[120.64955,23.23065],[120.64952,23.22846],[120.65331,23.2246],[120.65435,23.22431],[120.6553,23.22328],[120.65627,23.2179],[120.65384,23.21531],[120.65309,23.21185],[120.65176,23.21019],[120.65146,23.20851],[120.64836,23.20858],[120.64738,23.20734],[120.6462,23.20707],[120.64345,23.20354],[120.64312,23.20106],[120.64097,23.19877],[120.63899,23.19274],[120.63695,23.19133],[120.63657,23.19013],[120.6384,23.18568],[120.63979,23.18369],[120.6411,23.18296],[120.63859,23.18174],[120.6373,23.1804],[120.63745,23.17853],[120.63606,23.17501],[120.6292,23.17425],[120.62944,23.17325],[120.63068,23.17192],[120.63109,23.17054],[120.63066,23.17006],[120.62702,23.16797],[120.62523,23.16776],[120.62322,23.16416],[120.62124,23.16296],[120.61654,23.1631],[120.61638,23.16173],[120.61504,23.15953],[120.61343,23.15925],[120.61251,23.15731],[120.61111,23.1559],[120.61234,23.15361],[120.61185,23.1517],[120.60785,23.14844],[120.60557,23.14853],[120.60561,23.14647],[120.60379,23.14492],[120.60111,23.14417],[120.599,23.14106],[120.59847,23.13858],[120.59777,23.13831],[120.59755,23.1374],[120.59628,23.13686],[120.5952,23.13455],[120.59532,23.13331],[120.59465,23.13159],[120.59291,23.1302],[120.59132,23.12772],[120.5905,23.1272],[120.58852,23.12353],[120.58892,23.11997],[120.58808,23.1141],[120.58319,23.10804],[120.58253,23.10601],[120.5811,23.10513],[120.58104,23.1045],[120.57722,23.09946],[120.57587,23.09588],[120.57413,23.09486],[120.57483,23.09175],[120.5745,23.09088],[120.5731,23.08979],[120.57025,23.08552],[120.56815,23.08387],[120.56689,23.08183],[120.56539,23.08069],[120.56372,23.08034],[120.56278,23.07849],[120.56037,23.07719],[120.5589,23.07565],[120.55863,23.07497],[120.55905,23.07344],[120.5545,23.06883],[120.55306,23.06789],[120.5514,23.06764],[120.54681,23.06569],[120.54543,23.06395],[120.54381,23.06331],[120.54237,23.06337],[120.54156,23.0623],[120.5394,23.06173],[120.53801,23.06075],[120.53769,23.05885],[120.5353,23.05749],[120.53148,23.05663],[120.53007,23.05582],[120.52303,23.04957],[120.52365,23.04744],[120.52231,23.04567],[120.51967,23.04498],[120.51905,23.04395],[120.51616,23.04172],[120.51419,23.039],[120.51245,23.03783],[120.51129,23.03616],[120.50867,23.03482],[120.50372,23.02865],[120.50025,23.02593],[120.49869,23.02548],[120.49755,23.02412],[120.49475,23.02319],[120.49153,23.02098],[120.486,23.01849],[120.48407,23.01706],[120.48267,23.01558],[120.48098,23.01151],[120.48135,23.01087],[120.48106,23.00907],[120.48032,23.00617],[120.47938,23.00501],[120.47989,23.00271],[120.47839,23.00352],[120.47055,23.00238],[120.4681,23.00264],[120.46721,23.00356],[120.46266,23.00321],[120.4614,23.0041],[120.4605,23.00359],[120.45954,23.00079],[120.46053,23.0003],[120.46148,22.99812],[120.46021,22.99735],[120.4591,22.99574],[120.46043,22.99368],[120.46028,22.99285],[120.46107,22.99225],[120.46111,22.99077],[120.45963,22.9899],[120.45543,22.99113],[120.45471,22.99062],[120.45346,22.98716],[120.45362,22.98547],[120.45319,22.98481],[120.45476,22.98273],[120.45472,22.98096],[120.45301,22.97775],[120.45217,22.97774],[120.45172,22.97863],[120.44963,22.97724],[120.44469,22.97954],[120.44367,22.9779],[120.44264,22.97732],[120.44215,22.97378],[120.43841,22.96614],[120.43725,22.96218],[120.43299,22.95609],[120.43261,22.95227],[120.42852,22.94254],[120.42856,22.94071],[120.42591,22.93904],[120.42545,22.93762],[120.42575,22.93596],[120.42453,22.93366],[120.42489,22.93317],[120.42276,22.93096],[120.42266,22.93001],[120.42192,22.92917],[120.42202,22.92741],[120.41993,22.92414],[120.41995,22.92299],[120.41806,22.92071],[120.41725,22.91741],[120.41617,22.9161],[120.4106,22.91432],[120.40868,22.91234],[120.40573,22.91569],[120.40545,22.91805],[120.40111,22.91852],[120.40044,22.91903],[120.39985,22.92145],[120.39863,22.92243],[120.39591,22.92274],[120.39343,22.922],[120.39217,22.92229],[120.3901,22.9213],[120.38924,22.92032],[120.38864,22.92064],[120.3868,22.91826],[120.38417,22.9193],[120.38395,22.92013],[120.38308,22.91999],[120.38166,22.92116],[120.38181,22.91991],[120.38055,22.92019],[120.38018,22.91846],[120.37729,22.91798],[120.37722,22.91684],[120.37641,22.91598],[120.37679,22.91493],[120.37651,22.91435],[120.37401,22.91425],[120.37317,22.91244],[120.37174,22.91277],[120.37116,22.91227],[120.37147,22.91116],[120.37314,22.90933],[120.37236,22.90791],[120.37249,22.90664],[120.37162,22.90646],[120.37106,22.90721],[120.37026,22.90681],[120.36896,22.90568],[120.36815,22.9039],[120.36732,22.90518],[120.36629,22.90507],[120.36551,22.90392],[120.36599,22.90223],[120.36415,22.90177],[120.36336,22.9023],[120.36247,22.902],[120.3619,22.90091],[120.36137,22.90135],[120.3615,22.90205],[120.36079,22.90148],[120.35947,22.90142],[120.35923,22.90023],[120.35967,22.89978],[120.36038,22.89962],[120.36161,22.90051],[120.36108,22.89781],[120.35797,22.89586],[120.3569,22.89292],[120.3562,22.89282],[120.3554,22.89393],[120.3545,22.89269],[120.3555,22.892],[120.35329,22.89238],[120.35321,22.89122],[120.35486,22.89092],[120.35517,22.89043],[120.35173,22.8891],[120.35198,22.8875],[120.35122,22.88792],[120.35052,22.88971],[120.34909,22.89057],[120.34514,22.88944],[120.33227,22.88932],[120.33046,22.89119],[120.32704,22.89846],[120.32488,22.90046],[120.32412,22.90033],[120.32071,22.89539],[120.31956,22.89496],[120.31633,22.89859],[120.31417,22.89978],[120.30911,22.90057],[120.30171,22.90059],[120.28457,22.90472],[120.27987,22.90488],[120.27799,22.90441],[120.27783,22.90191],[120.27931,22.89824],[120.2795,22.89629],[120.27641,22.89608],[120.2766,22.89551],[120.27615,22.8954],[120.27299,22.89541],[120.26957,22.89681],[120.26054,22.90176],[120.25899,22.90188],[120.25751,22.9012],[120.25683,22.89954],[120.25888,22.89663],[120.25869,22.89518],[120.25672,22.89406],[120.25416,22.89426],[120.25102,22.89569],[120.24761,22.89819],[120.24551,22.90103],[120.24286,22.90351],[120.23291,22.90555],[120.23157,22.90866],[120.23169,22.9154],[120.23113,22.91623],[120.22973,22.91687],[120.22803,22.91691],[120.22666,22.91628],[120.22103,22.90999],[120.21811,22.90962],[120.21329,22.91103],[120.20807,22.91524],[120.20474,22.91467],[120.20235,22.91544],[120.19586,22.91961],[120.19206,22.92119],[120.19101,22.92045],[120.18918,22.92069],[120.18657,22.91965],[120.18099,22.91603],[120.17675,22.91234],[120.17475,22.9117],[120.17469,22.9102],[120.17903,22.89938],[120.1802,22.89535],[120.18404,22.88776],[120.18896,22.87596],[120.18868,22.8756],[120.18908,22.87558],[120.19008,22.87338],[120.1919,22.86808],[120.19147,22.86792],[120.19188,22.86794],[120.19221,22.86718],[120.19245,22.86585],[120.1921,22.86573],[120.19278,22.86522],[120.19286,22.86477],[120.19018,22.86386],[120.1897,22.86069],[120.19135,22.85984],[120.19312,22.85997],[120.19333,22.85936],[120.1892,22.85838],[120.1894,22.85798],[120.19159,22.85833],[120.19278,22.85714],[120.19291,22.85637],[120.19111,22.85538],[120.19295,22.85628],[120.19534,22.85019],[120.19292,22.84836],[120.19652,22.84475],[120.19808,22.84461],[120.18977,22.84185],[120.19843,22.84441],[120.19815,22.84356],[120.19911,22.8434],[120.20131,22.8387],[120.20045,22.83846],[120.20516,22.82523],[120.20623,22.82543],[120.2073,22.82261],[120.2072,22.82107],[120.20617,22.82076],[120.20598,22.82015],[120.19028,22.81538],[120.19016,22.81359],[120.19332,22.80744],[120.19791,22.80525],[120.21233,22.80761],[120.21423,22.80485],[120.21538,22.80416],[120.21574,22.80222],[120.2206,22.79054],[120.22905,22.77329],[120.23062,22.76897],[120.23236,22.76607],[120.23272,22.76458],[120.23241,22.76253],[120.23305,22.76274],[120.23093,22.76193],[120.23124,22.76073],[120.23292,22.75998],[120.23404,22.76037],[120.23461,22.75987],[120.24365,22.74314],[120.24543,22.73881],[120.24533,22.73766],[120.25034,22.72788],[120.25036,22.72684],[120.24933,22.72568],[120.24985,22.72421],[120.25136,22.7237],[120.25286,22.72405],[120.25495,22.71956],[120.25649,22.71839],[120.25665,22.71728],[120.25627,22.71729],[120.25682,22.71487],[120.25579,22.71418],[120.25709,22.71432],[120.2573,22.7136],[120.25683,22.71243],[120.2616,22.7014],[120.26214,22.69751],[120.26119,22.69635],[120.26006,22.69648],[120.25805,22.69556],[120.25805,22.68932],[120.26282,22.68904],[120.26346,22.68625],[120.26312,22.684],[120.2641,22.68253],[120.26441,22.68085],[120.26446,22.67521],[120.26364,22.67324],[120.26245,22.67265],[120.25926,22.66904],[120.25834,22.66899],[120.25806,22.66848],[120.25749,22.66885],[120.25636,22.6686],[120.25535,22.6669],[120.25296,22.66504],[120.25115,22.66193],[120.25142,22.66056],[120.2503,22.65666],[120.25069,22.65347],[120.24986,22.65146],[120.25147,22.64802],[120.25147,22.64528],[120.25401,22.64046],[120.25507,22.63965],[120.25613,22.63625],[120.25933,22.63391],[120.26005,22.63202],[120.26064,22.63174],[120.26014,22.6317],[120.26102,22.63154],[120.26344,22.62645],[120.2633,22.62401],[120.2567,22.62091],[120.25613,22.6177],[120.26226,22.61398],[120.26325,22.61285],[120.26318,22.61035],[120.26419,22.6114],[120.2658,22.61053],[120.26599,22.6088],[120.26525,22.6066],[120.2637,22.60513],[120.26303,22.60139],[120.26377,22.6019],[120.26679,22.59999],[120.27129,22.59278],[120.27836,22.58436],[120.28238,22.58076],[120.2845,22.57807],[120.28577,22.57785],[120.30284,22.55777],[120.30342,22.55433],[120.30062,22.55123],[120.29854,22.5475],[120.30176,22.54581],[120.3017,22.54493],[120.30201,22.54575],[120.30749,22.54525],[120.32183,22.52779],[120.31681,22.52423],[120.30761,22.53543],[120.30375,22.53269],[120.29696,22.54095],[120.29341,22.53843],[120.28884,22.54398],[120.28913,22.54463],[120.28861,22.54407],[120.28628,22.54356],[120.28864,22.54384],[120.31244,22.51487],[120.32425,22.52276],[120.32524,22.53009],[120.3295,22.53378],[120.33143,22.53286],[120.3299,22.53299],[120.32536,22.52945],[120.32613,22.52936],[120.32532,22.52348],[120.33335,22.52878],[120.337,22.52485],[120.33375,22.52141],[120.34194,22.51518],[120.34347,22.51474],[120.35097,22.50953],[120.3549,22.50598],[120.35593,22.50427],[120.35892,22.50218],[120.35872,22.50068]]],[[[116.71662,20.70967],[116.71382,20.7094],[116.71167,20.70843],[116.71082,20.70656],[116.71215,20.70576],[116.71255,20.7061],[116.7122,20.70599],[116.71161,20.70694],[116.71184,20.70767],[116.71533,20.70745],[116.71553,20.70645],[116.71601,20.70686],[116.71694,20.70616],[116.7184,20.7059],[116.71827,20.70529],[116.72247,20.70575],[116.72434,20.70481],[116.72403,20.70483],[116.72422,20.70428],[116.72462,20.70496],[116.72586,20.70496],[116.72674,20.70334],[116.72503,20.70343],[116.72108,20.70204],[116.72199,20.70173],[116.72239,20.70218],[116.72315,20.7021],[116.72385,20.70159],[116.72392,20.70072],[116.723,20.69976],[116.7201,20.70144],[116.71691,20.70204],[116.71564,20.70316],[116.71459,20.7026],[116.71308,20.70371],[116.71292,20.70519],[116.71085,20.70503],[116.71032,20.70385],[116.71529,20.70167],[116.71761,20.70141],[116.72479,20.69881],[116.72491,20.69815],[116.72527,20.69871],[116.72733,20.69825],[116.72782,20.69805],[116.72771,20.6974],[116.72793,20.69799],[116.73092,20.69722],[116.73486,20.69748],[116.73425,20.69753],[116.7334,20.69936],[116.73386,20.69969],[116.73314,20.69969],[116.73286,20.70033],[116.73263,20.70199],[116.73337,20.7022],[116.73256,20.70208],[116.73188,20.70328],[116.73067,20.70343],[116.72761,20.70591],[116.72308,20.70662],[116.71835,20.70928],[116.71662,20.70967]]],[[[114.36981,10.37994],[114.36175,10.37746],[114.36003,10.37629],[114.35929,10.37527],[114.3602,10.37423],[114.35968,10.37213],[114.36157,10.37135],[114.35996,10.37223],[114.36027,10.37355],[114.36068,10.37397],[114.36064,10.37347],[114.36113,10.3736],[114.3618,10.37483],[114.36247,10.3742],[114.36199,10.3731],[114.36251,10.37308],[114.36317,10.37378],[114.3625,10.3732],[114.3628,10.37409],[114.36344,10.37445],[114.3674,10.37557],[114.36999,10.37724],[114.37141,10.37861],[114.37116,10.3796],[114.36981,10.37994]]],[[[116.7078,20.70413],[116.70691,20.70472],[116.70767,20.70409],[116.70734,20.70342],[116.7077,20.70326],[116.7078,20.70413]]],[[[116.70867,20.70332],[116.70854,20.70288],[116.70891,20.70297],[116.70867,20.70332]]],[[[116.71858,20.70233],[116.71825,20.70228],[116.71902,20.70209],[116.71858,20.70233]]]]}},{"type":"Feature","properties":{"county":"宜蘭縣"},"geometry":{"type":"MultiPolygon","coordinates":[[[[121.84517,24.64466],[121.84058,24.65987],[121.83818,24.67234],[121.83846,24.68168],[121.83784,24.68361],[121.83785,24.68929],[121.83729,24.68979],[121.83768,24.69005],[121.83728,24.69349],[121.8377,24.6952],[121.83726,24.69607],[121.8374,24.69829],[121.83681,24.69831],[121.83671,24.69906],[121.83631,24.70823],[121.83672,24.71099],[121.83925,24.71472],[121.83951,24.71585],[121.83914,24.71741],[121.83829,24.71807],[121.83502,24.71852],[121.83278,24.71989],[121.82588,24.733],[121.82099,24.74769],[121.81842,24.76492],[121.81799,24.77933],[121.81902,24.79748],[121.82018,24.80695],[121.82307,24.82325],[121.82553,24.83384],[121.82742,24.83966],[121.82714,24.84236],[121.82795,24.84216],[121.83062,24.85045],[121.83384,24.85731],[121.8344,24.85762],[121.83502,24.85983],[121.83573,24.86023],[121.83538,24.86061],[121.84269,24.87616],[121.84832,24.88453],[121.85084,24.88646],[121.85091,24.88934],[121.85136,24.89011],[121.85404,24.89173],[121.85712,24.89259],[121.86047,24.89446],[121.86394,24.89835],[121.86595,24.902],[121.86737,24.90299],[121.86992,24.90389],[121.87057,24.90351],[121.87036,24.90408],[121.87188,24.90497],[121.87179,24.90364],[121.87251,24.90618],[121.87478,24.9073],[121.87475,24.90811],[121.87624,24.90979],[121.87778,24.91039],[121.87791,24.91112],[121.87842,24.91112],[121.87794,24.9113],[121.87813,24.91173],[121.87955,24.91356],[121.88249,24.91453],[121.88329,24.9164],[121.88504,24.91793],[121.88543,24.92324],[121.88694,24.92504],[121.88714,24.9266],[121.88754,24.92674],[121.88718,24.92752],[121.88751,24.92801],[121.88696,24.92834],[121.88727,24.9287],[121.88688,24.92916],[121.88789,24.93509],[121.88911,24.93695],[121.89283,24.93881],[121.89388,24.94024],[121.89528,24.94073],[121.89805,24.94087],[121.89897,24.94002],[121.90092,24.93994],[121.90337,24.9406],[121.904,24.93982],[121.90467,24.93982],[121.90427,24.94143],[121.90513,24.94241],[121.90447,24.94248],[121.90413,24.94365],[121.90536,24.9466],[121.90713,24.94698],[121.90839,24.9487],[121.90925,24.94868],[121.90894,24.94905],[121.90961,24.9495],[121.91034,24.94904],[121.9107,24.94941],[121.91023,24.94987],[121.91136,24.95073],[121.91264,24.95064],[121.91472,24.95194],[121.91522,24.95168],[121.91692,24.95217],[121.91797,24.95303],[121.91799,24.95377],[121.9187,24.95373],[121.9192,24.95484],[121.9202,24.95519],[121.92057,24.95576],[121.92015,24.95906],[121.92132,24.95961],[121.92219,24.96227],[121.92305,24.96183],[121.92239,24.96321],[121.92559,24.96856],[121.92813,24.96944],[121.93152,24.97179],[121.93623,24.97385],[121.93638,24.97329],[121.93795,24.97372],[121.93855,24.97322],[121.93976,24.97359],[121.9399,24.97328],[121.94098,24.97389],[121.94091,24.97329],[121.94183,24.97339],[121.94227,24.97504],[121.94286,24.97536],[121.94368,24.97499],[121.94427,24.97683],[121.94855,24.97885],[121.95122,24.97936],[121.95156,24.9789],[121.95167,24.97968],[121.95451,24.98],[121.95831,24.98262],[121.96003,24.98258],[121.96224,24.98175],[121.96599,24.98303],[121.96272,24.9878],[121.95993,24.98843],[121.95809,24.98729],[121.95525,24.98834],[121.95306,24.98799],[121.95058,24.98834],[121.9479,24.98666],[121.94634,24.98697],[121.94581,24.98779],[121.94464,24.98818],[121.9438,24.98783],[121.94301,24.98638],[121.94107,24.98565],[121.94052,24.98449],[121.93866,24.98486],[121.93749,24.98302],[121.93461,24.98325],[121.9335,24.9809],[121.93062,24.98103],[121.92904,24.98041],[121.9285,24.97965],[121.92677,24.98017],[121.92634,24.97968],[121.92274,24.9786],[121.92166,24.97884],[121.92082,24.97972],[121.91899,24.97864],[121.91819,24.97903],[121.91732,24.9788],[121.91625,24.97947],[121.91487,24.97935],[121.91405,24.97864],[121.91242,24.97826],[121.91096,24.97693],[121.91033,24.97477],[121.90826,24.97586],[121.90673,24.97551],[121.90542,24.97342],[121.90412,24.97466],[121.90283,24.97438],[121.90013,24.97156],[121.89943,24.96934],[121.8972,24.96707],[121.89599,24.96703],[121.89182,24.96513],[121.88957,24.96476],[121.88857,24.96318],[121.88587,24.9642],[121.883,24.96424],[121.87937,24.96275],[121.87789,24.96272],[121.87606,24.96146],[121.87314,24.96154],[121.87155,24.96072],[121.86576,24.96216],[121.86363,24.96213],[121.86112,24.96367],[121.8586,24.96334],[121.85438,24.96159],[121.85402,24.96],[121.85257,24.95961],[121.85036,24.96118],[121.84876,24.96],[121.84686,24.96027],[121.84561,24.95932],[121.84519,24.95775],[121.84348,24.9569],[121.84297,24.95513],[121.84141,24.95426],[121.84126,24.95258],[121.84176,24.95112],[121.84076,24.94801],[121.83925,24.94642],[121.83905,24.94464],[121.83998,24.9419],[121.84171,24.94078],[121.84244,24.93936],[121.84674,24.93771],[121.8479,24.9353],[121.848,24.93353],[121.84934,24.93131],[121.84914,24.93033],[121.85387,24.92788],[121.85371,24.92522],[121.8456,24.91937],[121.84532,24.91803],[121.84374,24.91572],[121.84228,24.91515],[121.83955,24.91266],[121.83809,24.91014],[121.8364,24.90835],[121.83458,24.90691],[121.83329,24.90664],[121.83182,24.90491],[121.8281,24.90537],[121.82701,24.90454],[121.82551,24.90526],[121.82239,24.90455],[121.81985,24.90292],[121.81838,24.90271],[121.81164,24.90652],[121.81049,24.90527],[121.81048,24.90363],[121.80855,24.90293],[121.80773,24.90321],[121.80715,24.90261],[121.80615,24.90255],[121.80595,24.90189],[121.80462,24.90119],[121.80347,24.90181],[121.80221,24.901],[121.80005,24.90121],[121.79889,24.90086],[121.7976,24.90109],[121.79716,24.90162],[121.79518,24.89975],[121.79191,24.89981],[121.79206,24.89762],[121.79295,24.89718],[121.79302,24.89624],[121.79058,24.89459],[121.79001,24.89345],[121.78579,24.89249],[121.78565,24.89062],[121.78299,24.89038],[121.78168,24.88947],[121.7823,24.8868],[121.7819,24.88242],[121.78224,24.87918],[121.78428,24.87758],[121.78491,24.87582],[121.78462,24.87485],[121.78521,24.87419],[121.7843,24.87362],[121.78322,24.87422],[121.78026,24.87197],[121.77733,24.87076],[121.77724,24.86959],[121.77519,24.86672],[121.77573,24.86595],[121.77543,24.86508],[121.77124,24.86486],[121.76917,24.86592],[121.76832,24.86571],[121.7674,24.86496],[121.76784,24.86365],[121.7661,24.86252],[121.76438,24.85989],[121.7633,24.86005],[121.76279,24.86126],[121.76156,24.86015],[121.76211,24.85878],[121.76184,24.85812],[121.76105,24.8578],[121.76099,24.8567],[121.75429,24.85641],[121.75358,24.85601],[121.75356,24.85503],[121.75133,24.85493],[121.75063,24.85447],[121.74797,24.85495],[121.7473,24.85362],[121.74578,24.85285],[121.74199,24.85246],[121.73843,24.85524],[121.7366,24.8557],[121.73307,24.85587],[121.73042,24.85524],[121.72716,24.85314],[121.72521,24.85079],[121.72192,24.84985],[121.72061,24.84875],[121.72064,24.8481],[121.71954,24.84656],[121.71974,24.84559],[121.71865,24.84565],[121.71559,24.84435],[121.71522,24.84291],[121.71427,24.84178],[121.71131,24.84145],[121.70891,24.84054],[121.70836,24.83906],[121.70737,24.83881],[121.70676,24.83779],[121.70187,24.8344],[121.70026,24.83466],[121.69916,24.83558],[121.69816,24.8342],[121.6964,24.83462],[121.69671,24.83373],[121.6961,24.83197],[121.69617,24.82989],[121.69434,24.82907],[121.69229,24.82728],[121.69105,24.82721],[121.68891,24.8262],[121.68764,24.8249],[121.68793,24.82397],[121.68976,24.82262],[121.69012,24.82149],[121.68895,24.81933],[121.68928,24.81717],[121.68831,24.81612],[121.68729,24.8162],[121.6862,24.81753],[121.68307,24.81691],[121.68124,24.81762],[121.67716,24.81409],[121.67531,24.8147],[121.67436,24.81412],[121.66905,24.81801],[121.66863,24.81679],[121.6648,24.81442],[121.66307,24.81266],[121.661,24.81189],[121.66069,24.81083],[121.65311,24.81127],[121.65159,24.81181],[121.65052,24.81297],[121.64867,24.81265],[121.64732,24.81395],[121.64621,24.81031],[121.64504,24.80929],[121.64415,24.80925],[121.64203,24.81044],[121.6388,24.81073],[121.63723,24.80944],[121.63041,24.80902],[121.62842,24.80792],[121.62583,24.80878],[121.62637,24.80499],[121.62594,24.80284],[121.62482,24.80161],[121.62601,24.79667],[121.62547,24.79506],[121.62346,24.79433],[121.62096,24.7925],[121.61681,24.79389],[121.61334,24.7932],[121.60964,24.79377],[121.60716,24.7904],[121.60564,24.78913],[121.60293,24.78944],[121.59889,24.7877],[121.59366,24.7873],[121.59198,24.78765],[121.59338,24.78503],[121.59326,24.78211],[121.59433,24.78105],[121.5944,24.77899],[121.59759,24.77217],[121.59559,24.7693],[121.59628,24.76694],[121.59343,24.76482],[121.59078,24.76134],[121.59045,24.76034],[121.59082,24.75878],[121.5894,24.75721],[121.58897,24.75515],[121.59033,24.75124],[121.59226,24.75031],[121.59459,24.75019],[121.59518,24.74881],[121.59613,24.7483],[121.59467,24.74643],[121.59252,24.74586],[121.59167,24.74492],[121.59192,24.74332],[121.59493,24.74084],[121.59531,24.73963],[121.5949,24.73669],[121.59417,24.735],[121.59501,24.73248],[121.59373,24.73047],[121.59377,24.72954],[121.59784,24.72928],[121.59793,24.7288],[121.59679,24.72704],[121.59393,24.72584],[121.59234,24.72438],[121.59057,24.72356],[121.58738,24.72019],[121.58362,24.72051],[121.57932,24.72243],[121.57806,24.72216],[121.57752,24.72037],[121.57728,24.71487],[121.57481,24.71011],[121.57216,24.71058],[121.57038,24.71397],[121.56949,24.71266],[121.56778,24.71156],[121.56568,24.71166],[121.56254,24.71284],[121.55832,24.71095],[121.55649,24.71127],[121.55443,24.70837],[121.55062,24.70574],[121.54727,24.70627],[121.5434,24.70574],[121.54084,24.70231],[121.53786,24.69984],[121.53865,24.69802],[121.53889,24.69478],[121.53753,24.69393],[121.53778,24.69133],[121.53687,24.68849],[121.53331,24.68842],[121.53204,24.68771],[121.5295,24.68757],[121.52822,24.68888],[121.5275,24.68882],[121.52714,24.68852],[121.52695,24.68525],[121.52494,24.68449],[121.5238,24.6833],[121.51481,24.68324],[121.51369,24.6843],[121.51174,24.68435],[121.5103,24.68329],[121.5073,24.68234],[121.505,24.67949],[121.50242,24.67929],[121.49903,24.67795],[121.49727,24.6765],[121.49672,24.67542],[121.49348,24.67338],[121.49245,24.67322],[121.48929,24.67423],[121.48848,24.67513],[121.48735,24.67521],[121.48501,24.67388],[121.48328,24.6738],[121.48181,24.67434],[121.47856,24.67362],[121.47645,24.67376],[121.47224,24.67312],[121.46921,24.67183],[121.4595,24.67316],[121.45531,24.66832],[121.45391,24.6644],[121.44959,24.66222],[121.44925,24.66165],[121.44775,24.65837],[121.44761,24.65617],[121.44899,24.65298],[121.45126,24.65168],[121.45134,24.65092],[121.44876,24.64601],[121.44598,24.64428],[121.44508,24.64318],[121.44484,24.64105],[121.44563,24.63942],[121.44502,24.6373],[121.44055,24.6351],[121.43609,24.6274],[121.43484,24.62446],[121.43566,24.62133],[121.43477,24.61938],[121.43352,24.61879],[121.43259,24.61564],[121.43062,24.61451],[121.42759,24.6057],[121.42595,24.60487],[121.42572,24.60402],[121.4244,24.60301],[121.41829,24.60103],[121.41632,24.60223],[121.41529,24.60196],[121.41278,24.60365],[121.41222,24.60085],[121.40847,24.59898],[121.40819,24.59807],[121.40672,24.59712],[121.40644,24.59567],[121.40309,24.59187],[121.40316,24.59059],[121.40456,24.58775],[121.41033,24.57916],[121.41233,24.5734],[121.40906,24.57162],[121.40766,24.57003],[121.40585,24.56985],[121.40358,24.56871],[121.4033,24.56751],[121.40131,24.56469],[121.40126,24.56201],[121.39836,24.56046],[121.39476,24.55591],[121.39544,24.55303],[121.39832,24.54943],[121.39876,24.5482],[121.39675,24.53982],[121.39846,24.53626],[121.39835,24.53411],[121.39886,24.53255],[121.40151,24.53022],[121.40142,24.52886],[121.39771,24.52481],[121.39286,24.52446],[121.39052,24.52293],[121.38853,24.5178],[121.38782,24.51725],[121.38512,24.51682],[121.3854,24.5138],[121.38357,24.51022],[121.37929,24.50953],[121.37571,24.51007],[121.37335,24.5099],[121.37252,24.50211],[121.37125,24.49836],[121.36506,24.49587],[121.36385,24.49496],[121.36297,24.4938],[121.36281,24.49233],[121.36189,24.49078],[121.35775,24.48661],[121.35278,24.48549],[121.35074,24.48434],[121.34791,24.48485],[121.34632,24.48466],[121.34425,24.48272],[121.34284,24.48226],[121.34194,24.48063],[121.34141,24.47734],[121.34007,24.47485],[121.33808,24.47402],[121.33564,24.47204],[121.33625,24.46808],[121.336,24.46737],[121.33281,24.46566],[121.33088,24.46521],[121.32986,24.46426],[121.3295,24.46255],[121.32645,24.46042],[121.3238,24.45672],[121.32021,24.44801],[121.31964,24.44519],[121.31767,24.44149],[121.32059,24.44105],[121.32167,24.44037],[121.32507,24.43646],[121.32801,24.43398],[121.32835,24.43304],[121.32838,24.43157],[121.32767,24.43043],[121.32872,24.42701],[121.32737,24.42124],[121.32783,24.41806],[121.32713,24.41527],[121.32744,24.41302],[121.32654,24.40963],[121.325,24.40691],[121.32605,24.40338],[121.32628,24.40026],[121.32786,24.39831],[121.33081,24.39852],[121.33234,24.39794],[121.3336,24.395],[121.33698,24.3924],[121.33913,24.3896],[121.33993,24.391],[121.34297,24.39284],[121.35023,24.39284],[121.35239,24.39224],[121.35469,24.39327],[121.35939,24.39045],[121.36131,24.39015],[121.36265,24.3893],[121.36489,24.38907],[121.36719,24.38604],[121.36841,24.38544],[121.3698,24.38259],[121.36964,24.38192],[121.36809,24.38111],[121.3671,24.37893],[121.36925,24.37459],[121.36943,24.37226],[121.37374,24.36805],[121.37701,24.36844],[121.38076,24.3669],[121.38184,24.36701],[121.38762,24.36969],[121.3892,24.37415],[121.38997,24.37515],[121.39283,24.37512],[121.39508,24.37763],[121.39595,24.37803],[121.39812,24.37776],[121.40089,24.37967],[121.40189,24.3796],[121.40441,24.37772],[121.40649,24.37795],[121.40791,24.37755],[121.41277,24.37974],[121.41426,24.37939],[121.41702,24.37973],[121.4191,24.37905],[121.42154,24.38071],[121.42335,24.3814],[121.42574,24.38148],[121.42937,24.38306],[121.43779,24.38288],[121.4383,24.38262],[121.4408,24.37781],[121.44256,24.37313],[121.44438,24.37413],[121.44604,24.37408],[121.44798,24.37483],[121.44826,24.37257],[121.45201,24.36468],[121.45429,24.36364],[121.46092,24.35811],[121.46341,24.35703],[121.4654,24.35531],[121.473,24.35269],[121.47526,24.35126],[121.47887,24.35188],[121.48138,24.34893],[121.48537,24.34846],[121.48744,24.34606],[121.49076,24.34407],[121.49224,24.34209],[121.4954,24.34029],[121.49812,24.33923],[121.4994,24.33937],[121.50388,24.34278],[121.5073,24.34326],[121.5081,24.34312],[121.50865,24.34197],[121.50968,24.3412],[121.51357,24.34081],[121.51544,24.34181],[121.51799,24.341],[121.52044,24.34259],[121.52216,24.34302],[121.52514,24.34247],[121.52775,24.33915],[121.53055,24.33876],[121.53313,24.33709],[121.53572,24.33737],[121.53994,24.33588],[121.54422,24.33777],[121.54535,24.33767],[121.54862,24.33623],[121.55106,24.33396],[121.55608,24.33115],[121.55703,24.3295],[121.55774,24.326],[121.55949,24.32315],[121.56009,24.32264],[121.56333,24.32223],[121.56637,24.31918],[121.56767,24.31918],[121.56883,24.31814],[121.5699,24.31794],[121.57185,24.31819],[121.57365,24.31939],[121.57585,24.31967],[121.57884,24.31803],[121.58236,24.3178],[121.58426,24.31669],[121.58752,24.31606],[121.58949,24.3138],[121.59376,24.31641],[121.59719,24.31629],[121.60192,24.31415],[121.60314,24.31317],[121.60575,24.30942],[121.6066,24.31069],[121.60702,24.31264],[121.60515,24.31541],[121.60523,24.31728],[121.60464,24.31827],[121.6011,24.32058],[121.60133,24.32328],[121.59888,24.32528],[121.59863,24.32654],[121.59657,24.32814],[121.59588,24.32951],[121.59575,24.33162],[121.59698,24.33347],[121.59923,24.33353],[121.60072,24.33086],[121.60306,24.32931],[121.60447,24.32901],[121.60646,24.33006],[121.60654,24.33273],[121.60792,24.33542],[121.61221,24.33589],[121.61316,24.33555],[121.61523,24.3333],[121.61754,24.33365],[121.61859,24.33463],[121.61866,24.33574],[121.61813,24.3364],[121.61632,24.33704],[121.61614,24.33813],[121.61792,24.34439],[121.61921,24.34548],[121.62062,24.34487],[121.62278,24.33947],[121.62513,24.33985],[121.62748,24.34112],[121.62808,24.33871],[121.62669,24.33563],[121.62864,24.33369],[121.63002,24.3336],[121.6328,24.33475],[121.63317,24.33568],[121.63265,24.33747],[121.63298,24.3399],[121.63238,24.34157],[121.63157,24.3423],[121.63137,24.34398],[121.63195,24.3445],[121.63401,24.34438],[121.6353,24.34482],[121.63593,24.34611],[121.63552,24.34762],[121.63494,24.34851],[121.63324,24.34917],[121.63223,24.34922],[121.63046,24.34822],[121.62945,24.34944],[121.62685,24.34953],[121.62728,24.35168],[121.62677,24.35433],[121.62228,24.35668],[121.6212,24.35811],[121.62152,24.35991],[121.62339,24.36161],[121.62357,24.36234],[121.62076,24.36255],[121.62038,24.36321],[121.62188,24.36676],[121.62355,24.36735],[121.62589,24.36912],[121.62857,24.36952],[121.63095,24.37055],[121.63187,24.36977],[121.63056,24.36748],[121.63062,24.36642],[121.63196,24.36593],[121.63448,24.36661],[121.635,24.36634],[121.63503,24.36372],[121.63728,24.36314],[121.63834,24.36232],[121.63867,24.36092],[121.64037,24.35939],[121.64003,24.35826],[121.64047,24.35717],[121.64228,24.35609],[121.64472,24.35264],[121.6466,24.35191],[121.64876,24.34951],[121.64971,24.34919],[121.6503,24.3495],[121.65072,24.35093],[121.65003,24.35487],[121.6481,24.35653],[121.64785,24.35772],[121.64946,24.35966],[121.65048,24.35989],[121.65365,24.35611],[121.65351,24.35219],[121.65665,24.35325],[121.65754,24.35285],[121.65866,24.35128],[121.66001,24.35115],[121.66124,24.35179],[121.66137,24.35301],[121.66313,24.35289],[121.6639,24.34917],[121.66484,24.34815],[121.66674,24.34725],[121.66785,24.34464],[121.66911,24.3431],[121.6701,24.34282],[121.67309,24.34381],[121.67398,24.3434],[121.67349,24.33998],[121.67484,24.33777],[121.67701,24.33758],[121.68385,24.34073],[121.68558,24.34073],[121.68698,24.33875],[121.68736,24.33464],[121.68847,24.33362],[121.69048,24.33379],[121.69361,24.33485],[121.69571,24.33471],[121.69766,24.33411],[121.70557,24.32945],[121.71332,24.32694],[121.72346,24.32548],[121.72796,24.32596],[121.73518,24.32307],[121.74006,24.32356],[121.74474,24.32285],[121.7594,24.31411],[121.76987,24.31313],[121.77249,24.31351],[121.77407,24.31527],[121.77407,24.31668],[121.77381,24.32057],[121.77141,24.32893],[121.77089,24.33259],[121.77164,24.33756],[121.77281,24.34026],[121.77358,24.34371],[121.77799,24.35233],[121.77872,24.3562],[121.78227,24.36161],[121.78372,24.36651],[121.78703,24.3725],[121.78854,24.38805],[121.78878,24.39616],[121.79115,24.40823],[121.79867,24.42796],[121.80186,24.43434],[121.80501,24.43757],[121.81218,24.44269],[121.81235,24.44352],[121.8156,24.44789],[121.81625,24.44661],[121.81655,24.44674],[121.81715,24.44833],[121.81717,24.45021],[121.82018,24.4538],[121.82109,24.45407],[121.82181,24.45565],[121.82177,24.45638],[121.82006,24.45851],[121.81994,24.45948],[121.82038,24.46142],[121.8212,24.46236],[121.82356,24.46334],[121.82467,24.46461],[121.83266,24.46742],[121.83424,24.46963],[121.83617,24.47074],[121.83698,24.47183],[121.83831,24.47226],[121.83851,24.473],[121.84174,24.47592],[121.84392,24.47686],[121.84612,24.47693],[121.84903,24.4792],[121.85545,24.48059],[121.85969,24.47856],[121.86142,24.47966],[121.86242,24.4812],[121.86023,24.48364],[121.85858,24.48385],[121.85669,24.48337],[121.85166,24.48389],[121.85049,24.48574],[121.85091,24.48729],[121.85041,24.4878],[121.85029,24.49057],[121.84965,24.4922],[121.85081,24.49339],[121.85074,24.49534],[121.85021,24.49472],[121.84805,24.49581],[121.84785,24.49736],[121.84644,24.49658],[121.84502,24.49726],[121.8413,24.49758],[121.83971,24.49864],[121.83858,24.50076],[121.83835,24.50328],[121.83878,24.51162],[121.83993,24.51653],[121.84254,24.52081],[121.84497,24.52168],[121.84965,24.52206],[121.85113,24.52283],[121.85626,24.52394],[121.86093,24.52717],[121.86567,24.52736],[121.86686,24.52795],[121.86857,24.52765],[121.86983,24.52825],[121.8695,24.52906],[121.87013,24.53001],[121.87257,24.5311],[121.87248,24.53281],[121.87375,24.53438],[121.87362,24.53605],[121.8724,24.53914],[121.87231,24.54148],[121.87411,24.54549],[121.87289,24.54716],[121.87207,24.55116],[121.87119,24.55252],[121.8707,24.5603],[121.87121,24.56343],[121.87031,24.56924],[121.86922,24.57127],[121.86949,24.57449],[121.86983,24.57608],[121.87208,24.57818],[121.873,24.57792],[121.87338,24.57723],[121.8751,24.57758],[121.87553,24.57716],[121.87597,24.57746],[121.87527,24.57828],[121.8757,24.57901],[121.87678,24.57885],[121.87698,24.57808],[121.87896,24.57862],[121.87979,24.57966],[121.87829,24.58002],[121.87728,24.57976],[121.87661,24.58125],[121.87525,24.5814],[121.8751,24.58227],[121.8757,24.58282],[121.87417,24.58326],[121.874,24.58457],[121.87288,24.58369],[121.87225,24.58405],[121.87265,24.58525],[121.87388,24.58562],[121.87463,24.58531],[121.87621,24.58649],[121.87636,24.5874],[121.87924,24.59104],[121.87346,24.59661],[121.87923,24.59912],[121.88184,24.59863],[121.88243,24.59876],[121.88216,24.59917],[121.88254,24.59928],[121.88569,24.59943],[121.88604,24.59981],[121.8859,24.60049],[121.88465,24.60064],[121.88366,24.60138],[121.88374,24.60225],[121.88514,24.60372],[121.88218,24.60351],[121.88087,24.60556],[121.88022,24.60574],[121.87808,24.60514],[121.87532,24.60564],[121.87464,24.6061],[121.87428,24.60791],[121.8734,24.60873],[121.871,24.60917],[121.86963,24.60864],[121.86613,24.60992],[121.85877,24.6167],[121.85213,24.628],[121.84517,24.64466]]],[[[123.4767,25.75181],[123.475,25.75122],[123.47255,25.75113],[123.46728,25.74883],[123.46691,25.74916],[123.4603,25.74471],[123.45779,25.74032],[123.45833,25.73765],[123.4594,25.73564],[123.46128,25.73539],[123.46152,25.73482],[123.46446,25.73491],[123.46566,25.73598],[123.46636,25.73576],[123.47016,25.73714],[123.4711,25.73834],[123.47227,25.73893],[123.474,25.73813],[123.47371,25.73869],[123.47412,25.7387],[123.47452,25.73988],[123.47535,25.73922],[123.47519,25.74011],[123.47722,25.74127],[123.4781,25.74078],[123.47895,25.74138],[123.47913,25.74079],[123.48047,25.74086],[123.48076,25.74046],[123.48129,25.74089],[123.4815,25.74044],[123.48319,25.74028],[123.48357,25.74066],[123.48357,25.74032],[123.4849,25.74094],[123.48587,25.74028],[123.48758,25.74066],[123.48863,25.74019],[123.49113,25.7412],[123.49125,25.74079],[123.49194,25.741],[123.49396,25.74229],[123.49389,25.74398],[123.49321,25.74487],[123.4904,25.74741],[123.4901,25.7471],[123.4896,25.74823],[123.48767,25.74894],[123.48737,25.74949],[123.48061,25.7501],[123.47846,25.75151],[123.4767,25.75181]]],[[[121.95972,24.84493],[121.95984,24.84696],[121.95719,24.85026],[121.95307,24.85142],[121.94948,24.85177],[121.94754,24.85125],[121.94334,24.84461],[121.94174,24.84429],[121.93519,24.84716],[121.93492,24.84681],[121.93528,24.84641],[121.93442,24.84673],[121.93426,24.84556],[121.93604,24.84367],[121.93831,24.84235],[121.94101,24.8378],[121.94573,24.83552],[121.94802,24.83533],[121.94899,24.83589],[121.95707,24.83682],[121.96148,24.83528],[121.96294,24.83593],[121.9651,24.83899],[121.96495,24.84049],[121.96282,24.84109],[121.96067,24.84264],[121.96033,24.843],[121.96065,24.8437],[121.95972,24.84493]]],[[[123.68245,25.92888],[123.68111,25.92839],[123.68055,25.9288],[123.68011,25.92836],[123.67977,25.92861],[123.67951,25.92765],[123.6781,25.92687],[123.67672,25.92505],[123.67608,25.92315],[123.6776,25.92224],[123.67845,25.92054],[123.68005,25.91958],[123.68155,25.91909],[123.68602,25.9197],[123.68788,25.92094],[123.68869,25.92222],[123.68819,25.92322],[123.68871,25.92356],[123.68784,25.92332],[123.68807,25.92392],[123.68741,25.92417],[123.68767,25.92449],[123.68721,25.92513],[123.68529,25.92635],[123.68377,25.92836],[123.68245,25.92888]]],[[[123.5502,25.72581],[123.54797,25.72568],[123.54538,25.72463],[123.54461,25.72359],[123.54497,25.72235],[123.54549,25.72266],[123.54606,25.72244],[123.54585,25.72218],[123.5468,25.72235],[123.55308,25.72026],[123.55567,25.72086],[123.55554,25.72224],[123.55497,25.72258],[123.55536,25.7228],[123.55441,25.72387],[123.55402,25.72361],[123.55321,25.72485],[123.5502,25.72581]]],[[[123.54135,25.73438],[123.54114,25.73489],[123.53987,25.73289],[123.53892,25.73292],[123.53836,25.73201],[123.53762,25.73178],[123.53877,25.73168],[123.54045,25.7289],[123.54095,25.72875],[123.5406,25.72853],[123.54139,25.72753],[123.54149,25.72583],[123.54237,25.72606],[123.54241,25.72525],[123.54463,25.72614],[123.54507,25.72755],[123.54476,25.72792],[123.54563,25.72873],[123.54367,25.7295],[123.5414,25.73367],[123.5419,25.73428],[123.54135,25.73438]]],[[[124.55913,25.92337],[124.55769,25.9231],[124.55657,25.92153],[124.56115,25.9223],[124.56071,25.92281],[124.5595,25.92282],[124.55975,25.92319],[124.55913,25.92337]]],[[[123.54366,25.78197],[123.54338,25.78008],[123.54474,25.78091],[123.54366,25.78197]]],[[[123.56769,25.75565],[123.56602,25.75555],[123.56673,25.75498],[123.56769,25.75565]]],[[[123.54003,25.77965],[123.5396,25.77921],[123.54047,25.77887],[123.54052,25.77942],[123.54003,25.77965]]],[[[123.54164,25.77939],[123.54061,25.77925],[123.54173,25.77901],[123.54164,25.77939]]]]}},{"type":"Feature","properties":{"county":"連江縣"},"geometry":{"type":"MultiPolygon","coordinates":[[[[119.91703,26.17517],[119.9163,26.1751],[119.91646,26.17436],[119.91564,26.17263],[119.91692,26.17147],[119.91516,26.16944],[119.91655,26.16867],[119.917,26.16782],[119.91872,26.16791],[119.91917,26.16719],[119.91847,26.16552],[119.91759,26.1651],[119.91758,26.16267],[119.91597,26.16234],[119.91502,26.16287],[119.91463,26.16164],[119.91251,26.15959],[119.91539,26.16011],[119.91612,26.15934],[119.91723,26.15921],[119.91767,26.15789],[119.91608,26.15576],[119.91398,26.15467],[119.91516,26.15326],[119.91075,26.14974],[119.91046,26.14767],[119.90926,26.14649],[119.90891,26.14534],[119.91014,26.14414],[119.91235,26.14552],[119.91304,26.14526],[119.9132,26.14336],[119.91262,26.14257],[119.91374,26.14274],[119.91451,26.14199],[119.91592,26.14195],[119.91684,26.14109],[119.92072,26.14217],[119.92114,26.14209],[119.92064,26.14133],[119.92127,26.14213],[119.92348,26.142],[119.92436,26.14095],[119.92319,26.13956],[119.92333,26.1382],[119.92443,26.13778],[119.92472,26.13836],[119.92606,26.13851],[119.92613,26.13913],[119.92692,26.13912],[119.92756,26.13982],[119.92848,26.13945],[119.93046,26.13982],[119.93073,26.14035],[119.92908,26.14068],[119.92882,26.14159],[119.92979,26.14204],[119.93008,26.14271],[119.93086,26.14265],[119.93072,26.143],[119.932,26.14455],[119.93359,26.14395],[119.93444,26.14569],[119.93514,26.14513],[119.93613,26.14607],[119.93725,26.14579],[119.93757,26.1452],[119.93723,26.14452],[119.93803,26.14289],[119.93942,26.14352],[119.94199,26.14325],[119.94414,26.14529],[119.94406,26.14578],[119.94652,26.14673],[119.94609,26.1471],[119.94627,26.14839],[119.94693,26.14879],[119.94877,26.14855],[119.94848,26.1493],[119.94907,26.15015],[119.94841,26.15088],[119.94913,26.15141],[119.94844,26.15207],[119.94997,26.15354],[119.95235,26.15338],[119.95328,26.15233],[119.95158,26.15146],[119.95402,26.15211],[119.95427,26.15074],[119.95531,26.15073],[119.95593,26.15191],[119.9573,26.15225],[119.95715,26.15297],[119.95782,26.15338],[119.9578,26.15448],[119.95836,26.15542],[119.95904,26.15534],[119.95846,26.15576],[119.95943,26.15756],[119.96219,26.15842],[119.96276,26.16033],[119.96238,26.16053],[119.96289,26.16083],[119.9625,26.16147],[119.96369,26.16207],[119.9629,26.16375],[119.96351,26.16392],[119.96356,26.16492],[119.96479,26.16519],[119.96519,26.16648],[119.96043,26.16775],[119.96069,26.1683],[119.95663,26.16796],[119.95574,26.16764],[119.95581,26.16702],[119.95361,26.16421],[119.95289,26.1644],[119.95266,26.16559],[119.9533,26.16615],[119.95272,26.16657],[119.95309,26.16742],[119.95113,26.16821],[119.95058,26.16716],[119.94903,26.16747],[119.94656,26.16579],[119.9444,26.16497],[119.93963,26.16584],[119.94012,26.16214],[119.94187,26.1589],[119.93916,26.15707],[119.939,26.15617],[119.93716,26.15493],[119.9373,26.1543],[119.93583,26.15423],[119.93584,26.15829],[119.93498,26.15953],[119.93433,26.1588],[119.93275,26.15882],[119.93115,26.15814],[119.93013,26.15867],[119.92987,26.15941],[119.93028,26.1606],[119.93146,26.15998],[119.93068,26.16084],[119.93092,26.16133],[119.93048,26.16207],[119.92903,26.16049],[119.92795,26.16018],[119.92781,26.16073],[119.92648,26.16097],[119.92649,26.16133],[119.9246,26.16123],[119.92393,26.16205],[119.92388,26.16462],[119.92457,26.16499],[119.92624,26.16795],[119.92557,26.16912],[119.92582,26.17009],[119.92636,26.17037],[119.92772,26.16964],[119.9284,26.16979],[119.92844,26.17061],[119.92774,26.17094],[119.92829,26.17199],[119.92636,26.17215],[119.92513,26.17152],[119.92221,26.17177],[119.92164,26.17266],[119.92029,26.17286],[119.92058,26.17373],[119.92041,26.17442],[119.91968,26.17462],[119.91993,26.17507],[119.91836,26.17437],[119.91703,26.17517]]],[[[119.99642,26.23808],[119.99532,26.23822],[119.99317,26.23647],[119.99272,26.23582],[119.9935,26.23566],[119.99288,26.23489],[119.99325,26.23397],[119.99192,26.23376],[119.99151,26.23245],[119.98841,26.23079],[119.98595,26.22796],[119.98515,26.22769],[119.9854,26.22732],[119.98495,26.2265],[119.98325,26.22498],[119.98053,26.22492],[119.97975,26.22606],[119.97877,26.22602],[119.97595,26.22359],[119.97492,26.2242],[119.97413,26.22264],[119.97325,26.22246],[119.97156,26.22091],[119.97003,26.2213],[119.96856,26.22063],[119.96818,26.22128],[119.96744,26.22125],[119.96739,26.21909],[119.96909,26.21823],[119.9686,26.2154],[119.96936,26.21406],[119.97019,26.21376],[119.97107,26.21262],[119.9706,26.21156],[119.96827,26.20928],[119.96758,26.20711],[119.96635,26.20679],[119.9656,26.20489],[119.96671,26.20344],[119.96554,26.20255],[119.9662,26.20153],[119.96598,26.19927],[119.96676,26.19824],[119.96622,26.19649],[119.96647,26.19402],[119.96748,26.19371],[119.969,26.19472],[119.96938,26.19431],[119.97128,26.19524],[119.97319,26.19453],[119.9729,26.19378],[119.97354,26.19231],[119.97464,26.19232],[119.97599,26.19323],[119.97555,26.19482],[119.97289,26.19481],[119.9736,26.19575],[119.97358,26.1976],[119.97138,26.19938],[119.9729,26.20145],[119.97263,26.20617],[119.97147,26.20748],[119.97288,26.20926],[119.97246,26.20975],[119.97255,26.21186],[119.97585,26.2152],[119.97773,26.21485],[119.97866,26.21585],[119.98285,26.2174],[119.98386,26.21866],[119.98707,26.21868],[119.98937,26.21772],[119.98948,26.21581],[119.98903,26.21507],[119.98942,26.2145],[119.99023,26.21444],[119.99181,26.21621],[119.99203,26.2174],[119.99307,26.21863],[119.99385,26.21865],[119.99463,26.21782],[119.99691,26.21815],[119.99778,26.21966],[119.99803,26.22133],[119.9977,26.22188],[119.99822,26.22254],[119.99935,26.22259],[120.00063,26.22198],[119.99904,26.21953],[120.00022,26.21872],[120.00268,26.22279],[120.00381,26.22291],[120.00701,26.22227],[120.00751,26.21946],[120.00923,26.21851],[120.00911,26.2167],[120.00964,26.21476],[120.01164,26.21438],[120.01158,26.2173],[120.01267,26.21789],[120.01161,26.21763],[120.01193,26.21824],[120.01152,26.21802],[120.0112,26.21854],[120.01039,26.21824],[120.00981,26.21967],[120.01057,26.2212],[120.01223,26.22168],[120.01448,26.22349],[120.01462,26.22408],[120.01349,26.22382],[120.01325,26.22452],[120.0154,26.22684],[120.01502,26.22719],[120.01539,26.22779],[120.0141,26.22846],[120.01259,26.22795],[120.0105,26.22846],[120.00774,26.22694],[120.00725,26.22722],[120.00656,26.2265],[120.00651,26.22427],[120.00575,26.22331],[120.00365,26.22365],[120.00335,26.22396],[120.00536,26.22715],[120.00648,26.22785],[120.00653,26.22933],[120.0053,26.23025],[120.00638,26.23405],[120.00528,26.23465],[120.00422,26.23429],[120.00401,26.23479],[120.00188,26.23362],[120.00125,26.23409],[120.00142,26.23563],[120.00005,26.238],[119.99642,26.23808]]],[[[120.4796,26.383],[120.48022,26.3834],[120.48002,26.38394],[120.47758,26.3818],[120.47708,26.382],[120.47681,26.38347],[120.47604,26.38369],[120.47516,26.38299],[120.47485,26.38349],[120.47406,26.38339],[120.47378,26.38259],[120.47464,26.38187],[120.47435,26.38071],[120.47469,26.37965],[120.47308,26.37844],[120.4721,26.37885],[120.47179,26.37815],[120.47065,26.37837],[120.46925,26.3771],[120.47057,26.37445],[120.46926,26.37246],[120.46964,26.37191],[120.46936,26.37116],[120.47002,26.37188],[120.47036,26.37108],[120.47103,26.37239],[120.47167,26.37227],[120.47335,26.37592],[120.47389,26.37601],[120.474,26.37701],[120.47536,26.377],[120.47693,26.37909],[120.47749,26.37791],[120.47669,26.37495],[120.47696,26.37403],[120.47779,26.37393],[120.47727,26.36962],[120.47737,26.36885],[120.47782,26.36883],[120.47773,26.36754],[120.48103,26.37079],[120.48446,26.36981],[120.48536,26.36892],[120.48541,26.36547],[120.48304,26.36446],[120.48206,26.36502],[120.4838,26.36322],[120.48322,26.36056],[120.48155,26.35898],[120.48159,26.35836],[120.48202,26.3587],[120.48231,26.35784],[120.48402,26.35718],[120.48428,26.35577],[120.48519,26.35591],[120.48559,26.35658],[120.48556,26.35788],[120.48509,26.35847],[120.48607,26.35853],[120.48562,26.35908],[120.48616,26.35979],[120.48672,26.35934],[120.48774,26.35963],[120.48849,26.35925],[120.48805,26.35786],[120.48854,26.35736],[120.48967,26.35822],[120.49024,26.358],[120.4908,26.35849],[120.49119,26.35816],[120.49299,26.35932],[120.49298,26.35854],[120.49356,26.35854],[120.49314,26.35733],[120.49349,26.35689],[120.49461,26.35808],[120.49535,26.36013],[120.49616,26.36032],[120.49616,26.36116],[120.49854,26.36184],[120.49881,26.36307],[120.50055,26.36444],[120.50103,26.366],[120.50068,26.36684],[120.50134,26.36869],[120.50299,26.36876],[120.50407,26.36688],[120.504,26.36614],[120.50457,26.36612],[120.5042,26.36557],[120.5052,26.36569],[120.50647,26.36705],[120.50726,26.36577],[120.50893,26.36479],[120.51019,26.36463],[120.51131,26.36522],[120.51144,26.36614],[120.51081,26.36699],[120.51109,26.36833],[120.50827,26.36944],[120.50819,26.37075],[120.50783,26.3706],[120.50666,26.37295],[120.50589,26.37306],[120.5057,26.37183],[120.50495,26.37216],[120.50393,26.37173],[120.50356,26.37079],[120.50308,26.37142],[120.50257,26.37104],[120.50246,26.37212],[120.50141,26.37229],[120.50129,26.37317],[120.49867,26.37265],[120.49853,26.37361],[120.50049,26.37664],[120.50054,26.37755],[120.49972,26.37844],[120.49867,26.37793],[120.49729,26.37863],[120.49589,26.37863],[120.49418,26.37776],[120.49228,26.37503],[120.49245,26.37296],[120.492,26.37064],[120.49035,26.37131],[120.48894,26.37063],[120.48781,26.37183],[120.48744,26.37082],[120.48552,26.36974],[120.48437,26.37037],[120.48437,26.37105],[120.48351,26.37052],[120.48152,26.37123],[120.48223,26.37274],[120.48208,26.37471],[120.48346,26.37718],[120.48228,26.38072],[120.48044,26.38084],[120.4798,26.38218],[120.48028,26.38256],[120.47966,26.3826],[120.48004,26.38292],[120.4796,26.383]]],[[[119.98485,25.97059],[119.98408,25.97075],[119.98378,25.96964],[119.98199,25.96902],[119.98305,25.96725],[119.98187,25.96647],[119.98001,25.96641],[119.97851,25.96719],[119.97873,25.96836],[119.97834,25.96851],[119.97664,25.96806],[119.97427,25.96839],[119.97298,25.96728],[119.97152,25.96706],[119.97163,25.96652],[119.97118,25.96647],[119.97161,25.96618],[119.97129,25.96601],[119.97149,25.96409],[119.96959,25.96157],[119.96954,25.96045],[119.96819,25.95924],[119.96625,25.9584],[119.96436,25.95884],[119.96369,25.95862],[119.96375,25.95804],[119.9622,25.95811],[119.96346,25.95781],[119.96501,25.95824],[119.96561,25.9563],[119.96408,25.95505],[119.96216,25.95012],[119.96129,25.95058],[119.96045,25.95017],[119.96212,25.94996],[119.96202,25.94943],[119.96302,25.94869],[119.96494,25.94921],[119.96537,25.94985],[119.96519,25.95086],[119.96642,25.95159],[119.96743,25.95126],[119.97079,25.95492],[119.97148,25.95662],[119.97293,25.95374],[119.97394,25.95333],[119.97499,25.95393],[119.97468,25.95527],[119.97621,25.95513],[119.97716,25.95642],[119.97785,25.9559],[119.97896,25.9562],[119.97924,25.95667],[119.97834,25.95897],[119.97857,25.95965],[119.98043,25.95977],[119.98494,25.9625],[119.98464,25.96378],[119.98368,25.96421],[119.98455,25.96418],[119.98678,25.96599],[119.9872,25.96674],[119.98663,25.96721],[119.98773,25.96718],[119.9886,25.96813],[119.98866,25.96879],[119.98736,25.96886],[119.98798,25.97036],[119.98674,25.96981],[119.98619,25.97063],[119.98485,25.97059]]],[[[119.94457,25.98207],[119.94425,25.98274],[119.94403,25.98209],[119.94276,25.98241],[119.94296,25.98187],[119.94182,25.9815],[119.94001,25.982],[119.93886,25.98068],[119.93733,25.98176],[119.93341,25.97997],[119.93255,25.98022],[119.93162,25.98163],[119.92884,25.98157],[119.92837,25.98112],[119.92709,25.98123],[119.92691,25.98165],[119.92525,25.98093],[119.92401,25.97924],[119.92567,25.97752],[119.92564,25.97668],[119.92886,25.97254],[119.92883,25.97096],[119.93053,25.97187],[119.93184,25.97156],[119.93169,25.97091],[119.93331,25.97],[119.93364,25.96928],[119.93336,25.9687],[119.9325,25.96916],[119.93156,25.96747],[119.93394,25.96748],[119.93503,25.96774],[119.93672,25.96988],[119.93832,25.97068],[119.9372,25.97178],[119.93849,25.97338],[119.93969,25.97399],[119.94194,25.97292],[119.94378,25.97495],[119.94529,25.97556],[119.94486,25.97588],[119.94548,25.97655],[119.94655,25.97694],[119.94642,25.97805],[119.94772,25.97816],[119.94826,25.97986],[119.94794,25.98025],[119.9485,25.98109],[119.94744,25.98139],[119.94801,25.98171],[119.94508,25.98068],[119.94401,25.98162],[119.94457,25.98207]]],[[[119.98962,26.28187],[119.98959,26.28309],[119.98882,26.2837],[119.98683,26.28301],[119.98618,26.28234],[119.98678,26.28009],[119.98633,26.27982],[119.98539,26.28019],[119.98469,26.27954],[119.98436,26.28038],[119.9832,26.28047],[119.98302,26.28015],[119.98389,26.27937],[119.98158,26.27831],[119.98297,26.27718],[119.98413,26.277],[119.98445,26.27582],[119.98381,26.27545],[119.98406,26.27482],[119.98275,26.27335],[119.98119,26.27335],[119.98021,26.27245],[119.9784,26.27206],[119.97995,26.27146],[119.97882,26.26963],[119.98007,26.26854],[119.98079,26.2685],[119.98071,26.2671],[119.98124,26.26655],[119.98324,26.26638],[119.98488,26.26711],[119.98589,26.26653],[119.98695,26.26746],[119.98792,26.26714],[119.98781,26.26817],[119.9893,26.26857],[119.99036,26.26969],[119.99023,26.27068],[119.98874,26.27105],[119.98923,26.27196],[119.98866,26.27293],[119.98982,26.2732],[119.99045,26.27407],[119.99206,26.27474],[119.99231,26.27569],[119.99135,26.27701],[119.98928,26.27694],[119.99035,26.27741],[119.99035,26.27801],[119.99144,26.27869],[119.99033,26.27892],[119.98879,26.27816],[119.98864,26.27985],[119.99036,26.28114],[119.99058,26.2819],[119.98962,26.28187]]],[[[120.0045,26.25066],[120.00385,26.25135],[120.00351,26.25119],[120.00269,26.24982],[120.00085,26.24848],[119.99985,26.24949],[119.9989,26.249],[119.99894,26.24959],[119.99844,26.24971],[119.99619,26.24577],[119.99624,26.2448],[119.99556,26.24463],[119.99595,26.24429],[119.99532,26.24329],[119.99583,26.24204],[119.99824,26.24215],[119.99841,26.24291],[120.0012,26.24522],[120.0024,26.24481],[120.00314,26.24506],[120.00338,26.24554],[120.00291,26.24558],[120.00347,26.24605],[120.00359,26.24736],[120.00503,26.24707],[120.00638,26.24999],[120.00631,26.25092],[120.0045,26.25066]]],[[[120.2286,26.3446],[120.22984,26.34547],[120.22963,26.34689],[120.22893,26.34737],[120.22421,26.34432],[120.22208,26.34125],[120.22034,26.34183],[120.21942,26.33859],[120.21812,26.3376],[120.21807,26.33571],[120.21838,26.33606],[120.21896,26.33556],[120.21927,26.33622],[120.22045,26.33634],[120.22019,26.33683],[120.22079,26.33733],[120.22068,26.33843],[120.22136,26.33824],[120.22151,26.33893],[120.2231,26.33852],[120.22293,26.33918],[120.22359,26.33909],[120.22346,26.33953],[120.2243,26.34008],[120.22574,26.34243],[120.2267,26.3426],[120.22638,26.34362],[120.22745,26.34483],[120.22793,26.34427],[120.2286,26.3446]]],[[[120.0099,26.25515],[120.01016,26.25553],[120.00897,26.25498],[120.00867,26.25299],[120.00754,26.25192],[120.00921,26.25183],[120.0099,26.25262],[120.01081,26.25223],[120.01285,26.25274],[120.01355,26.25244],[120.01405,26.25313],[120.01371,26.2532],[120.01504,26.25405],[120.01382,26.25477],[120.01185,26.25454],[120.01107,26.25396],[120.0112,26.25469],[120.0099,26.25515]]],[[[119.97277,26.16842],[119.97303,26.16883],[119.97179,26.16836],[119.97047,26.16649],[119.97011,26.16332],[119.9707,26.16249],[119.97049,26.16174],[119.97125,26.16198],[119.97096,26.16264],[119.97258,26.164],[119.97243,26.165],[119.97356,26.1654],[119.97272,26.16588],[119.97394,26.16627],[119.97233,26.16582],[119.97244,26.16661],[119.97309,26.16682],[119.97229,26.16778],[119.97313,26.16801],[119.97277,26.16842]]],[[[119.96412,25.94629],[119.9647,25.94661],[119.96367,25.94706],[119.96212,25.9456],[119.96299,25.94516],[119.96092,25.94238],[119.96142,25.941],[119.96354,25.94321],[119.96415,25.94265],[119.96471,25.94425],[119.96437,25.94397],[119.96385,25.94504],[119.96465,25.94607],[119.96412,25.94629]]],[[[119.97579,25.97592],[119.97444,25.97479],[119.97399,25.97026],[119.97587,25.97186],[119.97728,25.9741],[119.97648,25.97409],[119.97742,25.97487],[119.97647,25.97479],[119.97579,25.97592]]],[[[120.01277,26.24053],[120.01087,26.23811],[120.01075,26.23645],[120.01132,26.23563],[120.01224,26.23578],[120.01205,26.23802],[120.01411,26.23899],[120.01377,26.23982],[120.01419,26.23999],[120.01334,26.23984],[120.01277,26.24053]]],[[[119.96667,25.97467],[119.96597,25.97505],[119.96495,25.97413],[119.96531,25.9729],[119.96411,25.97161],[119.96438,25.97115],[119.96596,25.97215],[119.96689,25.9715],[119.96725,25.97175],[119.96745,25.9724],[119.96678,25.97385],[119.96727,25.9743],[119.96696,25.97459],[119.9666,25.97422],[119.96667,25.97467]]],[[[120.40324,26.15904],[120.40213,26.15789],[120.4029,26.15649],[120.40588,26.15529],[120.40648,26.15547],[120.40609,26.15672],[120.40517,26.15645],[120.40476,26.15804],[120.40416,26.15806],[120.40445,26.15755],[120.40376,26.15741],[120.40397,26.15775],[120.40313,26.15787],[120.40324,26.15904]]],[[[120.01218,26.20944],[120.01385,26.21007],[120.0147,26.21116],[120.0132,26.21175],[120.01213,26.21151],[120.0109,26.21039],[120.01147,26.20954],[120.01218,26.20944]]],[[[120.01243,26.21411],[120.01159,26.21376],[120.01208,26.21258],[120.01359,26.21257],[120.015,26.21325],[120.01356,26.21413],[120.01243,26.21411]]],[[[120.01696,26.23915],[120.01695,26.23948],[120.01612,26.2391],[120.01542,26.23939],[120.01434,26.23907],[120.01421,26.23863],[120.01614,26.2378],[120.01711,26.23844],[120.01696,26.23915]]],[[[120.08615,26.38516],[120.08394,26.38492],[120.08291,26.38433],[120.0853,26.38409],[120.08619,26.38435],[120.08615,26.38516]]],[[[119.9666,26.16738],[119.96786,26.16787],[119.96788,26.16873],[119.96503,26.167],[119.96579,26.1665],[119.9666,26.16738]]],[[[119.94783,26.19415],[119.94921,26.19543],[119.94759,26.19539],[119.94712,26.19451],[119.94783,26.19415]]],[[[120.06211,26.23769],[120.06236,26.23818],[120.06079,26.23781],[120.06068,26.23691],[120.06132,26.23663],[120.06211,26.23769]]],[[[119.96275,26.08628],[119.96137,26.08601],[119.96155,26.085],[119.96274,26.08517],[119.96275,26.08628]]],[[[119.9894,25.97037],[119.98898,25.97082],[119.98802,25.96995],[119.98872,25.96967],[119.99009,25.97003],[119.9894,25.97037]]],[[[119.97693,26.27233],[119.97723,26.27264],[119.97675,26.27341],[119.9756,26.27224],[119.97693,26.27233]]],[[[119.99283,26.25851],[119.99132,26.25835],[119.99246,26.2577],[119.99283,26.25851]]],[[[119.99088,26.28232],[119.99093,26.28349],[119.98989,26.28211],[119.99088,26.28232]]],[[[119.9985,26.28221],[119.99964,26.28301],[119.99832,26.28283],[119.99805,26.28223],[119.9985,26.28221]]],[[[120.48202,26.35252],[120.48384,26.35493],[120.48182,26.35283],[120.48202,26.35252]]],[[[119.99128,26.28228],[119.99227,26.28303],[119.99207,26.28339],[119.99148,26.28312],[119.99128,26.28228]]],[[[119.99033,26.28345],[119.99068,26.28425],[119.99032,26.28448],[119.98988,26.28401],[119.99033,26.28345]]],[[[120.48597,26.35548],[120.48555,26.35599],[120.48522,26.35538],[120.48584,26.35497],[120.48597,26.35548]]],[[[120.08234,26.38297],[120.08188,26.38269],[120.08208,26.38209],[120.08248,26.3822],[120.08234,26.38297]]],[[[119.99887,26.28045],[119.99957,26.28131],[119.99867,26.28108],[119.99887,26.28045]]],[[[119.91942,25.97463],[119.92041,25.97559],[119.91983,25.97564],[119.91942,25.97463]]],[[[119.99259,25.98205],[119.99286,25.98288],[119.99198,25.98239],[119.99259,25.98205]]],[[[120.22761,26.34376],[120.2278,26.34415],[120.22732,26.34449],[120.22712,26.34387],[120.22761,26.34376]]],[[[119.96486,26.14487],[119.96461,26.14425],[119.96529,26.14439],[119.96486,26.14487]]],[[[119.9863,26.28443],[119.98697,26.28516],[119.98634,26.28502],[119.9863,26.28443]]],[[[119.97611,25.97662],[119.97597,25.97611],[119.97677,25.97644],[119.97611,25.97662]]],[[[120.00683,26.25079],[120.0072,26.25147],[120.00677,26.25165],[120.00683,26.25079]]],[[[120.0625,26.23329],[120.06301,26.23405],[120.06227,26.23362],[120.0625,26.23329]]],[[[120.21401,26.33475],[120.2147,26.3351],[120.21461,26.33552],[120.21401,26.33475]]],[[[120.48379,26.37841],[120.48421,26.37895],[120.48337,26.3786],[120.48379,26.37841]]],[[[119.98066,26.18662],[119.98009,26.18734],[119.98012,26.18677],[119.98066,26.18662]]],[[[119.9827,26.22623],[119.98325,26.22692],[119.98277,26.22686],[119.9827,26.22623]]],[[[119.96638,25.97582],[119.96594,25.97564],[119.9663,25.97525],[119.96638,25.97582]]],[[[120.01557,26.21329],[120.01606,26.21387],[120.01524,26.21334],[120.01557,26.21329]]],[[[120.21722,26.3357],[120.21712,26.33611],[120.21661,26.33605],[120.21722,26.3357]]],[[[119.96563,26.09207],[119.96525,26.09184],[119.96587,26.09166],[119.96563,26.09207]]],[[[119.96391,26.08577],[119.96351,26.08535],[119.96418,26.08553],[119.96391,26.08577]]],[[[120.21365,26.33483],[120.2137,26.3352],[120.2132,26.33513],[120.21365,26.33483]]],[[[120.22739,26.34324],[120.22761,26.34351],[120.22716,26.34376],[120.22739,26.34324]]],[[[119.92223,25.97791],[119.92227,25.97834],[119.92185,25.97809],[119.92223,25.97791]]],[[[119.993,26.25712],[119.9932,26.25753],[119.99272,26.25735],[119.993,26.25712]]],[[[119.99273,26.25585],[119.99285,26.25628],[119.99246,26.25613],[119.99273,26.25585]]],[[[120.51149,26.36455],[120.51144,26.36495],[120.51114,26.36468],[120.51149,26.36455]]]]}},{"type":"Feature","properties":{"county":"金門縣"},"geometry":{"type":"MultiPolygon","coordinates":[[[[118.41086,24.53056],[118.41131,24.53214],[118.40927,24.53398],[118.40731,24.53423],[118.4057,24.53176],[118.40623,24.53135],[118.40737,24.53145],[118.40767,24.53007],[118.4056,24.52747],[118.40377,24.52723],[118.40005,24.5286],[118.39771,24.52811],[118.39653,24.52573],[118.39965,24.52545],[118.40028,24.52472],[118.40077,24.52222],[118.39947,24.52096],[118.39685,24.51955],[118.39432,24.51623],[118.39391,24.51419],[118.39204,24.51161],[118.38861,24.50989],[118.38579,24.5095],[118.38404,24.5081],[118.38374,24.5027],[118.38571,24.49359],[118.38481,24.49223],[118.38073,24.49125],[118.38017,24.48766],[118.37906,24.48504],[118.36312,24.47167],[118.35664,24.47102],[118.35044,24.47166],[118.3465,24.4741],[118.34367,24.47465],[118.34141,24.47434],[118.33629,24.47603],[118.33135,24.47904],[118.32699,24.48304],[118.32428,24.48771],[118.32039,24.49148],[118.31817,24.49316],[118.31287,24.49552],[118.31047,24.49602],[118.30283,24.49473],[118.29454,24.49134],[118.29274,24.48992],[118.2897,24.48598],[118.28656,24.4789],[118.28599,24.47707],[118.28622,24.47482],[118.2891,24.47089],[118.28846,24.47067],[118.28846,24.46992],[118.29117,24.46818],[118.29535,24.46236],[118.29592,24.46056],[118.29555,24.456],[118.29645,24.45398],[118.29944,24.45126],[118.30219,24.4462],[118.30292,24.44249],[118.30296,24.43848],[118.30221,24.43625],[118.29845,24.42959],[118.29208,24.42144],[118.29092,24.41885],[118.28096,24.41703],[118.2804,24.41634],[118.28086,24.4152],[118.27847,24.41483],[118.278,24.41289],[118.28023,24.41151],[118.28049,24.41197],[118.28025,24.41091],[118.2806,24.41051],[118.28438,24.40864],[118.28482,24.40765],[118.29084,24.40415],[118.29128,24.40331],[118.29064,24.40199],[118.29287,24.40115],[118.29301,24.40066],[118.29561,24.39916],[118.29545,24.3984],[118.29648,24.39735],[118.29588,24.39674],[118.29577,24.39616],[118.29632,24.39644],[118.29593,24.39571],[118.29671,24.39587],[118.29701,24.3954],[118.29759,24.39584],[118.30146,24.39627],[118.30486,24.39581],[118.30553,24.39537],[118.30521,24.39471],[118.30629,24.39444],[118.30636,24.39324],[118.30741,24.39294],[118.30756,24.39217],[118.30872,24.39187],[118.30881,24.39087],[118.30942,24.39113],[118.30925,24.39021],[118.31092,24.38979],[118.31267,24.39045],[118.31382,24.38979],[118.31445,24.38998],[118.31454,24.38956],[118.31514,24.39004],[118.31607,24.38933],[118.3166,24.38811],[118.31824,24.38842],[118.31917,24.38764],[118.31981,24.38691],[118.31956,24.38631],[118.31996,24.38576],[118.32004,24.38611],[118.32212,24.38555],[118.32284,24.3864],[118.32306,24.3857],[118.32364,24.38595],[118.32383,24.38685],[118.32501,24.38804],[118.32603,24.3879],[118.32611,24.38725],[118.32686,24.38765],[118.32689,24.38716],[118.32735,24.38736],[118.32757,24.38696],[118.3287,24.38838],[118.3293,24.38822],[118.32919,24.38776],[118.3306,24.38831],[118.33126,24.38968],[118.33424,24.39109],[118.33871,24.40453],[118.34123,24.40876],[118.34509,24.41157],[118.34604,24.41293],[118.34614,24.41411],[118.34772,24.41496],[118.34828,24.41837],[118.34976,24.41946],[118.35036,24.42055],[118.35276,24.42139],[118.35398,24.42307],[118.35722,24.425],[118.37033,24.43096],[118.37462,24.43248],[118.38547,24.43507],[118.38716,24.43526],[118.38797,24.43448],[118.39051,24.43539],[118.39236,24.43523],[118.39504,24.43587],[118.39716,24.43483],[118.3993,24.43551],[118.40261,24.43498],[118.40321,24.43451],[118.40324,24.43358],[118.4044,24.4337],[118.40629,24.43253],[118.40822,24.43218],[118.40901,24.43037],[118.40902,24.42869],[118.40986,24.4318],[118.41098,24.43142],[118.41065,24.43059],[118.41012,24.43048],[118.41071,24.42981],[118.41061,24.4292],[118.40913,24.42794],[118.40922,24.42757],[118.41051,24.42856],[118.41264,24.42853],[118.41369,24.42715],[118.4151,24.42751],[118.41818,24.42702],[118.42747,24.42389],[118.43133,24.4201],[118.43302,24.41647],[118.43167,24.41512],[118.43083,24.41266],[118.42771,24.41218],[118.4256,24.41098],[118.42584,24.41074],[118.42773,24.41193],[118.43021,24.41224],[118.42909,24.41037],[118.43099,24.40952],[118.43231,24.40979],[118.43003,24.40857],[118.42752,24.40836],[118.42625,24.40933],[118.4272,24.40818],[118.42698,24.40735],[118.42694,24.40766],[118.4262,24.40678],[118.42935,24.40729],[118.43053,24.40681],[118.43152,24.40738],[118.43085,24.40774],[118.43166,24.40804],[118.43249,24.40748],[118.43495,24.40769],[118.43582,24.40808],[118.43578,24.40884],[118.43672,24.40906],[118.43754,24.41015],[118.44102,24.41123],[118.44273,24.41125],[118.4431,24.41073],[118.44385,24.41158],[118.44469,24.41153],[118.44496,24.41256],[118.44577,24.41212],[118.44612,24.41264],[118.44679,24.4124],[118.44582,24.41327],[118.44587,24.41386],[118.44672,24.41442],[118.4475,24.41393],[118.44771,24.41427],[118.44729,24.41454],[118.44836,24.4155],[118.4497,24.41595],[118.45037,24.41534],[118.45302,24.41538],[118.45282,24.41656],[118.45441,24.41721],[118.45496,24.41627],[118.45546,24.41758],[118.45604,24.41779],[118.45538,24.41939],[118.45675,24.42039],[118.45774,24.42405],[118.45703,24.42522],[118.45732,24.42601],[118.45858,24.42598],[118.46054,24.42368],[118.4606,24.42452],[118.46226,24.42582],[118.46194,24.42597],[118.46244,24.42723],[118.46306,24.42681],[118.46407,24.4273],[118.46529,24.42871],[118.46509,24.4295],[118.46455,24.42977],[118.46402,24.42914],[118.46386,24.42968],[118.46651,24.43091],[118.46652,24.43158],[118.46382,24.43346],[118.46346,24.43585],[118.46213,24.43541],[118.4605,24.43628],[118.46104,24.43815],[118.46154,24.43848],[118.46285,24.43804],[118.46318,24.43865],[118.46244,24.43957],[118.46275,24.44029],[118.46393,24.44129],[118.46619,24.44199],[118.46834,24.44152],[118.4681,24.4405],[118.46871,24.44049],[118.4682,24.44012],[118.46899,24.44032],[118.4694,24.43978],[118.47062,24.43975],[118.47067,24.44021],[118.46974,24.4401],[118.47108,24.44052],[118.47123,24.44128],[118.47063,24.44114],[118.4711,24.44159],[118.47144,24.4418],[118.4723,24.44122],[118.47267,24.44151],[118.47216,24.44228],[118.47283,24.4429],[118.47228,24.44306],[118.47378,24.44493],[118.4742,24.44956],[118.47538,24.45003],[118.47746,24.44952],[118.47817,24.45026],[118.47673,24.45168],[118.4762,24.45328],[118.47315,24.45356],[118.47206,24.45479],[118.47034,24.45522],[118.46617,24.46115],[118.46403,24.46769],[118.46411,24.4711],[118.46322,24.475],[118.46343,24.47659],[118.46435,24.47647],[118.4651,24.47704],[118.46529,24.47828],[118.4662,24.47922],[118.46899,24.48044],[118.46852,24.48221],[118.46912,24.48295],[118.46894,24.48368],[118.46195,24.48426],[118.45862,24.48701],[118.45511,24.4928],[118.4558,24.49586],[118.45495,24.49756],[118.45344,24.49884],[118.45172,24.49939],[118.45074,24.50102],[118.44956,24.50466],[118.45063,24.50991],[118.45011,24.511],[118.44588,24.51152],[118.43566,24.51448],[118.4342,24.51578],[118.4327,24.51845],[118.43154,24.52194],[118.43341,24.52272],[118.43358,24.52501],[118.43167,24.52481],[118.42953,24.52528],[118.42898,24.52599],[118.42933,24.52738],[118.42581,24.52835],[118.42413,24.52767],[118.42175,24.52963],[118.41919,24.53044],[118.41446,24.52831],[118.41313,24.52967],[118.41086,24.53056]]],[[[118.24886,24.45636],[118.24594,24.45618],[118.24342,24.45501],[118.24137,24.45605],[118.23833,24.45525],[118.23544,24.45377],[118.23337,24.45368],[118.23053,24.45205],[118.2273,24.44787],[118.22653,24.44631],[118.22648,24.44479],[118.22422,24.43973],[118.22385,24.43661],[118.22105,24.43248],[118.21946,24.43139],[118.21681,24.42807],[118.21656,24.42623],[118.21733,24.42446],[118.21737,24.42076],[118.21647,24.4194],[118.21551,24.41603],[118.21457,24.41484],[118.21465,24.41358],[118.21637,24.41307],[118.21387,24.41185],[118.2121,24.4128],[118.21157,24.41248],[118.21228,24.41101],[118.21355,24.41035],[118.2132,24.41014],[118.21352,24.40977],[118.21534,24.40934],[118.2168,24.40974],[118.21891,24.40957],[118.22209,24.40879],[118.22353,24.4078],[118.22355,24.40675],[118.22415,24.40591],[118.22501,24.40508],[118.2258,24.405],[118.22751,24.40784],[118.22926,24.40828],[118.23229,24.41275],[118.23544,24.41431],[118.23861,24.41491],[118.24144,24.41432],[118.24184,24.4138],[118.24115,24.41325],[118.24101,24.41199],[118.24149,24.41126],[118.24363,24.41335],[118.24535,24.41364],[118.25005,24.41826],[118.24871,24.41941],[118.24992,24.42159],[118.2521,24.42349],[118.25464,24.42488],[118.25613,24.42534],[118.25845,24.42508],[118.25816,24.42343],[118.25889,24.42296],[118.25832,24.42349],[118.25856,24.42466],[118.25974,24.42448],[118.26053,24.42309],[118.25926,24.42213],[118.26031,24.42266],[118.26213,24.42222],[118.26308,24.42253],[118.26266,24.42355],[118.26291,24.4242],[118.26508,24.42537],[118.26498,24.42602],[118.26632,24.42813],[118.26582,24.43014],[118.26729,24.43391],[118.26638,24.43467],[118.26966,24.43762],[118.26983,24.43825],[118.26819,24.43969],[118.26917,24.44598],[118.26579,24.44678],[118.26369,24.44821],[118.26217,24.44953],[118.26005,24.45275],[118.25805,24.45403],[118.25529,24.45518],[118.25012,24.45576],[118.24886,24.45636]]],[[[119.45834,24.98946],[119.45801,24.99235],[119.4558,24.99496],[119.45055,24.99735],[119.44751,24.99813],[119.44479,24.99961],[119.44345,24.99872],[119.44329,24.99668],[119.44545,24.99362],[119.44635,24.99155],[119.44668,24.9884],[119.4473,24.98773],[119.4512,24.98756],[119.45688,24.98524],[119.4578,24.98599],[119.45836,24.98731],[119.45834,24.98946]]],[[[119.47405,24.98598],[119.47272,24.98722],[119.46782,24.98439],[119.46564,24.98241],[119.46536,24.9814],[119.46599,24.97995],[119.47278,24.9776],[119.47363,24.97761],[119.47621,24.97938],[119.47757,24.9809],[119.47896,24.98395],[119.47888,24.98588],[119.4775,24.98642],[119.47512,24.98575],[119.47405,24.98598]]],[[[118.16262,24.3949],[118.16101,24.3956],[118.15983,24.39494],[118.15922,24.39324],[118.15942,24.39246],[118.16097,24.3915],[118.16176,24.38999],[118.16183,24.38733],[118.16577,24.38684],[118.16668,24.38569],[118.16899,24.38421],[118.17279,24.38633],[118.17331,24.38719],[118.17256,24.38822],[118.17191,24.3876],[118.17099,24.38962],[118.16954,24.39012],[118.16648,24.38961],[118.16522,24.39011],[118.16363,24.39375],[118.16423,24.3944],[118.16421,24.39524],[118.16262,24.3949]]],[[[118.15971,24.3781],[118.16326,24.38132],[118.15826,24.38218],[118.15434,24.38374],[118.15346,24.38375],[118.15137,24.38233],[118.15303,24.3802],[118.15463,24.37921],[118.15499,24.37832],[118.15685,24.3772],[118.15718,24.37797],[118.15971,24.3781]]],[[[118.27768,24.45335],[118.27722,24.4544],[118.27479,24.45672],[118.27205,24.45804],[118.2692,24.45424],[118.26883,24.45248],[118.2724,24.45335],[118.27636,24.45228],[118.27768,24.45335]]],[[[118.43905,24.52467],[118.43892,24.52524],[118.4367,24.52412],[118.43471,24.52234],[118.43576,24.52197],[118.43908,24.52344],[118.43905,24.52467]]],[[[118.23382,24.16277],[118.23331,24.16333],[118.23289,24.16318],[118.23243,24.16077],[118.23456,24.16026],[118.23506,24.16257],[118.23382,24.16277]]],[[[118.19419,24.39702],[118.19445,24.39762],[118.194,24.3981],[118.1915,24.39736],[118.19197,24.39632],[118.19337,24.39628],[118.19379,24.39532],[118.19484,24.39539],[118.19512,24.39587],[118.19382,24.39675],[118.19419,24.39702]]],[[[118.4576,24.41434],[118.45692,24.41462],[118.45613,24.41425],[118.45619,24.41278],[118.457,24.41284],[118.45732,24.41339],[118.4574,24.4125],[118.45924,24.41269],[118.4593,24.41354],[118.45881,24.41409],[118.4576,24.41434]]],[[[118.22993,24.40462],[118.22837,24.40426],[118.22904,24.40289],[118.2316,24.40308],[118.23047,24.40463],[118.22993,24.40462]]],[[[118.50555,24.42817],[118.50375,24.42824],[118.50388,24.42629],[118.50566,24.42667],[118.50598,24.42732],[118.50555,24.42817]]],[[[118.14557,24.37893],[118.14368,24.3785],[118.14453,24.37705],[118.14471,24.37548],[118.14514,24.37589],[118.14479,24.37741],[118.14572,24.37772],[118.14557,24.37893]]],[[[118.21033,24.45358],[118.21055,24.45424],[118.20986,24.4544],[118.20875,24.45344],[118.20921,24.45331],[118.20894,24.45277],[118.2105,24.4531],[118.21033,24.45358]]],[[[118.46005,24.41577],[118.46062,24.4167],[118.45937,24.41692],[118.45888,24.41561],[118.46005,24.41577]]],[[[118.19839,24.43639],[118.19964,24.43724],[118.19875,24.4376],[118.19792,24.43714],[118.19839,24.43639]]],[[[118.14204,24.37835],[118.14174,24.37871],[118.14156,24.3778],[118.14261,24.37763],[118.14267,24.37825],[118.14204,24.37835]]],[[[118.39711,24.52233],[118.39736,24.52298],[118.39655,24.52339],[118.39623,24.52279],[118.39711,24.52233]]],[[[118.34598,24.40804],[118.34636,24.40872],[118.34563,24.40894],[118.3454,24.40835],[118.34598,24.40804]]],[[[118.2129,24.45188],[118.21085,24.45159],[118.21162,24.45137],[118.2129,24.45188]]],[[[118.33939,24.39052],[118.33896,24.3893],[118.33974,24.38997],[118.33939,24.39052]]],[[[118.22693,24.45546],[118.22763,24.45582],[118.22591,24.45576],[118.22693,24.45546]]],[[[118.45775,24.41537],[118.45843,24.41625],[118.4574,24.41571],[118.45775,24.41537]]],[[[118.13826,24.37445],[118.13893,24.37481],[118.13827,24.37508],[118.13826,24.37445]]],[[[118.39665,24.52413],[118.3968,24.52492],[118.39628,24.5246],[118.39665,24.52413]]],[[[118.44,24.40955],[118.43929,24.40961],[118.43974,24.40911],[118.44,24.40955]]]]}},{"type":"Feature","properties":{"county":"臺中市"},"geometry":{"type":"MultiPolygon","coordinates":[[[[120.51251,24.17724],[120.51753,24.16532],[120.519,24.16314],[120.5208,24.15851],[120.52452,24.1524],[120.52581,24.14902],[120.5254,24.14481],[120.52329,24.14095],[120.52355,24.13968],[120.53268,24.12643],[120.53411,24.12556],[120.54092,24.12366],[120.54538,24.11647],[120.54969,24.11388],[120.55369,24.11281],[120.55803,24.11254],[120.5656,24.10982],[120.57275,24.10829],[120.57692,24.10962],[120.58352,24.10955],[120.58554,24.10757],[120.58836,24.10623],[120.59508,24.10487],[120.59996,24.10518],[120.6029,24.10289],[120.60804,24.10272],[120.60891,24.10208],[120.61249,24.10257],[120.61236,24.09986],[120.61324,24.09812],[120.61342,24.09531],[120.6149,24.08999],[120.61494,24.08504],[120.617,24.07942],[120.61967,24.07304],[120.62068,24.07232],[120.62228,24.0726],[120.62372,24.0717],[120.62535,24.06895],[120.62569,24.05703],[120.62359,24.05326],[120.62343,24.05212],[120.6245,24.04824],[120.6258,24.04681],[120.62602,24.04162],[120.62763,24.04039],[120.62811,24.03835],[120.62423,24.03337],[120.62418,24.03161],[120.62516,24.03019],[120.62866,24.02962],[120.63399,24.03108],[120.63615,24.03105],[120.63754,24.02853],[120.64027,24.02728],[120.64193,24.02737],[120.64464,24.02588],[120.64626,24.02702],[120.64618,24.02834],[120.64566,24.02871],[120.64444,24.03231],[120.64483,24.03281],[120.64461,24.03344],[120.64516,24.0343],[120.6464,24.03402],[120.65175,24.02853],[120.65579,24.03066],[120.66091,24.02589],[120.66349,24.02497],[120.66478,24.02329],[120.67865,24.01403],[120.69185,24.00818],[120.69488,24.00712],[120.70638,24.00519],[120.71924,24.00966],[120.73173,24.009],[120.74365,24.00217],[120.74604,23.99856],[120.74773,23.99925],[120.74874,24.00101],[120.75104,24.00283],[120.75325,24.00234],[120.75432,24.00271],[120.7545,24.0034],[120.7559,24.00353],[120.75618,24.00452],[120.75756,24.0049],[120.75797,24.00609],[120.75982,24.00647],[120.76267,24.00626],[120.76778,24.00915],[120.77056,24.00907],[120.77098,24.00977],[120.77036,24.0106],[120.77115,24.0115],[120.77116,24.014],[120.7735,24.01593],[120.7752,24.01855],[120.77635,24.01933],[120.77965,24.02015],[120.77986,24.02125],[120.78292,24.02367],[120.78313,24.02478],[120.78461,24.02404],[120.78502,24.02558],[120.78471,24.02751],[120.78588,24.02794],[120.78547,24.02863],[120.7862,24.02936],[120.78947,24.03123],[120.79154,24.03067],[120.79174,24.03178],[120.79292,24.03248],[120.79152,24.03354],[120.79169,24.03526],[120.79429,24.0376],[120.7953,24.03955],[120.79736,24.0411],[120.79749,24.04184],[120.79659,24.04281],[120.80065,24.04865],[120.80141,24.0505],[120.80088,24.05138],[120.80271,24.05169],[120.80342,24.05236],[120.80369,24.05354],[120.80329,24.05626],[120.80431,24.05727],[120.80488,24.05914],[120.80667,24.06107],[120.80728,24.06281],[120.80688,24.064],[120.80799,24.06537],[120.80918,24.06626],[120.81187,24.06607],[120.81256,24.06772],[120.81369,24.06855],[120.81446,24.0699],[120.81635,24.06846],[120.81925,24.06846],[120.82066,24.06979],[120.82243,24.06982],[120.82336,24.07056],[120.82595,24.07123],[120.8293,24.07151],[120.82826,24.07817],[120.82891,24.08355],[120.82809,24.0869],[120.82856,24.09046],[120.82837,24.09395],[120.82866,24.09468],[120.8299,24.09496],[120.83163,24.09689],[120.83249,24.09875],[120.83241,24.09964],[120.83029,24.1025],[120.83098,24.10363],[120.83235,24.10442],[120.83451,24.10761],[120.83406,24.10934],[120.83455,24.11062],[120.83447,24.11296],[120.83552,24.1143],[120.83628,24.11695],[120.83769,24.11779],[120.83865,24.11907],[120.84211,24.12067],[120.84258,24.12256],[120.84485,24.12453],[120.84839,24.1238],[120.85058,24.12456],[120.85387,24.12451],[120.85621,24.12148],[120.85636,24.12004],[120.85713,24.11937],[120.85721,24.1173],[120.8586,24.11621],[120.86443,24.11537],[120.86736,24.11629],[120.86887,24.1176],[120.86959,24.1171],[120.87245,24.11684],[120.87273,24.11597],[120.87395,24.11516],[120.87413,24.11353],[120.87531,24.11281],[120.87752,24.10987],[120.87914,24.1093],[120.87887,24.10772],[120.87931,24.10594],[120.88026,24.10531],[120.88014,24.10429],[120.88089,24.10394],[120.88044,24.10321],[120.8815,24.10058],[120.87909,24.09825],[120.87811,24.09324],[120.87686,24.09119],[120.87815,24.08623],[120.87802,24.08503],[120.87915,24.08565],[120.88038,24.08788],[120.88032,24.08858],[120.88201,24.08832],[120.883,24.09047],[120.88495,24.09301],[120.88587,24.09541],[120.88954,24.09642],[120.89133,24.0978],[120.89109,24.10203],[120.89425,24.10685],[120.89369,24.10866],[120.89417,24.11074],[120.89167,24.11176],[120.89024,24.11355],[120.89055,24.11517],[120.89153,24.11591],[120.89619,24.11645],[120.8987,24.11556],[120.90489,24.11449],[120.90671,24.11265],[120.9072,24.1106],[120.90956,24.10923],[120.91121,24.10878],[120.91355,24.10893],[120.91455,24.10757],[120.91988,24.10744],[120.92213,24.10943],[120.92527,24.11053],[120.92715,24.11172],[120.93255,24.11258],[120.93496,24.11526],[120.93957,24.11828],[120.94395,24.12244],[120.94838,24.12494],[120.94945,24.12754],[120.95011,24.12786],[120.95634,24.12468],[120.96121,24.12015],[120.97116,24.12024],[120.97407,24.11928],[120.97522,24.11695],[120.97569,24.11687],[120.97928,24.11833],[120.98371,24.11916],[120.98535,24.12021],[120.98909,24.11877],[120.99202,24.12105],[120.99219,24.1222],[120.9916,24.1242],[120.99202,24.12525],[120.99642,24.12671],[120.99826,24.12671],[120.99955,24.12776],[121.00036,24.13228],[121.00325,24.13353],[121.0046,24.13765],[121.00681,24.14094],[121.00755,24.14378],[121.00707,24.14479],[121.00817,24.14704],[121.00971,24.1483],[121.01037,24.15012],[121.01184,24.1516],[121.01225,24.15332],[121.01336,24.15352],[121.01551,24.15601],[121.01954,24.15871],[121.0249,24.15797],[121.02736,24.15874],[121.02776,24.15956],[121.02977,24.15735],[121.03008,24.15506],[121.03122,24.15353],[121.03106,24.14922],[121.03333,24.14858],[121.0357,24.15091],[121.03577,24.15307],[121.03811,24.1582],[121.04291,24.15861],[121.04414,24.15966],[121.04743,24.16006],[121.05063,24.15827],[121.05175,24.15549],[121.05266,24.1548],[121.05795,24.15923],[121.05883,24.16032],[121.0594,24.16278],[121.06135,24.16325],[121.0646,24.16302],[121.06594,24.16439],[121.06634,24.16552],[121.0697,24.16736],[121.07016,24.16839],[121.07242,24.16987],[121.07525,24.17019],[121.07663,24.17171],[121.0791,24.17305],[121.0809,24.17471],[121.08102,24.17546],[121.08488,24.17592],[121.08712,24.17798],[121.08888,24.18058],[121.09135,24.18273],[121.09107,24.18482],[121.09399,24.18789],[121.09441,24.19015],[121.09633,24.19207],[121.10129,24.19471],[121.10169,24.19563],[121.1042,24.19596],[121.10554,24.19716],[121.10842,24.19801],[121.11132,24.19771],[121.1131,24.19687],[121.11875,24.19721],[121.12295,24.19603],[121.12721,24.19677],[121.12926,24.19605],[121.13228,24.1969],[121.13636,24.19634],[121.14137,24.19965],[121.14286,24.20259],[121.14309,24.20562],[121.14615,24.20892],[121.14782,24.21285],[121.14915,24.21319],[121.15143,24.21288],[121.15652,24.21474],[121.15843,24.21458],[121.16098,24.21518],[121.16407,24.21985],[121.16437,24.22179],[121.16666,24.22365],[121.16764,24.22539],[121.17349,24.22033],[121.17599,24.21713],[121.17768,24.21573],[121.17888,24.21361],[121.18146,24.21205],[121.18217,24.21214],[121.18519,24.21445],[121.18851,24.21492],[121.19125,24.21636],[121.19184,24.21691],[121.1918,24.21817],[121.19232,24.21904],[121.19634,24.223],[121.19843,24.22289],[121.20157,24.22164],[121.20467,24.22214],[121.20824,24.2217],[121.21267,24.22422],[121.21581,24.22535],[121.21827,24.22842],[121.21971,24.22924],[121.22164,24.22783],[121.22712,24.22563],[121.22834,24.22471],[121.22869,24.22493],[121.22834,24.22593],[121.23077,24.22605],[121.23041,24.22353],[121.23251,24.22231],[121.2359,24.22125],[121.23796,24.21971],[121.24074,24.22171],[121.24416,24.2225],[121.245,24.22527],[121.24713,24.22822],[121.2509,24.23736],[121.25465,24.24284],[121.25681,24.2444],[121.2588,24.24512],[121.26466,24.24587],[121.26542,24.24567],[121.2664,24.24239],[121.26592,24.2411],[121.2685,24.23995],[121.26892,24.23792],[121.27072,24.23664],[121.27255,24.23609],[121.27349,24.23645],[121.27408,24.2356],[121.27674,24.23556],[121.27756,24.23211],[121.28003,24.22977],[121.28083,24.23061],[121.28284,24.23104],[121.28368,24.23065],[121.28435,24.2295],[121.28589,24.22909],[121.28888,24.23016],[121.29006,24.2297],[121.29102,24.23015],[121.29314,24.22916],[121.29407,24.22963],[121.29546,24.2325],[121.29878,24.2332],[121.29803,24.234],[121.29875,24.23561],[121.30117,24.23669],[121.30252,24.23633],[121.30316,24.23442],[121.30389,24.23368],[121.3062,24.23377],[121.30882,24.23494],[121.31352,24.23503],[121.31645,24.23439],[121.31965,24.23187],[121.32207,24.23206],[121.32444,24.23301],[121.3265,24.23253],[121.33023,24.23115],[121.33168,24.22987],[121.33317,24.22983],[121.33569,24.22859],[121.33975,24.22632],[121.34302,24.22355],[121.3484,24.22999],[121.34918,24.23181],[121.35174,24.23379],[121.35251,24.235],[121.35323,24.23951],[121.35261,24.24385],[121.35599,24.24463],[121.35854,24.2436],[121.36067,24.24394],[121.36442,24.24727],[121.36689,24.2521],[121.3699,24.25254],[121.37268,24.25412],[121.37815,24.2528],[121.3838,24.25495],[121.38506,24.25499],[121.3858,24.25805],[121.3852,24.26183],[121.38566,24.26415],[121.38327,24.26798],[121.38216,24.27618],[121.38055,24.27976],[121.3823,24.28162],[121.38724,24.28471],[121.38963,24.28726],[121.39074,24.28969],[121.39352,24.28823],[121.39541,24.28814],[121.39658,24.28874],[121.39723,24.29053],[121.40345,24.29688],[121.40324,24.29797],[121.40486,24.30398],[121.40474,24.30748],[121.4051,24.30825],[121.41144,24.30726],[121.41678,24.30918],[121.42024,24.30762],[121.42201,24.30753],[121.42323,24.30822],[121.4261,24.31397],[121.42849,24.31736],[121.43164,24.32048],[121.43398,24.32113],[121.43485,24.32219],[121.43449,24.32558],[121.43337,24.32682],[121.43252,24.33027],[121.43431,24.33827],[121.43561,24.34026],[121.43778,24.34222],[121.43562,24.34725],[121.43779,24.35205],[121.43994,24.35452],[121.44059,24.35695],[121.44158,24.35859],[121.44727,24.35954],[121.44866,24.36278],[121.45201,24.36468],[121.44826,24.37257],[121.44798,24.37483],[121.44604,24.37408],[121.44438,24.37413],[121.44256,24.37313],[121.44264,24.37372],[121.4383,24.38262],[121.43397,24.38323],[121.42937,24.38306],[121.42574,24.38148],[121.42335,24.3814],[121.4191,24.37905],[121.41702,24.37973],[121.41426,24.37939],[121.41277,24.37974],[121.40791,24.37755],[121.40649,24.37795],[121.40441,24.37772],[121.40189,24.3796],[121.40089,24.37967],[121.39812,24.37776],[121.39595,24.37803],[121.39508,24.37763],[121.39283,24.37512],[121.38997,24.37515],[121.3892,24.37415],[121.38762,24.36969],[121.38184,24.36701],[121.38076,24.3669],[121.37701,24.36844],[121.37374,24.36805],[121.36929,24.37246],[121.36925,24.37459],[121.3671,24.37893],[121.36809,24.38111],[121.36964,24.38192],[121.3698,24.38259],[121.36841,24.38544],[121.36719,24.38604],[121.36489,24.38907],[121.36265,24.3893],[121.36131,24.39015],[121.35939,24.39045],[121.35469,24.39327],[121.35239,24.39224],[121.35023,24.39284],[121.34297,24.39284],[121.33993,24.391],[121.33913,24.3896],[121.33698,24.3924],[121.3336,24.395],[121.33234,24.39794],[121.33081,24.39852],[121.32786,24.39831],[121.32649,24.39987],[121.325,24.40691],[121.32654,24.40963],[121.32744,24.41302],[121.32713,24.41527],[121.32783,24.41806],[121.32737,24.42124],[121.32872,24.42701],[121.32767,24.43043],[121.32838,24.43157],[121.32835,24.43304],[121.32801,24.43398],[121.32507,24.43646],[121.32167,24.44037],[121.32059,24.44105],[121.31767,24.44149],[121.31345,24.43706],[121.31003,24.43622],[121.30767,24.43377],[121.30558,24.4326],[121.29675,24.43303],[121.29429,24.43236],[121.29275,24.43092],[121.28433,24.43058],[121.27848,24.42932],[121.27153,24.42975],[121.27106,24.42796],[121.2699,24.42738],[121.26508,24.42865],[121.2619,24.42851],[121.26022,24.42901],[121.25908,24.428],[121.25761,24.42505],[121.25,24.42491],[121.24915,24.42379],[121.24611,24.42278],[121.2434,24.41914],[121.2436,24.41661],[121.24273,24.41472],[121.242,24.41419],[121.24333,24.4112],[121.2429,24.40908],[121.24357,24.40572],[121.24292,24.40476],[121.24014,24.40354],[121.23814,24.40151],[121.23802,24.40029],[121.23466,24.39734],[121.23498,24.39192],[121.23162,24.38761],[121.23215,24.3843],[121.23186,24.38386],[121.22562,24.38303],[121.21846,24.38126],[121.21662,24.38038],[121.21588,24.37945],[121.2135,24.38185],[121.21346,24.38403],[121.21125,24.38839],[121.21043,24.39162],[121.21082,24.39504],[121.21029,24.39612],[121.20882,24.39658],[121.2072,24.39791],[121.20071,24.39761],[121.19719,24.39659],[121.19672,24.39152],[121.19531,24.39002],[121.193,24.38583],[121.19114,24.38394],[121.19024,24.38162],[121.18659,24.38118],[121.18474,24.38149],[121.1833,24.38101],[121.18168,24.37886],[121.17852,24.37792],[121.1747,24.37385],[121.17342,24.37334],[121.17305,24.37068],[121.17418,24.36892],[121.17306,24.36838],[121.17245,24.36681],[121.16901,24.36431],[121.16887,24.36152],[121.16837,24.36091],[121.16738,24.36059],[121.16467,24.36099],[121.16226,24.36056],[121.15941,24.3608],[121.15554,24.35904],[121.15092,24.35871],[121.14841,24.35788],[121.14491,24.35807],[121.14096,24.35964],[121.13797,24.35627],[121.1378,24.35469],[121.13644,24.35313],[121.13357,24.35167],[121.13123,24.34936],[121.13135,24.34825],[121.1302,24.34471],[121.12844,24.34217],[121.12662,24.34157],[121.1253,24.34199],[121.12413,24.34055],[121.1215,24.33429],[121.12158,24.33068],[121.11855,24.33037],[121.11487,24.32864],[121.10848,24.33095],[121.10634,24.32859],[121.10378,24.32681],[121.10226,24.32458],[121.09805,24.32363],[121.09571,24.32257],[121.09435,24.31981],[121.09193,24.31863],[121.08911,24.31859],[121.08751,24.31754],[121.08644,24.31768],[121.08147,24.32414],[121.07846,24.32281],[121.07308,24.32282],[121.07386,24.31919],[121.0726,24.31843],[121.07188,24.31713],[121.07091,24.31682],[121.07021,24.31576],[121.0648,24.31544],[121.0609,24.31312],[121.0584,24.31273],[121.05743,24.31127],[121.05535,24.3104],[121.05492,24.30766],[121.05256,24.30424],[121.05224,24.29933],[121.05135,24.29782],[121.0493,24.29605],[121.04708,24.29614],[121.04519,24.29533],[121.03698,24.29662],[121.03413,24.29782],[121.03311,24.29882],[121.03169,24.302],[121.02937,24.30471],[121.0262,24.30675],[121.02002,24.30924],[121.01802,24.3113],[121.0145,24.32011],[121.01264,24.32197],[121.01157,24.32397],[121.00822,24.32686],[121.00415,24.3323],[121.0023,24.33282],[121.00048,24.33266],[120.99756,24.33014],[120.99178,24.32962],[120.98559,24.33166],[120.98384,24.33443],[120.98198,24.3359],[120.97994,24.33447],[120.97722,24.33473],[120.97236,24.33351],[120.96649,24.33346],[120.96266,24.33477],[120.96016,24.33505],[120.95679,24.3393],[120.95409,24.3386],[120.95231,24.33907],[120.94652,24.3391],[120.94517,24.33979],[120.94246,24.33914],[120.93997,24.34],[120.93815,24.34171],[120.93564,24.34292],[120.9334,24.34233],[120.92632,24.33865],[120.91965,24.33714],[120.91661,24.33513],[120.9165,24.33346],[120.91965,24.32422],[120.9205,24.32011],[120.92065,24.31779],[120.92002,24.31384],[120.92026,24.31014],[120.92075,24.30824],[120.92218,24.30586],[120.9225,24.30394],[120.92148,24.30204],[120.91677,24.29901],[120.91191,24.29406],[120.90904,24.29396],[120.90498,24.29228],[120.90251,24.29219],[120.89158,24.29408],[120.87612,24.295],[120.86684,24.29307],[120.85652,24.28899],[120.8499,24.28851],[120.83815,24.28928],[120.83338,24.29057],[120.8318,24.29238],[120.82531,24.29678],[120.81988,24.30333],[120.81757,24.30742],[120.8098,24.31274],[120.80653,24.31568],[120.796,24.31638],[120.78784,24.31836],[120.78383,24.31835],[120.78078,24.31972],[120.77274,24.3219],[120.76709,24.32556],[120.763,24.32601],[120.7601,24.32823],[120.75814,24.32885],[120.75374,24.33241],[120.75224,24.33417],[120.74732,24.33717],[120.73041,24.35181],[120.72315,24.35467],[120.7073,24.35787],[120.70743,24.36173],[120.70341,24.3618],[120.7001,24.36317],[120.69816,24.36491],[120.69276,24.36714],[120.6921,24.3679],[120.68995,24.37434],[120.68854,24.37497],[120.68575,24.3789],[120.6774,24.38403],[120.67865,24.38707],[120.67593,24.38837],[120.67315,24.39099],[120.67228,24.39134],[120.67123,24.39108],[120.67011,24.39196],[120.66904,24.39447],[120.66748,24.39619],[120.66741,24.39783],[120.66425,24.40172],[120.65821,24.4066],[120.65195,24.4083],[120.65044,24.40939],[120.64884,24.40949],[120.64814,24.41013],[120.64817,24.41132],[120.64597,24.41229],[120.64526,24.41457],[120.64334,24.41534],[120.64351,24.41597],[120.64285,24.41755],[120.6432,24.42171],[120.64029,24.42412],[120.63966,24.42777],[120.6321,24.43242],[120.63113,24.43446],[120.62942,24.43615],[120.6286,24.43804],[120.6263,24.43914],[120.62186,24.44029],[120.61929,24.43489],[120.61856,24.43415],[120.61586,24.43307],[120.61519,24.4321],[120.61466,24.42874],[120.61027,24.42586],[120.6102,24.4233],[120.60757,24.41953],[120.60177,24.41452],[120.59885,24.40785],[120.59402,24.40394],[120.58988,24.3993],[120.58671,24.39232],[120.58363,24.38984],[120.57508,24.379],[120.57307,24.37724],[120.57115,24.37424],[120.57021,24.36917],[120.56853,24.36723],[120.56781,24.36768],[120.5667,24.36556],[120.56817,24.36612],[120.56866,24.36692],[120.56901,24.36667],[120.56504,24.36324],[120.56625,24.36532],[120.56268,24.3616],[120.5614,24.35954],[120.56122,24.35885],[120.56223,24.35887],[120.55928,24.35412],[120.55921,24.3498],[120.55585,24.34774],[120.55041,24.34153],[120.54579,24.33487],[120.54276,24.33548],[120.53989,24.33512],[120.53854,24.33095],[120.53309,24.32315],[120.53232,24.32051],[120.52985,24.31893],[120.52602,24.31772],[120.52375,24.31578],[120.52176,24.31213],[120.51949,24.31296],[120.52168,24.31186],[120.51895,24.30643],[120.51681,24.29846],[120.51405,24.29481],[120.51113,24.29273],[120.50809,24.29341],[120.51084,24.29222],[120.50826,24.2839],[120.50006,24.26764],[120.49904,24.26786],[120.49986,24.26741],[120.4982,24.26393],[120.49311,24.26614],[120.48901,24.25638],[120.48621,24.25732],[120.49049,24.25528],[120.48097,24.23335],[120.47973,24.2322],[120.47633,24.22433],[120.47234,24.22233],[120.46882,24.21446],[120.466,24.21528],[120.4657,24.21501],[120.46128,24.21675],[120.46079,24.2156],[120.46491,24.21428],[120.46382,24.21326],[120.46033,24.21164],[120.45656,24.20737],[120.50439,24.19114],[120.50811,24.18716],[120.51251,24.17724]]]]}},{"type":"Feature","properties":{"county":"澎湖縣"},"geometry":{"type":"MultiPolygon","coordinates":[[[[119.65142,23.60984],[119.65013,23.60951],[119.6498,23.60836],[119.64655,23.60677],[119.64761,23.60609],[119.64757,23.60654],[119.64926,23.60678],[119.65023,23.60801],[119.65083,23.60759],[119.65008,23.6038],[119.64871,23.60297],[119.64728,23.60325],[119.64646,23.60265],[119.64725,23.60299],[119.64814,23.60263],[119.64756,23.60185],[119.64688,23.60193],[119.64741,23.60167],[119.64671,23.60102],[119.64651,23.59993],[119.6465,23.59704],[119.64687,23.59678],[119.64411,23.59611],[119.6436,23.5951],[119.64844,23.59391],[119.64568,23.59476],[119.6435,23.59483],[119.64279,23.59332],[119.64185,23.59035],[119.644,23.58948],[119.64395,23.5891],[119.64462,23.58917],[119.64331,23.58831],[119.64367,23.58769],[119.64291,23.5882],[119.64223,23.58746],[119.64101,23.58784],[119.64054,23.58659],[119.63966,23.58732],[119.63963,23.58819],[119.64136,23.58884],[119.63789,23.59085],[119.63771,23.59155],[119.64015,23.59389],[119.64139,23.59648],[119.64,23.59826],[119.64109,23.59822],[119.64139,23.59865],[119.64008,23.59857],[119.63946,23.59924],[119.63738,23.59899],[119.63698,23.59735],[119.63419,23.59642],[119.63298,23.59543],[119.63309,23.59456],[119.63169,23.59394],[119.63233,23.59365],[119.63315,23.59397],[119.6332,23.59361],[119.63263,23.59353],[119.63325,23.59349],[119.63331,23.59299],[119.6324,23.59294],[119.63197,23.5934],[119.63233,23.59279],[119.63361,23.59283],[119.63436,23.59083],[119.63397,23.58919],[119.63273,23.58838],[119.63291,23.58733],[119.63159,23.58452],[119.63181,23.58311],[119.62965,23.58199],[119.62882,23.58026],[119.6243,23.58035],[119.62568,23.58255],[119.62643,23.58315],[119.62688,23.58294],[119.62621,23.58341],[119.6265,23.58387],[119.62723,23.58335],[119.62735,23.58383],[119.62663,23.58397],[119.62394,23.58709],[119.62496,23.58912],[119.62463,23.59272],[119.62533,23.59383],[119.62789,23.59569],[119.62691,23.59783],[119.62724,23.59827],[119.62511,23.60043],[119.62574,23.60075],[119.62583,23.60145],[119.62672,23.60159],[119.62736,23.60112],[119.62686,23.60229],[119.62795,23.60396],[119.63046,23.60279],[119.63154,23.604],[119.63031,23.60294],[119.62886,23.60366],[119.62998,23.60455],[119.62944,23.60347],[119.63025,23.60435],[119.63087,23.60392],[119.63042,23.60441],[119.63083,23.60491],[119.63208,23.60435],[119.63029,23.60549],[119.63094,23.60741],[119.62887,23.60673],[119.62635,23.60814],[119.62732,23.6076],[119.62697,23.60672],[119.62628,23.60689],[119.62631,23.60731],[119.62615,23.60691],[119.6252,23.60718],[119.62543,23.6076],[119.62508,23.60721],[119.62426,23.60776],[119.62481,23.60826],[119.62575,23.60792],[119.6249,23.60846],[119.62524,23.6088],[119.62657,23.60829],[119.62529,23.60899],[119.62292,23.60723],[119.6195,23.60688],[119.61948,23.60606],[119.61973,23.60671],[119.62034,23.60663],[119.62048,23.60573],[119.61968,23.60591],[119.61965,23.60554],[119.62028,23.60475],[119.62096,23.60494],[119.62174,23.60313],[119.62088,23.60215],[119.61682,23.60103],[119.61599,23.60134],[119.61564,23.60357],[119.6171,23.60369],[119.61484,23.60368],[119.61363,23.60421],[119.61472,23.60356],[119.61477,23.60308],[119.61378,23.60382],[119.61466,23.60295],[119.61438,23.60236],[119.61322,23.60199],[119.61251,23.6068],[119.60988,23.61057],[119.6127,23.61259],[119.61284,23.61355],[119.61374,23.61404],[119.61331,23.61605],[119.61377,23.61651],[119.61328,23.61804],[119.61348,23.62007],[119.60958,23.62083],[119.60717,23.62236],[119.60686,23.62133],[119.60603,23.62081],[119.60467,23.62521],[119.60234,23.62852],[119.60234,23.62911],[119.60325,23.62908],[119.6033,23.62955],[119.60391,23.62969],[119.60364,23.6308],[119.60437,23.63059],[119.60461,23.63109],[119.60418,23.63165],[119.60525,23.63142],[119.60634,23.63243],[119.60954,23.63265],[119.61015,23.63355],[119.61035,23.63569],[119.609,23.63521],[119.60697,23.63664],[119.60561,23.6351],[119.60476,23.63487],[119.60474,23.63414],[119.60298,23.63351],[119.60076,23.63479],[119.60303,23.6374],[119.60173,23.638],[119.60274,23.63741],[119.60085,23.63517],[119.59924,23.63631],[119.5974,23.63961],[119.59762,23.64122],[119.60175,23.64253],[119.60209,23.64156],[119.60244,23.64174],[119.60172,23.64277],[119.60188,23.6434],[119.6002,23.6452],[119.60058,23.64543],[119.60089,23.64768],[119.60241,23.64724],[119.60076,23.64806],[119.60201,23.64795],[119.60232,23.64891],[119.60375,23.64949],[119.60844,23.64892],[119.60834,23.64849],[119.60964,23.6478],[119.60866,23.64854],[119.60899,23.64937],[119.60973,23.64923],[119.60913,23.64885],[119.61109,23.6474],[119.61022,23.6481],[119.61198,23.65007],[119.6117,23.65176],[119.61236,23.65264],[119.61361,23.65291],[119.61227,23.65278],[119.60944,23.65465],[119.60731,23.65709],[119.60638,23.65947],[119.6066,23.66045],[119.60766,23.66095],[119.60809,23.66218],[119.60984,23.66359],[119.60843,23.66282],[119.60702,23.66289],[119.60407,23.66404],[119.60458,23.66637],[119.60415,23.66477],[119.60291,23.66448],[119.60319,23.6652],[119.60251,23.66544],[119.60289,23.6665],[119.60377,23.66626],[119.60382,23.66584],[119.6042,23.66693],[119.60388,23.6666],[119.603,23.66683],[119.60326,23.66769],[119.60437,23.66738],[119.60496,23.66661],[119.6051,23.6672],[119.60332,23.66796],[119.60358,23.6689],[119.60522,23.66819],[119.60505,23.66762],[119.60549,23.66825],[119.60155,23.66987],[119.60019,23.671],[119.59965,23.67171],[119.59964,23.67388],[119.59678,23.67441],[119.59546,23.67358],[119.59513,23.67214],[119.59456,23.67179],[119.5909,23.67177],[119.58746,23.67292],[119.58681,23.67456],[119.58564,23.67587],[119.58217,23.67751],[119.57872,23.67624],[119.57867,23.6754],[119.57704,23.67402],[119.57193,23.6726],[119.57123,23.67155],[119.57042,23.6724],[119.56824,23.67247],[119.56963,23.67238],[119.56967,23.67194],[119.56971,23.6724],[119.57037,23.67232],[119.57107,23.67153],[119.5697,23.67107],[119.57046,23.67092],[119.56986,23.67067],[119.57025,23.67027],[119.56974,23.67036],[119.56966,23.67181],[119.56949,23.67111],[119.56873,23.67133],[119.56861,23.67208],[119.56498,23.67083],[119.56081,23.67072],[119.55667,23.66875],[119.55519,23.66855],[119.55388,23.66646],[119.55283,23.66582],[119.55257,23.66381],[119.55086,23.66278],[119.55207,23.66027],[119.55045,23.65904],[119.55015,23.65775],[119.55049,23.65753],[119.55075,23.65836],[119.55178,23.65859],[119.55216,23.65948],[119.55286,23.65894],[119.55267,23.6585],[119.55299,23.65884],[119.55382,23.65835],[119.55351,23.65802],[119.554,23.65751],[119.55353,23.65697],[119.55195,23.65812],[119.55131,23.65803],[119.5534,23.65678],[119.54158,23.64282],[119.5403,23.64045],[119.53833,23.63955],[119.53625,23.63948],[119.53556,23.63867],[119.53237,23.63888],[119.53136,23.6405],[119.5319,23.63893],[119.53082,23.63912],[119.52947,23.63996],[119.52988,23.64031],[119.53128,23.64005],[119.5299,23.64045],[119.52908,23.63999],[119.52532,23.64218],[119.52573,23.64394],[119.52366,23.64328],[119.52356,23.64249],[119.52165,23.64267],[119.51935,23.64447],[119.51988,23.64625],[119.51949,23.64756],[119.52111,23.64824],[119.52141,23.64905],[119.52431,23.6513],[119.52378,23.65226],[119.52453,23.65353],[119.52455,23.65467],[119.52398,23.65515],[119.5242,23.65575],[119.52192,23.65533],[119.52007,23.65557],[119.51929,23.65492],[119.51865,23.65526],[119.51873,23.65487],[119.51792,23.65457],[119.51615,23.65533],[119.51565,23.65488],[119.51527,23.65558],[119.51423,23.65552],[119.51352,23.65374],[119.5144,23.65274],[119.51422,23.65202],[119.51489,23.65157],[119.51669,23.65262],[119.51728,23.65232],[119.5176,23.6508],[119.51827,23.65002],[119.51792,23.6492],[119.5187,23.64991],[119.51913,23.64977],[119.51896,23.64926],[119.51941,23.64966],[119.51967,23.64815],[119.51929,23.64765],[119.51814,23.64771],[119.51794,23.64901],[119.51714,23.64889],[119.51562,23.64984],[119.51481,23.64907],[119.51527,23.64876],[119.51455,23.64779],[119.5138,23.64773],[119.51368,23.64854],[119.51203,23.64835],[119.51159,23.64765],[119.51186,23.64673],[119.51147,23.64726],[119.5116,23.64614],[119.51057,23.64519],[119.50905,23.63998],[119.5074,23.63818],[119.5078,23.63742],[119.50751,23.63632],[119.50657,23.63558],[119.50494,23.63615],[119.50396,23.63559],[119.50328,23.63292],[119.50218,23.631],[119.50283,23.62928],[119.50252,23.6278],[119.50435,23.62552],[119.5041,23.62379],[119.50167,23.6227],[119.49929,23.6201],[119.50022,23.61969],[119.49966,23.61952],[119.50083,23.61766],[119.50386,23.61611],[119.50432,23.61509],[119.50456,23.61624],[119.50382,23.6165],[119.50417,23.61704],[119.50571,23.61739],[119.50571,23.61686],[119.50509,23.61678],[119.50571,23.61678],[119.50571,23.61643],[119.50481,23.61634],[119.50566,23.61555],[119.50529,23.61536],[119.50735,23.61517],[119.50713,23.61449],[119.50895,23.61265],[119.5082,23.61074],[119.50582,23.61055],[119.50513,23.60973],[119.50448,23.60973],[119.50448,23.60923],[119.50517,23.60914],[119.50508,23.60831],[119.50448,23.60838],[119.50505,23.60775],[119.50431,23.60767],[119.50474,23.60739],[119.50455,23.60689],[119.50315,23.60676],[119.50318,23.60593],[119.50265,23.60567],[119.50289,23.60522],[119.50351,23.60536],[119.50317,23.60405],[119.50251,23.60428],[119.50217,23.60385],[119.50216,23.60227],[119.50264,23.60167],[119.50222,23.60094],[119.50288,23.60122],[119.50295,23.60087],[119.50243,23.59961],[119.50301,23.60048],[119.50346,23.60012],[119.50322,23.59973],[119.50383,23.59982],[119.50341,23.59936],[119.50308,23.59961],[119.50352,23.59915],[119.50406,23.59966],[119.50445,23.59873],[119.50357,23.59869],[119.50372,23.59832],[119.50379,23.59868],[119.5045,23.59864],[119.50443,23.5973],[119.50196,23.59599],[119.50106,23.59686],[119.49991,23.59535],[119.49838,23.59567],[119.49753,23.59677],[119.49815,23.59768],[119.49758,23.59814],[119.49818,23.6007],[119.4971,23.60021],[119.49677,23.60108],[119.49448,23.60045],[119.4938,23.60208],[119.49146,23.5986],[119.49172,23.59812],[119.49404,23.59728],[119.4941,23.59607],[119.49356,23.59563],[119.49276,23.59597],[119.49096,23.59545],[119.49031,23.59568],[119.48952,23.59426],[119.49115,23.59393],[119.49223,23.59444],[119.49568,23.59332],[119.49853,23.59296],[119.50215,23.59045],[119.50446,23.58735],[119.50459,23.58597],[119.50315,23.58607],[119.50426,23.58514],[119.50338,23.58369],[119.50287,23.58068],[119.50337,23.57914],[119.50087,23.57623],[119.49917,23.57705],[119.5,23.57621],[119.49968,23.57499],[119.50024,23.57608],[119.50082,23.57593],[119.50027,23.57461],[119.49889,23.57422],[119.49944,23.57501],[119.49917,23.57613],[119.49882,23.57471],[119.49708,23.5736],[119.49718,23.57223],[119.49643,23.57184],[119.49583,23.57216],[119.49184,23.56983],[119.48829,23.57026],[119.48831,23.57114],[119.48501,23.57329],[119.48516,23.57402],[119.4834,23.57541],[119.48152,23.5749],[119.4813,23.57543],[119.48077,23.57348],[119.47785,23.56894],[119.47143,23.56575],[119.46954,23.56537],[119.46787,23.56327],[119.46722,23.56129],[119.46799,23.56051],[119.4722,23.55926],[119.47419,23.56009],[119.47652,23.55981],[119.47964,23.56263],[119.48088,23.56186],[119.47998,23.56306],[119.479,23.56295],[119.47947,23.56401],[119.48065,23.56441],[119.48308,23.56434],[119.48287,23.56355],[119.48099,23.56322],[119.48051,23.56279],[119.48078,23.56261],[119.48444,23.56389],[119.48973,23.56266],[119.49132,23.56338],[119.49224,23.5662],[119.49378,23.56739],[119.49617,23.56814],[119.49945,23.56774],[119.50034,23.56685],[119.50018,23.56652],[119.50054,23.56644],[119.50057,23.56716],[119.50173,23.56674],[119.50114,23.56584],[119.49866,23.5661],[119.49994,23.56607],[119.50055,23.56569],[119.50038,23.56533],[119.50195,23.56623],[119.50215,23.56683],[119.50126,23.56736],[119.50311,23.56639],[119.50546,23.56642],[119.50934,23.56505],[119.51074,23.56449],[119.51123,23.56373],[119.51269,23.56442],[119.51511,23.56409],[119.51623,23.5648],[119.51804,23.56731],[119.51706,23.5681],[119.51501,23.56831],[119.51594,23.56928],[119.5147,23.56844],[119.51406,23.56923],[119.51584,23.56968],[119.51501,23.57003],[119.51403,23.56943],[119.51314,23.57058],[119.51381,23.5713],[119.51373,23.57288],[119.51454,23.57335],[119.51471,23.57431],[119.51521,23.57458],[119.51254,23.57565],[119.51228,23.57649],[119.51331,23.57726],[119.51273,23.57879],[119.51328,23.57949],[119.51204,23.57952],[119.51204,23.58071],[119.51291,23.58082],[119.51203,23.58089],[119.51205,23.58189],[119.51305,23.58237],[119.51331,23.58148],[119.51332,23.58239],[119.51476,23.58244],[119.51498,23.58187],[119.51328,23.58011],[119.51384,23.57993],[119.51613,23.58352],[119.51632,23.5854],[119.51435,23.58781],[119.51287,23.59183],[119.51228,23.59216],[119.51489,23.5947],[119.51708,23.59435],[119.51659,23.59328],[119.51744,23.59419],[119.51963,23.59453],[119.51982,23.59582],[119.52313,23.60177],[119.52249,23.60343],[119.52297,23.60484],[119.52168,23.60638],[119.52173,23.60698],[119.52213,23.60689],[119.51982,23.61088],[119.52095,23.61083],[119.52118,23.61186],[119.5201,23.61222],[119.52125,23.61258],[119.52177,23.61482],[119.51953,23.61868],[119.51956,23.61975],[119.52115,23.62073],[119.51982,23.62263],[119.51952,23.62417],[119.51811,23.62536],[119.51767,23.62701],[119.51818,23.62865],[119.5191,23.62844],[119.51841,23.62887],[119.51874,23.62932],[119.52168,23.63126],[119.5223,23.63134],[119.52276,23.62908],[119.523,23.63066],[119.52393,23.63016],[119.52316,23.63075],[119.52336,23.63124],[119.52482,23.63066],[119.52339,23.62922],[119.52298,23.62952],[119.52333,23.62916],[119.52296,23.62877],[119.52461,23.63006],[119.53025,23.63019],[119.53191,23.63233],[119.5365,23.63366],[119.53641,23.63278],[119.53919,23.63222],[119.53738,23.63272],[119.53737,23.63322],[119.53796,23.63332],[119.53737,23.63332],[119.53742,23.63407],[119.53846,23.6336],[119.53808,23.63318],[119.53882,23.63326],[119.53829,23.63275],[119.53939,23.63265],[119.5389,23.63291],[119.54041,23.63443],[119.54073,23.63693],[119.54176,23.63775],[119.54307,23.63794],[119.54294,23.63992],[119.54375,23.6408],[119.54199,23.64054],[119.54159,23.64008],[119.54074,23.64061],[119.54117,23.64129],[119.54214,23.64149],[119.54175,23.64177],[119.54236,23.64214],[119.54196,23.64236],[119.54338,23.64439],[119.55399,23.65698],[119.55604,23.65549],[119.55407,23.65706],[119.55448,23.65751],[119.55525,23.65695],[119.55506,23.65662],[119.55569,23.65666],[119.55557,23.65626],[119.55579,23.65661],[119.5562,23.65601],[119.55701,23.65612],[119.5569,23.65571],[119.55809,23.65572],[119.5581,23.65532],[119.55629,23.65579],[119.55688,23.65548],[119.55664,23.65466],[119.55597,23.65433],[119.55677,23.65451],[119.55705,23.65543],[119.55832,23.65523],[119.55864,23.65563],[119.56326,23.65139],[119.56434,23.65275],[119.56496,23.65487],[119.56706,23.65604],[119.56656,23.65683],[119.56708,23.65806],[119.56692,23.65913],[119.56749,23.66],[119.57104,23.66223],[119.57369,23.6627],[119.57768,23.66254],[119.5795,23.6614],[119.58099,23.66183],[119.58162,23.66084],[119.58087,23.65906],[119.58205,23.65879],[119.5827,23.65804],[119.58193,23.65755],[119.57983,23.65773],[119.57978,23.65709],[119.57987,23.65767],[119.58072,23.65761],[119.58009,23.65725],[119.58076,23.65718],[119.58075,23.65669],[119.57942,23.65635],[119.5818,23.65676],[119.58324,23.65547],[119.58327,23.65483],[119.58201,23.65407],[119.58242,23.65264],[119.58619,23.64982],[119.58702,23.64775],[119.58852,23.64715],[119.58876,23.64542],[119.5879,23.64407],[119.58926,23.64419],[119.59412,23.64118],[119.59476,23.64003],[119.59438,23.63854],[119.5958,23.63547],[119.5957,23.63354],[119.59499,23.63249],[119.59071,23.62956],[119.59129,23.62802],[119.58917,23.62522],[119.58942,23.62364],[119.58851,23.62267],[119.58969,23.62226],[119.59169,23.62416],[119.59555,23.62465],[119.5964,23.62429],[119.59617,23.62363],[119.59556,23.62371],[119.59621,23.6235],[119.59656,23.62428],[119.59852,23.62333],[119.59941,23.62229],[119.59905,23.62122],[119.60014,23.62039],[119.6019,23.62396],[119.60369,23.62434],[119.60453,23.625],[119.60547,23.62008],[119.60317,23.61851],[119.60225,23.6172],[119.59932,23.61688],[119.59759,23.61746],[119.5971,23.61644],[119.59753,23.61557],[119.60129,23.61307],[119.60054,23.61167],[119.60104,23.61141],[119.60071,23.61174],[119.60127,23.6126],[119.60249,23.61211],[119.60223,23.61148],[119.60161,23.6117],[119.60221,23.61135],[119.60199,23.61093],[119.60085,23.61121],[119.60208,23.61074],[119.60245,23.61156],[119.60301,23.61098],[119.60253,23.61171],[119.60267,23.61208],[119.60314,23.6119],[119.60299,23.61075],[119.60391,23.611],[119.60335,23.61017],[119.60435,23.60907],[119.60565,23.60975],[119.60505,23.61009],[119.60535,23.6107],[119.60702,23.60999],[119.60965,23.61037],[119.61205,23.60699],[119.61237,23.60544],[119.61117,23.60542],[119.61084,23.60478],[119.61104,23.60543],[119.61067,23.60572],[119.6058,23.60556],[119.60571,23.60254],[119.60309,23.60097],[119.60297,23.60048],[119.60383,23.5996],[119.60323,23.59849],[119.60434,23.59771],[119.60453,23.59612],[119.60663,23.59601],[119.60574,23.59426],[119.60599,23.59407],[119.60628,23.59482],[119.60771,23.59371],[119.60737,23.59318],[119.60612,23.59396],[119.60759,23.59299],[119.60702,23.59228],[119.60716,23.5884],[119.60613,23.58695],[119.60723,23.58654],[119.60727,23.58598],[119.60651,23.5852],[119.60541,23.58542],[119.60256,23.58456],[119.60064,23.5847],[119.59843,23.5828],[119.59946,23.5818],[119.59972,23.58058],[119.59889,23.58052],[119.5987,23.58018],[119.59938,23.57985],[119.59907,23.57901],[119.59805,23.57874],[119.59937,23.57835],[119.59834,23.57822],[119.59934,23.57785],[119.59938,23.57695],[119.59872,23.57752],[119.59774,23.5775],[119.59749,23.57694],[119.59779,23.57741],[119.59986,23.57679],[119.60213,23.57707],[119.60015,23.57658],[119.60048,23.57561],[119.59964,23.57658],[119.60025,23.57564],[119.59884,23.57583],[119.59785,23.57488],[119.59756,23.57183],[119.59714,23.57201],[119.59747,23.57069],[119.59689,23.57034],[119.59728,23.56899],[119.59393,23.57044],[119.59435,23.57121],[119.59392,23.57125],[119.59387,23.5721],[119.59445,23.57331],[119.59412,23.57482],[119.59111,23.57451],[119.58987,23.57228],[119.58902,23.57179],[119.58742,23.57193],[119.58703,23.57119],[119.58713,23.57227],[119.58555,23.57356],[119.5856,23.57604],[119.58877,23.57862],[119.58906,23.57985],[119.58891,23.58078],[119.58848,23.58078],[119.58794,23.5788],[119.58664,23.57828],[119.58533,23.57838],[119.58343,23.57948],[119.58325,23.57919],[119.58274,23.57981],[119.58297,23.58045],[119.58534,23.57966],[119.58554,23.58009],[119.58525,23.57983],[119.58457,23.58004],[119.58461,23.58055],[119.58443,23.5801],[119.58373,23.58071],[119.58358,23.58037],[119.583,23.58056],[119.58322,23.58118],[119.58571,23.58023],[119.5856,23.5808],[119.58328,23.5814],[119.58284,23.58287],[119.5824,23.58301],[119.58343,23.58317],[119.58347,23.58442],[119.58542,23.58569],[119.58376,23.58487],[119.58592,23.58626],[119.58619,23.58781],[119.5855,23.58908],[119.5845,23.58862],[119.58333,23.58935],[119.58399,23.58906],[119.58441,23.58943],[119.58286,23.59088],[119.58387,23.59157],[119.58381,23.59332],[119.58435,23.59373],[119.58417,23.59424],[119.58337,23.59425],[119.58185,23.59367],[119.58172,23.59211],[119.58263,23.59176],[119.5818,23.59009],[119.5801,23.58962],[119.57868,23.58782],[119.57627,23.58749],[119.5771,23.58628],[119.57469,23.58495],[119.5742,23.5849],[119.57394,23.58554],[119.5725,23.58568],[119.57252,23.58504],[119.5719,23.58463],[119.57215,23.58573],[119.57111,23.58593],[119.57102,23.58549],[119.57115,23.58585],[119.57198,23.5857],[119.57179,23.58485],[119.56996,23.58521],[119.57015,23.58557],[119.57079,23.58526],[119.57071,23.58579],[119.56674,23.58469],[119.56676,23.58526],[119.56606,23.5853],[119.56581,23.58475],[119.56588,23.58558],[119.56419,23.58584],[119.56355,23.58521],[119.56167,23.58506],[119.56196,23.58374],[119.56655,23.5779],[119.56733,23.57586],[119.56666,23.57583],[119.56735,23.57577],[119.56742,23.57494],[119.56638,23.57346],[119.56072,23.57118],[119.55994,23.57036],[119.56009,23.56709],[119.5605,23.56666],[119.55976,23.56415],[119.55573,23.56325],[119.55731,23.56229],[119.55809,23.56069],[119.55958,23.56095],[119.55964,23.56186],[119.55976,23.56101],[119.56098,23.56118],[119.55984,23.5611],[119.55972,23.56206],[119.56052,23.56216],[119.56071,23.56162],[119.56064,23.56218],[119.56099,23.56222],[119.56124,23.56153],[119.56112,23.56239],[119.56155,23.5626],[119.56213,23.56252],[119.56234,23.56188],[119.56352,23.56276],[119.56478,23.56267],[119.56457,23.5615],[119.56497,23.56262],[119.56703,23.56274],[119.569,23.56466],[119.56977,23.56399],[119.56809,23.56238],[119.5676,23.56246],[119.56824,23.56209],[119.5713,23.56509],[119.57015,23.5643],[119.56888,23.56532],[119.56948,23.56591],[119.57033,23.5652],[119.56964,23.56604],[119.57027,23.56663],[119.57187,23.56516],[119.5743,23.56797],[119.5752,23.56724],[119.57494,23.56658],[119.57543,23.56705],[119.57609,23.56642],[119.57483,23.56519],[119.57556,23.56458],[119.57683,23.5658],[119.57777,23.56499],[119.57728,23.56436],[119.57756,23.56411],[119.57813,23.56467],[119.57955,23.5634],[119.57917,23.56291],[119.57832,23.56339],[119.579,23.56275],[119.57844,23.56219],[119.57661,23.56375],[119.57639,23.56344],[119.5782,23.5619],[119.57683,23.56055],[119.57343,23.56359],[119.57236,23.56315],[119.57515,23.56114],[119.5742,23.55991],[119.57465,23.56036],[119.57745,23.55865],[119.57629,23.55701],[119.5735,23.55868],[119.57373,23.55926],[119.57347,23.55891],[119.57276,23.55932],[119.57343,23.55882],[119.57299,23.55805],[119.57211,23.55843],[119.57399,23.55722],[119.57572,23.55487],[119.57355,23.55451],[119.57119,23.55287],[119.56945,23.5532],[119.56832,23.5528],[119.56819,23.55394],[119.56745,23.55489],[119.56395,23.5563],[119.56291,23.55773],[119.56189,23.55694],[119.56268,23.55696],[119.56251,23.55548],[119.56172,23.55468],[119.56105,23.55483],[119.56195,23.55434],[119.56239,23.55332],[119.56199,23.55252],[119.56506,23.55313],[119.56556,23.55266],[119.56528,23.55162],[119.56434,23.55191],[119.56401,23.55158],[119.5637,23.552],[119.56375,23.55155],[119.56294,23.55143],[119.56226,23.54861],[119.56302,23.54986],[119.56507,23.54918],[119.56478,23.54779],[119.56607,23.55001],[119.56655,23.5504],[119.56815,23.54986],[119.56805,23.55112],[119.56905,23.5513],[119.56967,23.551],[119.56865,23.54842],[119.57233,23.54913],[119.57327,23.54531],[119.57315,23.54629],[119.57444,23.54732],[119.57632,23.54739],[119.57705,23.54826],[119.5781,23.54803],[119.57851,23.54867],[119.57968,23.54875],[119.58134,23.54975],[119.58201,23.54874],[119.58363,23.54837],[119.58501,23.54971],[119.58656,23.54963],[119.58717,23.55076],[119.58805,23.55045],[119.58701,23.55091],[119.5875,23.55195],[119.58804,23.55129],[119.58878,23.55139],[119.58803,23.54999],[119.5885,23.55001],[119.58899,23.55143],[119.59105,23.55227],[119.59117,23.55104],[119.5905,23.5512],[119.59041,23.55078],[119.5911,23.55063],[119.59067,23.54985],[119.59108,23.54979],[119.5915,23.55153],[119.59102,23.55249],[119.59119,23.55286],[119.59181,23.55239],[119.59214,23.55275],[119.59283,23.55125],[119.59145,23.55128],[119.59302,23.55104],[119.59357,23.54988],[119.59419,23.55036],[119.59542,23.55024],[119.59546,23.54946],[119.59449,23.54945],[119.5944,23.54843],[119.59461,23.54907],[119.59564,23.54905],[119.59586,23.54812],[119.59595,23.54966],[119.5984,23.55001],[119.59839,23.54927],[119.59967,23.54994],[119.59957,23.55028],[119.60225,23.54787],[119.60411,23.54834],[119.60406,23.54777],[119.60245,23.54779],[119.6021,23.54635],[119.60011,23.54535],[119.60045,23.54342],[119.60313,23.54034],[119.60045,23.54014],[119.5994,23.5384],[119.59692,23.5388],[119.59711,23.53928],[119.59629,23.53945],[119.59514,23.53821],[119.59491,23.53686],[119.59724,23.53281],[119.59566,23.53252],[119.59769,23.53276],[119.59889,23.53185],[119.59938,23.53233],[119.59916,23.53103],[119.59978,23.53109],[119.59831,23.5294],[119.59671,23.52865],[119.59614,23.52671],[119.59477,23.52671],[119.59421,23.52736],[119.59354,23.52717],[119.59255,23.5279],[119.59303,23.52872],[119.59089,23.53056],[119.59075,23.53218],[119.59052,23.53079],[119.58985,23.5311],[119.58854,23.53063],[119.5884,23.53138],[119.58767,23.53145],[119.58832,23.53117],[119.58827,23.53073],[119.58759,23.53081],[119.58825,23.53066],[119.58815,23.53003],[119.58641,23.52915],[119.58518,23.53074],[119.58512,23.53198],[119.5844,23.53186],[119.58273,23.5327],[119.58048,23.53144],[119.58037,23.52835],[119.57978,23.52737],[119.58051,23.52831],[119.581,23.52824],[119.58133,23.52625],[119.58074,23.52569],[119.57992,23.52578],[119.58034,23.52369],[119.5798,23.52328],[119.57922,23.52409],[119.57836,23.52362],[119.57853,23.52334],[119.57918,23.52394],[119.57974,23.5231],[119.57856,23.52196],[119.57555,23.5212],[119.57592,23.52117],[119.57592,23.51997],[119.57466,23.52014],[119.57457,23.51964],[119.57378,23.52061],[119.57349,23.52266],[119.57173,23.52426],[119.57145,23.52524],[119.57186,23.52598],[119.57412,23.52692],[119.57446,23.52783],[119.57348,23.52779],[119.57288,23.52869],[119.57332,23.52774],[119.57234,23.52723],[119.57213,23.5275],[119.57193,23.52789],[119.57261,23.52824],[119.57217,23.52867],[119.57182,23.52804],[119.57121,23.529],[119.57221,23.5295],[119.57273,23.52888],[119.57204,23.53001],[119.5735,23.52912],[119.57187,23.53084],[119.57188,23.53198],[119.56778,23.53121],[119.56648,23.53209],[119.56552,23.53471],[119.56443,23.53357],[119.56608,23.53161],[119.56463,23.52983],[119.5629,23.52931],[119.56278,23.5302],[119.56086,23.53083],[119.55978,23.52837],[119.56134,23.52739],[119.56113,23.52677],[119.55958,23.52645],[119.55744,23.52673],[119.55503,23.52891],[119.55458,23.53142],[119.55728,23.53393],[119.55633,23.53534],[119.55694,23.53755],[119.55671,23.5381],[119.55354,23.53911],[119.55104,23.54065],[119.55167,23.54244],[119.55138,23.54272],[119.55127,23.54167],[119.55074,23.54175],[119.55114,23.5416],[119.55063,23.54013],[119.54978,23.54067],[119.54996,23.54108],[119.55057,23.541],[119.54999,23.54122],[119.55074,23.54211],[119.55016,23.54284],[119.55055,23.54326],[119.55121,23.54304],[119.55139,23.54382],[119.5508,23.54379],[119.55089,23.54771],[119.55186,23.54841],[119.54794,23.55103],[119.5479,23.55198],[119.54914,23.55353],[119.54878,23.554],[119.54809,23.55411],[119.54755,23.55341],[119.54632,23.5498],[119.54683,23.5489],[119.54599,23.54789],[119.54537,23.54783],[119.54504,23.54621],[119.54361,23.54614],[119.54353,23.54668],[119.54408,23.54645],[119.54415,23.54679],[119.54346,23.54685],[119.54335,23.54628],[119.54288,23.5481],[119.54233,23.54825],[119.54212,23.54733],[119.54247,23.54702],[119.54198,23.54686],[119.5425,23.54549],[119.54105,23.54303],[119.54114,23.54248],[119.5404,23.54196],[119.54127,23.54237],[119.54139,23.54189],[119.54094,23.54184],[119.54146,23.54132],[119.54057,23.5413],[119.54081,23.54181],[119.54024,23.54149],[119.54145,23.54113],[119.54127,23.53877],[119.54391,23.5372],[119.5446,23.53815],[119.5477,23.53952],[119.54947,23.53901],[119.55021,23.5369],[119.54956,23.53566],[119.54834,23.53549],[119.5483,23.53404],[119.54878,23.53324],[119.55004,23.53359],[119.55174,23.53322],[119.55341,23.532],[119.55437,23.53006],[119.55354,23.52828],[119.55491,23.52669],[119.55561,23.52487],[119.55699,23.52347],[119.55871,23.5242],[119.56094,23.524],[119.56284,23.5261],[119.56454,23.52628],[119.56744,23.52582],[119.56994,23.52443],[119.57217,23.52247],[119.57302,23.52116],[119.57401,23.51738],[119.57143,23.51439],[119.5707,23.51223],[119.57133,23.50937],[119.57285,23.50807],[119.5757,23.50737],[119.57717,23.50788],[119.57798,23.50909],[119.57888,23.50947],[119.5843,23.5092],[119.58682,23.51037],[119.58716,23.51106],[119.58795,23.51069],[119.58896,23.51146],[119.58864,23.51222],[119.59022,23.51283],[119.59552,23.51251],[119.59561,23.51142],[119.59688,23.51059],[119.59691,23.51134],[119.59593,23.51156],[119.596,23.51234],[119.5964,23.51233],[119.59666,23.51379],[119.59746,23.51358],[119.59729,23.514],[119.59782,23.51421],[119.59815,23.51342],[119.59706,23.51328],[119.59679,23.51224],[119.5972,23.51172],[119.59755,23.51231],[119.59778,23.51141],[119.59832,23.51179],[119.59756,23.51027],[119.59792,23.51015],[119.59873,23.51179],[119.59979,23.51086],[119.60062,23.511],[119.60166,23.50944],[119.60477,23.5092],[119.60615,23.50785],[119.60742,23.508],[119.60803,23.50915],[119.60794,23.51257],[119.60552,23.5164],[119.60658,23.5172],[119.60761,23.51714],[119.61161,23.51884],[119.61083,23.51978],[119.61177,23.52184],[119.61158,23.5225],[119.61073,23.52287],[119.60938,23.5222],[119.60643,23.52214],[119.60515,23.52401],[119.60596,23.52476],[119.60517,23.52447],[119.60446,23.52514],[119.60464,23.52579],[119.60568,23.52549],[119.60472,23.5261],[119.60547,23.52712],[119.60707,23.52528],[119.60664,23.52647],[119.60506,23.52774],[119.60557,23.52862],[119.60715,23.52977],[119.60776,23.52951],[119.60917,23.53],[119.60967,23.53069],[119.60961,23.53211],[119.6107,23.53311],[119.6117,23.53272],[119.61233,23.53601],[119.61429,23.53801],[119.61597,23.53887],[119.61735,23.53891],[119.61841,23.53881],[119.61966,23.53768],[119.62146,23.53808],[119.62087,23.54207],[119.62158,23.54264],[119.62151,23.54195],[119.62363,23.54384],[119.62491,23.54305],[119.62359,23.54415],[119.62406,23.54464],[119.62448,23.54489],[119.62525,23.54429],[119.6248,23.54247],[119.62544,23.54277],[119.6255,23.54432],[119.6249,23.54481],[119.62686,23.54586],[119.62757,23.54576],[119.62914,23.54763],[119.6314,23.54773],[119.63198,23.54604],[119.63505,23.54673],[119.63535,23.54759],[119.6344,23.54878],[119.63468,23.55119],[119.63777,23.55289],[119.64095,23.55172],[119.6387,23.55282],[119.63876,23.5543],[119.64061,23.55719],[119.64403,23.55956],[119.64664,23.56054],[119.65459,23.56082],[119.66253,23.56011],[119.66659,23.56138],[119.66694,23.5587],[119.66954,23.55643],[119.67093,23.55699],[119.67009,23.55726],[119.6696,23.55674],[119.66815,23.55807],[119.66819,23.55983],[119.66892,23.55989],[119.66812,23.56091],[119.66966,23.56079],[119.66752,23.56119],[119.66754,23.56199],[119.6684,23.56207],[119.66856,23.56151],[119.66856,23.56205],[119.66925,23.56207],[119.66936,23.56101],[119.67196,23.56142],[119.67192,23.5594],[119.67291,23.55939],[119.67292,23.56029],[119.67438,23.56027],[119.67424,23.55892],[119.67459,23.55884],[119.67479,23.56029],[119.67607,23.55973],[119.6765,23.55852],[119.67547,23.55833],[119.6757,23.55731],[119.67572,23.55783],[119.67666,23.55804],[119.67683,23.55737],[119.6762,23.5571],[119.67688,23.55727],[119.67699,23.5569],[119.67599,23.55663],[119.67578,23.55697],[119.67586,23.55644],[119.67524,23.55644],[119.6747,23.5579],[119.67503,23.55808],[119.67192,23.55807],[119.67441,23.55786],[119.67517,23.55567],[119.6743,23.55448],[119.67525,23.55361],[119.67552,23.55227],[119.67779,23.55141],[119.68055,23.55191],[119.68232,23.55345],[119.68366,23.55342],[119.68511,23.55272],[119.68668,23.55331],[119.68829,23.55469],[119.68987,23.5541],[119.69358,23.55516],[119.69513,23.55376],[119.69598,23.55383],[119.69458,23.55459],[119.69374,23.55624],[119.69419,23.55665],[119.69339,23.55717],[119.69273,23.55853],[119.69329,23.55963],[119.69341,23.55893],[119.69446,23.55943],[119.69413,23.55948],[119.69435,23.56035],[119.69261,23.56099],[119.69265,23.56062],[119.69213,23.56056],[119.69029,23.5616],[119.68941,23.56137],[119.68702,23.56204],[119.68311,23.56564],[119.68267,23.56952],[119.68307,23.57005],[119.68244,23.57021],[119.68209,23.57183],[119.68064,23.57295],[119.67998,23.57466],[119.68096,23.57526],[119.681,23.57623],[119.68202,23.57659],[119.68104,23.57643],[119.68166,23.57695],[119.68073,23.57671],[119.68063,23.57762],[119.68162,23.57753],[119.68065,23.57776],[119.68083,23.57828],[119.68172,23.5782],[119.6826,23.57641],[119.68116,23.57993],[119.68118,23.58205],[119.68265,23.58392],[119.68055,23.58524],[119.67591,23.59378],[119.67292,23.59652],[119.67157,23.59905],[119.67212,23.60113],[119.66928,23.60172],[119.66894,23.60098],[119.66815,23.60068],[119.66923,23.59921],[119.66805,23.59827],[119.66774,23.59687],[119.66838,23.59804],[119.66924,23.59783],[119.66953,23.59719],[119.6685,23.59679],[119.66944,23.59698],[119.66987,23.59657],[119.66918,23.5958],[119.66772,23.59597],[119.66768,23.5965],[119.66683,23.59581],[119.66844,23.59567],[119.66809,23.59517],[119.66671,23.59545],[119.66674,23.59514],[119.66916,23.59489],[119.66939,23.59351],[119.66801,23.59123],[119.66379,23.59055],[119.66021,23.59161],[119.65965,23.59376],[119.66211,23.59439],[119.66032,23.59462],[119.66014,23.59534],[119.66099,23.59543],[119.6611,23.5948],[119.66116,23.59565],[119.66201,23.59576],[119.66243,23.59438],[119.66486,23.59478],[119.66613,23.59548],[119.66597,23.59578],[119.66277,23.59478],[119.66237,23.59637],[119.66083,23.59606],[119.65647,23.59832],[119.65565,23.59898],[119.65533,23.60005],[119.65574,23.59857],[119.65533,23.59854],[119.65442,23.60047],[119.65472,23.60087],[119.6551,23.60047],[119.65521,23.60164],[119.65625,23.60193],[119.65719,23.60289],[119.65743,23.60386],[119.65685,23.60568],[119.6573,23.60623],[119.65581,23.60798],[119.65472,23.60855],[119.65484,23.60888],[119.65435,23.60864],[119.65142,23.60984]]],[[[119.49373,23.39723],[119.4924,23.39732],[119.49229,23.39665],[119.4917,23.39719],[119.49097,23.39699],[119.49024,23.39576],[119.49048,23.3954],[119.48943,23.39469],[119.49292,23.39207],[119.49343,23.38883],[119.49596,23.38746],[119.49522,23.38469],[119.49398,23.38381],[119.49363,23.38404],[119.49279,23.38234],[119.49201,23.38197],[119.49282,23.3817],[119.4921,23.38102],[119.49167,23.37956],[119.49176,23.37904],[119.49384,23.37799],[119.49377,23.37711],[119.49202,23.3754],[119.49354,23.375],[119.49385,23.3738],[119.49327,23.37346],[119.49341,23.37219],[119.49341,23.37342],[119.49422,23.37387],[119.49475,23.37283],[119.4938,23.37276],[119.49486,23.3727],[119.49467,23.37178],[119.4933,23.37048],[119.49465,23.36554],[119.49139,23.36199],[119.48999,23.36139],[119.48998,23.36056],[119.48881,23.36019],[119.4901,23.35959],[119.4863,23.35599],[119.48729,23.35563],[119.48785,23.35468],[119.48983,23.35423],[119.49073,23.35304],[119.49227,23.35391],[119.49693,23.35465],[119.49932,23.35423],[119.50299,23.35573],[119.50557,23.355],[119.50621,23.35431],[119.50612,23.35304],[119.50827,23.35403],[119.51161,23.35349],[119.51311,23.35248],[119.51381,23.35357],[119.50966,23.35629],[119.50833,23.35848],[119.50829,23.36028],[119.50943,23.36089],[119.50835,23.36061],[119.50801,23.36186],[119.50849,23.36204],[119.50802,23.36201],[119.50802,23.36302],[119.50891,23.36311],[119.50884,23.36181],[119.50952,23.36149],[119.50914,23.36328],[119.50802,23.36355],[119.50765,23.36466],[119.50974,23.36628],[119.51077,23.36634],[119.51169,23.36555],[119.51271,23.36664],[119.51391,23.36668],[119.51408,23.36722],[119.51631,23.36784],[119.5157,23.36892],[119.51601,23.37009],[119.51577,23.37043],[119.51492,23.37011],[119.51472,23.37058],[119.51543,23.3719],[119.51657,23.37244],[119.51662,23.3735],[119.51567,23.37392],[119.51561,23.3747],[119.5146,23.37495],[119.51434,23.37275],[119.51392,23.37288],[119.51345,23.37213],[119.51398,23.37103],[119.51282,23.37069],[119.5111,23.37127],[119.5101,23.37037],[119.50863,23.37118],[119.50825,23.37195],[119.50885,23.37294],[119.50978,23.37321],[119.51047,23.37463],[119.5119,23.37474],[119.51269,23.37642],[119.51341,23.37689],[119.51247,23.37702],[119.5116,23.37572],[119.51124,23.37613],[119.50943,23.37594],[119.50837,23.37679],[119.50904,23.37885],[119.50848,23.38058],[119.50863,23.38176],[119.50823,23.38263],[119.50722,23.38226],[119.50679,23.38339],[119.50714,23.38365],[119.507,23.38475],[119.50773,23.38522],[119.50731,23.38559],[119.50768,23.38637],[119.50721,23.38792],[119.50806,23.3907],[119.50751,23.39225],[119.50706,23.39175],[119.5065,23.39215],[119.50701,23.39218],[119.50665,23.39282],[119.50562,23.39276],[119.50552,23.39337],[119.50625,23.39406],[119.50482,23.39488],[119.50408,23.39445],[119.50466,23.39424],[119.50399,23.39392],[119.50444,23.39329],[119.50422,23.39174],[119.50377,23.3916],[119.50332,23.39214],[119.50318,23.39173],[119.5022,23.39163],[119.50263,23.39036],[119.50233,23.38986],[119.50154,23.38999],[119.5022,23.38982],[119.50199,23.38937],[119.50097,23.38923],[119.50041,23.38977],[119.501,23.38996],[119.50127,23.3895],[119.50095,23.39006],[119.50016,23.38965],[119.49908,23.38982],[119.49753,23.39058],[119.49811,23.39205],[119.49728,23.39411],[119.49666,23.39485],[119.49618,23.3944],[119.49524,23.39464],[119.49501,23.39697],[119.49373,23.39723]]],[[[119.44026,23.22137],[119.43015,23.22009],[119.4285,23.21973],[119.42886,23.21939],[119.42775,23.21909],[119.42678,23.21934],[119.42276,23.21866],[119.42245,23.21899],[119.42244,23.21858],[119.41973,23.21742],[119.4177,23.21776],[119.41729,23.21737],[119.41474,23.21731],[119.41474,23.21673],[119.41524,23.21658],[119.41449,23.21525],[119.41335,23.21629],[119.41266,23.21634],[119.41365,23.21584],[119.41321,23.21525],[119.41374,23.21578],[119.41424,23.21535],[119.41275,23.21418],[119.41183,23.21446],[119.41229,23.21574],[119.4117,23.21453],[119.41156,23.21611],[119.41042,23.21683],[119.4102,23.21595],[119.40951,23.21629],[119.41048,23.21409],[119.41035,23.21372],[119.40982,23.21393],[119.4114,23.21155],[119.41227,23.21178],[119.41255,23.21118],[119.41213,23.21098],[119.41375,23.21038],[119.41476,23.20887],[119.41594,23.20903],[119.41566,23.2079],[119.41599,23.20734],[119.41669,23.20728],[119.41666,23.20682],[119.41616,23.2069],[119.4164,23.2061],[119.41844,23.20566],[119.42063,23.20332],[119.42085,23.20202],[119.42013,23.20084],[119.42079,23.19937],[119.42049,23.19815],[119.41905,23.19725],[119.41853,23.19571],[119.41669,23.19486],[119.41574,23.19376],[119.41716,23.19309],[119.41628,23.19395],[119.41785,23.19535],[119.41849,23.19548],[119.41929,23.19456],[119.41874,23.19545],[119.42175,23.19607],[119.42176,23.1955],[119.42112,23.19549],[119.42166,23.19532],[119.42171,23.19447],[119.42093,23.19433],[119.42071,23.19563],[119.4208,23.19401],[119.4216,23.19404],[119.42163,23.19335],[119.42102,23.19339],[119.42101,23.19377],[119.42084,23.19323],[119.4202,23.19331],[119.42017,23.19442],[119.42003,23.19334],[119.41932,23.19381],[119.41793,23.1934],[119.42169,23.1927],[119.42149,23.1913],[119.42219,23.19065],[119.42318,23.19177],[119.42706,23.18994],[119.42955,23.18787],[119.42933,23.18685],[119.43046,23.18659],[119.43177,23.18993],[119.43139,23.19027],[119.43159,23.19109],[119.43074,23.19136],[119.43026,23.19216],[119.43122,23.19254],[119.42992,23.19265],[119.42912,23.19351],[119.42934,23.1942],[119.43033,23.19373],[119.43011,23.19439],[119.42935,23.19439],[119.42988,23.19678],[119.43303,23.19787],[119.43222,23.19914],[119.43248,23.19953],[119.43323,23.19911],[119.43388,23.19942],[119.43574,23.20076],[119.43529,23.20119],[119.43617,23.20192],[119.4375,23.2012],[119.43807,23.20163],[119.43843,23.20102],[119.43902,23.20157],[119.43986,23.20084],[119.43987,23.20138],[119.44039,23.20142],[119.44291,23.20042],[119.44314,23.2041],[119.44282,23.20478],[119.44324,23.20427],[119.44344,23.20463],[119.44192,23.20611],[119.44262,23.20602],[119.4422,23.20702],[119.44321,23.20842],[119.44415,23.20763],[119.44406,23.20824],[119.44297,23.20893],[119.44364,23.21065],[119.44366,23.21403],[119.44433,23.21526],[119.44659,23.21709],[119.44798,23.22009],[119.44692,23.2204],[119.44755,23.21975],[119.44721,23.2195],[119.44727,23.21999],[119.44642,23.22066],[119.44026,23.22137]]],[[[119.61236,23.756],[119.61129,23.75877],[119.6111,23.75747],[119.60975,23.75594],[119.60779,23.75526],[119.60829,23.75421],[119.60575,23.75334],[119.60565,23.75228],[119.60641,23.75263],[119.60792,23.75236],[119.60692,23.75282],[119.60768,23.75336],[119.60753,23.75375],[119.60869,23.75343],[119.60861,23.75247],[119.60777,23.75199],[119.60718,23.75239],[119.60669,23.75226],[119.6068,23.75191],[119.60582,23.75201],[119.60664,23.75181],[119.60521,23.74956],[119.60387,23.74536],[119.60213,23.74375],[119.59741,23.74188],[119.59706,23.73984],[119.59597,23.73903],[119.59662,23.73889],[119.59585,23.73771],[119.5967,23.73697],[119.59655,23.73656],[119.59862,23.73622],[119.60023,23.73476],[119.60201,23.73017],[119.60141,23.72607],[119.60265,23.72537],[119.6031,23.72538],[119.60399,23.72674],[119.60334,23.72788],[119.60317,23.73143],[119.60476,23.73264],[119.60561,23.73521],[119.60706,23.73755],[119.60992,23.73905],[119.61498,23.73744],[119.61435,23.73863],[119.61052,23.73956],[119.61083,23.74041],[119.61244,23.73991],[119.61089,23.74054],[119.61108,23.74105],[119.61243,23.74054],[119.61136,23.74148],[119.6123,23.7417],[119.61309,23.74111],[119.6126,23.7405],[119.61384,23.74027],[119.61357,23.73968],[119.61274,23.73982],[119.61371,23.73952],[119.61403,23.74019],[119.61488,23.73985],[119.61393,23.74035],[119.61417,23.74064],[119.61479,23.74016],[119.61422,23.74068],[119.61501,23.74066],[119.61546,23.73908],[119.61399,23.73941],[119.61551,23.73894],[119.61576,23.7376],[119.61547,23.74101],[119.61604,23.74171],[119.61861,23.74167],[119.61794,23.74081],[119.61964,23.74031],[119.61977,23.74079],[119.61908,23.74064],[119.61931,23.74097],[119.61876,23.74112],[119.62017,23.74285],[119.62116,23.74243],[119.6223,23.74303],[119.62314,23.74277],[119.62317,23.7436],[119.62381,23.74369],[119.62322,23.74376],[119.62364,23.74403],[119.62286,23.74488],[119.62327,23.7461],[119.62265,23.74677],[119.62311,23.7472],[119.62264,23.74754],[119.62285,23.74797],[119.62187,23.74814],[119.62192,23.74933],[119.62144,23.74835],[119.62078,23.7495],[119.61902,23.75005],[119.61781,23.75109],[119.6147,23.75162],[119.6125,23.75285],[119.61162,23.75395],[119.61236,23.756]]],[[[119.54115,23.49603],[119.53744,23.49807],[119.53618,23.49656],[119.53502,23.49594],[119.53279,23.4963],[119.52931,23.49584],[119.5256,23.49274],[119.52403,23.49293],[119.52072,23.49222],[119.52067,23.49007],[119.51814,23.48778],[119.51765,23.48768],[119.51658,23.48856],[119.51594,23.48826],[119.51646,23.48837],[119.51769,23.48727],[119.51713,23.48652],[119.516,23.48693],[119.51665,23.48797],[119.51545,23.48649],[119.51414,23.48701],[119.51367,23.48801],[119.51432,23.48808],[119.51446,23.48759],[119.51447,23.48826],[119.51361,23.48835],[119.51263,23.49004],[119.51275,23.49092],[119.51037,23.49146],[119.5095,23.49052],[119.50979,23.48832],[119.50894,23.48636],[119.50903,23.48506],[119.50972,23.48399],[119.51173,23.48299],[119.5143,23.48356],[119.51503,23.48467],[119.51726,23.48545],[119.51997,23.48538],[119.52423,23.48653],[119.52878,23.48667],[119.53687,23.49194],[119.53934,23.49297],[119.54366,23.49374],[119.5435,23.49496],[119.54115,23.49603]]],[[[119.53712,23.37527],[119.53674,23.37575],[119.53644,23.37523],[119.53615,23.37549],[119.5359,23.37492],[119.53636,23.37421],[119.53601,23.37366],[119.53428,23.373],[119.53342,23.37319],[119.53301,23.3724],[119.53184,23.37289],[119.53118,23.37383],[119.53077,23.37371],[119.53108,23.37275],[119.53055,23.37173],[119.52927,23.37163],[119.52852,23.37262],[119.52796,23.37243],[119.52816,23.37287],[119.52711,23.37238],[119.52677,23.3713],[119.52539,23.36998],[119.52681,23.371],[119.52724,23.3699],[119.52693,23.36969],[119.52765,23.36871],[119.52729,23.36826],[119.52655,23.36945],[119.5272,23.36821],[119.52649,23.36789],[119.52578,23.36985],[119.52543,23.36972],[119.52636,23.36764],[119.52528,23.36661],[119.52337,23.36588],[119.52097,23.36709],[119.51959,23.36683],[119.51858,23.36409],[119.51978,23.36264],[119.51991,23.36348],[119.52069,23.36304],[119.52032,23.36267],[119.52078,23.36297],[119.52133,23.36225],[119.52052,23.36125],[119.51959,23.36238],[119.5206,23.36106],[119.52047,23.35994],[119.5213,23.36121],[119.52388,23.36061],[119.52472,23.35941],[119.52392,23.35756],[119.52526,23.35727],[119.52665,23.35967],[119.52571,23.36146],[119.52593,23.36281],[119.5271,23.36271],[119.52709,23.36368],[119.52803,23.36455],[119.53155,23.36582],[119.53247,23.36691],[119.53325,23.36697],[119.53751,23.36524],[119.54025,23.36625],[119.54148,23.36509],[119.54384,23.36497],[119.54351,23.36634],[119.54272,23.36649],[119.54331,23.36693],[119.5426,23.3668],[119.54217,23.36705],[119.54245,23.36757],[119.54148,23.36756],[119.54208,23.36869],[119.542,23.36995],[119.54083,23.37272],[119.54005,23.37253],[119.54024,23.37317],[119.53766,23.37413],[119.53712,23.37527]]],[[[119.67737,23.26407],[119.67654,23.26422],[119.67596,23.26331],[119.67408,23.26259],[119.67071,23.26335],[119.67107,23.26312],[119.67054,23.26273],[119.66744,23.26193],[119.66619,23.26085],[119.66617,23.25977],[119.66542,23.25861],[119.6662,23.25724],[119.66593,23.25698],[119.66696,23.25637],[119.66676,23.2553],[119.66705,23.25579],[119.66786,23.25547],[119.66767,23.25483],[119.66698,23.25459],[119.66755,23.25451],[119.66739,23.25313],[119.66686,23.25295],[119.66659,23.25345],[119.66653,23.25492],[119.66625,23.25332],[119.66677,23.25237],[119.66458,23.25054],[119.66509,23.25067],[119.66524,23.2501],[119.66544,23.2507],[119.66642,23.25034],[119.66597,23.24836],[119.66712,23.2494],[119.66935,23.24773],[119.66964,23.2462],[119.67033,23.24555],[119.67088,23.24572],[119.6711,23.24389],[119.67229,23.24417],[119.67208,23.24509],[119.67259,23.24621],[119.67425,23.24671],[119.67408,23.24751],[119.67309,23.24792],[119.67411,23.24807],[119.67294,23.24887],[119.67333,23.24976],[119.67246,23.25049],[119.6727,23.25128],[119.67339,23.25194],[119.67445,23.25189],[119.67374,23.25242],[119.67401,23.25304],[119.675,23.25406],[119.67648,23.25479],[119.67656,23.25446],[119.67792,23.25604],[119.67838,23.25714],[119.67789,23.25784],[119.67801,23.25893],[119.67855,23.26033],[119.68009,23.26019],[119.67934,23.26077],[119.67978,23.26144],[119.67934,23.26123],[119.67908,23.26164],[119.67946,23.26291],[119.67914,23.26359],[119.67827,23.26332],[119.67778,23.26385],[119.67733,23.26362],[119.67737,23.26407]]],[[[119.31972,23.41168],[119.31865,23.41107],[119.31883,23.40899],[119.3184,23.40818],[119.31872,23.40773],[119.31806,23.40623],[119.31709,23.40601],[119.31749,23.40457],[119.31702,23.40417],[119.31607,23.40442],[119.31534,23.40292],[119.31445,23.40274],[119.31459,23.40094],[119.31522,23.40064],[119.31472,23.39972],[119.31595,23.39834],[119.31638,23.39685],[119.31613,23.39868],[119.31675,23.39901],[119.31696,23.39842],[119.31704,23.39893],[119.31816,23.39861],[119.31788,23.3979],[119.31691,23.3979],[119.31802,23.39759],[119.31829,23.39861],[119.31967,23.39796],[119.32086,23.39906],[119.32202,23.39903],[119.32168,23.39921],[119.32195,23.39945],[119.32246,23.39937],[119.3221,23.39899],[119.32358,23.39918],[119.32396,23.39885],[119.32723,23.40034],[119.32773,23.40084],[119.32714,23.40199],[119.32757,23.40296],[119.32942,23.40335],[119.32906,23.4042],[119.33011,23.40428],[119.33069,23.40486],[119.32898,23.40707],[119.32773,23.40743],[119.32676,23.40671],[119.32489,23.40693],[119.32511,23.40827],[119.32242,23.4099],[119.32139,23.41114],[119.32082,23.41067],[119.31972,23.41168]]],[[[119.61615,23.25372],[119.61494,23.25304],[119.61348,23.25363],[119.61347,23.25312],[119.61285,23.25321],[119.61208,23.2522],[119.60874,23.25142],[119.60915,23.25045],[119.60852,23.24959],[119.60868,23.24891],[119.61007,23.24813],[119.60977,23.24732],[119.61092,23.24617],[119.61388,23.2454],[119.61521,23.24413],[119.61739,23.24385],[119.61758,23.2443],[119.61808,23.24423],[119.61772,23.24451],[119.61952,23.24543],[119.6218,23.24475],[119.62238,23.24524],[119.62149,23.24555],[119.62211,23.24572],[119.62146,23.24636],[119.62191,23.24654],[119.61964,23.24871],[119.61997,23.24953],[119.6211,23.25016],[119.62063,23.25055],[119.62099,23.25122],[119.62066,23.25146],[119.62139,23.25142],[119.62139,23.25294],[119.62069,23.25333],[119.61812,23.25312],[119.61615,23.25372]]],[[[119.60626,23.77567],[119.60537,23.77538],[119.60632,23.77552],[119.60602,23.77443],[119.60471,23.77396],[119.60446,23.77324],[119.60532,23.77324],[119.60525,23.77291],[119.6042,23.77244],[119.60325,23.77098],[119.60165,23.77051],[119.60185,23.76903],[119.60112,23.76894],[119.60092,23.76951],[119.5998,23.76972],[119.5996,23.76906],[119.59881,23.76886],[119.59978,23.76784],[119.59913,23.76789],[119.59913,23.76715],[119.5985,23.76703],[119.59886,23.76567],[119.59649,23.76205],[119.59688,23.75864],[119.59757,23.75782],[119.59927,23.75836],[119.59941,23.76001],[119.60031,23.76166],[119.60074,23.76138],[119.60169,23.7657],[119.6025,23.76733],[119.6043,23.76893],[119.60741,23.77069],[119.60729,23.77189],[119.60809,23.77325],[119.60646,23.77321],[119.60735,23.77374],[119.60648,23.7748],[119.60695,23.77529],[119.60626,23.77567]]],[[[119.66432,23.66957],[119.66402,23.66973],[119.66438,23.67029],[119.66366,23.66967],[119.66329,23.66805],[119.66375,23.66653],[119.66314,23.6666],[119.66184,23.6635],[119.66042,23.66276],[119.65756,23.66257],[119.65475,23.66051],[119.65566,23.65926],[119.6564,23.6594],[119.65575,23.65947],[119.65504,23.66048],[119.6557,23.66092],[119.656,23.66064],[119.65557,23.66034],[119.6561,23.6605],[119.65682,23.65972],[119.65846,23.66094],[119.65924,23.66016],[119.65908,23.65978],[119.6582,23.65994],[119.65939,23.65947],[119.65922,23.65906],[119.65714,23.65972],[119.65712,23.65921],[119.65408,23.6568],[119.65746,23.65951],[119.66174,23.6585],[119.66227,23.65913],[119.66418,23.65871],[119.66395,23.65918],[119.66471,23.65977],[119.66646,23.65969],[119.66674,23.66032],[119.66769,23.66051],[119.66568,23.66047],[119.66558,23.66104],[119.66644,23.66207],[119.66557,23.66259],[119.66528,23.66346],[119.6654,23.66404],[119.66617,23.66416],[119.66532,23.66533],[119.66601,23.6655],[119.66572,23.66689],[119.66696,23.66719],[119.6662,23.66792],[119.66736,23.66863],[119.66615,23.66926],[119.66528,23.66895],[119.66536,23.66987],[119.66432,23.66957]]],[[[119.51977,23.26463],[119.51941,23.2653],[119.5185,23.26524],[119.51407,23.26232],[119.51438,23.26049],[119.51282,23.25748],[119.51004,23.25716],[119.51073,23.25644],[119.5112,23.25702],[119.51205,23.25683],[119.51109,23.25653],[119.51137,23.25575],[119.51034,23.25585],[119.5104,23.25626],[119.5092,23.25672],[119.51018,23.25572],[119.51168,23.25521],[119.51395,23.25589],[119.5164,23.25477],[119.51647,23.25698],[119.51794,23.25793],[119.51847,23.25933],[119.51907,23.25921],[119.51891,23.26008],[119.51957,23.26077],[119.52129,23.26117],[119.52208,23.26208],[119.5218,23.26447],[119.51977,23.26463]]],[[[119.55213,23.72075],[119.55276,23.72196],[119.55093,23.72019],[119.55102,23.719],[119.55179,23.71872],[119.5533,23.71942],[119.55413,23.71821],[119.55624,23.71712],[119.55505,23.71619],[119.55421,23.71651],[119.55436,23.71583],[119.55489,23.71582],[119.55482,23.71499],[119.55532,23.71478],[119.55503,23.71452],[119.55609,23.71389],[119.55319,23.71157],[119.55527,23.70973],[119.55532,23.70864],[119.55861,23.71095],[119.55792,23.71148],[119.55674,23.71516],[119.55813,23.71677],[119.55749,23.71758],[119.55765,23.71829],[119.55884,23.71845],[119.55896,23.71994],[119.55818,23.71862],[119.55739,23.719],[119.55703,23.72066],[119.55496,23.72113],[119.5517,23.7197],[119.55213,23.72075]]],[[[119.50675,23.27256],[119.50643,23.27331],[119.50592,23.27256],[119.50276,23.27271],[119.50278,23.27219],[119.50352,23.2721],[119.50333,23.27071],[119.50466,23.2685],[119.50728,23.26754],[119.51002,23.26726],[119.50963,23.26646],[119.51031,23.26719],[119.51117,23.26675],[119.51101,23.27074],[119.50973,23.27257],[119.50986,23.27322],[119.50933,23.27278],[119.50875,23.27307],[119.50894,23.27261],[119.50675,23.27256]]],[[[119.52052,23.51505],[119.52005,23.51495],[119.52081,23.51468],[119.52053,23.51424],[119.51923,23.51366],[119.52086,23.51398],[119.51969,23.51222],[119.51758,23.51266],[119.51801,23.51333],[119.51911,23.51318],[119.51763,23.51367],[119.5171,23.51473],[119.51605,23.51465],[119.51595,23.51257],[119.51466,23.51065],[119.51446,23.5094],[119.5196,23.50875],[119.52182,23.50969],[119.52181,23.51434],[119.52156,23.51484],[119.52052,23.51505]]],[[[119.63445,23.65148],[119.63329,23.65196],[119.63231,23.6514],[119.63164,23.65019],[119.63163,23.64776],[119.63003,23.64746],[119.62955,23.64678],[119.6318,23.64765],[119.63174,23.64591],[119.62966,23.64627],[119.63155,23.64575],[119.63066,23.64465],[119.63311,23.64652],[119.63312,23.64364],[119.63397,23.64292],[119.63409,23.64651],[119.63609,23.64766],[119.6361,23.64884],[119.63687,23.65046],[119.63615,23.65128],[119.63445,23.65148]]],[[[119.57013,23.61721],[119.57087,23.61805],[119.5698,23.62147],[119.56907,23.62247],[119.56792,23.62254],[119.56748,23.62189],[119.56789,23.62049],[119.56518,23.61914],[119.56783,23.61745],[119.56773,23.61656],[119.56794,23.61705],[119.5684,23.61698],[119.56801,23.61759],[119.56861,23.61749],[119.56852,23.61705],[119.56932,23.61699],[119.56873,23.61749],[119.56949,23.61708],[119.56983,23.61734],[119.56979,23.61667],[119.56813,23.61659],[119.56993,23.61652],[119.57013,23.61721]]],[[[119.66684,23.68286],[119.66615,23.68316],[119.66689,23.6825],[119.66636,23.68172],[119.66682,23.68047],[119.66553,23.68159],[119.66495,23.68122],[119.66547,23.68093],[119.66583,23.6798],[119.6655,23.67923],[119.666,23.67853],[119.66473,23.67754],[119.66678,23.67633],[119.66787,23.67717],[119.66803,23.67604],[119.66867,23.67689],[119.66934,23.677],[119.66944,23.67761],[119.6681,23.67874],[119.66792,23.68017],[119.66843,23.68095],[119.6674,23.6813],[119.66807,23.68262],[119.66769,23.68278],[119.66712,23.68193],[119.66684,23.68286]]],[[[119.66094,23.26437],[119.65981,23.26393],[119.65889,23.2642],[119.65829,23.26388],[119.65822,23.26316],[119.65748,23.26327],[119.65718,23.26288],[119.65773,23.26257],[119.65766,23.26201],[119.65673,23.26098],[119.65843,23.26049],[119.65882,23.26085],[119.66003,23.25996],[119.66163,23.26293],[119.66166,23.26389],[119.66094,23.26437]]],[[[119.33667,23.32235],[119.33557,23.32249],[119.33486,23.32055],[119.33531,23.31988],[119.33496,23.31901],[119.33521,23.31766],[119.33689,23.3171],[119.33843,23.31803],[119.33713,23.31957],[119.33753,23.32145],[119.33667,23.32235]]],[[[119.67074,23.69064],[119.67165,23.68946],[119.671,23.68899],[119.67146,23.68854],[119.67062,23.68845],[119.67042,23.68773],[119.67087,23.68741],[119.66956,23.68744],[119.67002,23.68721],[119.67094,23.6847],[119.67019,23.68462],[119.67023,23.68379],[119.67068,23.68285],[119.67174,23.6825],[119.67154,23.68191],[119.67216,23.68253],[119.67207,23.68361],[119.67107,23.68431],[119.67173,23.68451],[119.67256,23.6861],[119.67212,23.68682],[119.67237,23.68723],[119.67166,23.68744],[119.6726,23.68887],[119.67207,23.68918],[119.67232,23.68985],[119.67166,23.69062],[119.67074,23.69064]]],[[[119.67442,23.60531],[119.67372,23.6052],[119.67421,23.60462],[119.6754,23.60448],[119.67196,23.60483],[119.67249,23.60436],[119.67206,23.60412],[119.67229,23.60379],[119.67356,23.60322],[119.67292,23.60266],[119.67295,23.60198],[119.67422,23.6033],[119.67579,23.6033],[119.67645,23.60262],[119.67599,23.60368],[119.67551,23.60374],[119.67633,23.60355],[119.67611,23.604],[119.67671,23.60371],[119.67731,23.60408],[119.67712,23.60472],[119.67442,23.60531]]],[[[119.61893,23.67537],[119.61781,23.67584],[119.61624,23.67404],[119.6159,23.66853],[119.6165,23.67324],[119.61761,23.67332],[119.61778,23.67293],[119.61847,23.6733],[119.61649,23.66865],[119.61421,23.66525],[119.6168,23.66905],[119.61839,23.673],[119.61949,23.67351],[119.61957,23.67529],[119.61893,23.67537]]],[[[119.51447,23.38407],[119.51439,23.38469],[119.5135,23.3851],[119.51287,23.38477],[119.51298,23.38378],[119.51396,23.38388],[119.5132,23.38267],[119.5127,23.38296],[119.51211,23.38215],[119.51273,23.38101],[119.51434,23.38066],[119.51522,23.38162],[119.51467,23.38345],[119.51406,23.3837],[119.51447,23.38407]]],[[[119.32026,23.32604],[119.31986,23.32763],[119.31955,23.32589],[119.31862,23.32541],[119.31866,23.3248],[119.3183,23.32525],[119.3184,23.3246],[119.31967,23.32378],[119.3209,23.32469],[119.32055,23.32378],[119.3211,23.32333],[119.32295,23.32384],[119.32193,23.3242],[119.32196,23.32481],[119.32064,23.32625],[119.32026,23.32604]]],[[[119.59681,23.79806],[119.59621,23.7983],[119.59576,23.79789],[119.5962,23.79724],[119.59561,23.7968],[119.59612,23.79642],[119.59584,23.79576],[119.59686,23.79625],[119.5964,23.79685],[119.59668,23.79722],[119.59817,23.79533],[119.59932,23.7951],[119.59871,23.79454],[119.59936,23.79417],[119.59917,23.79351],[119.6,23.79436],[119.6007,23.79435],[119.60026,23.79496],[119.60061,23.79522],[119.5999,23.79557],[119.60022,23.79605],[119.59966,23.79573],[119.59997,23.79617],[119.59858,23.79614],[119.59854,23.79699],[119.59787,23.79699],[119.59681,23.79806]]],[[[119.55623,23.67661],[119.55439,23.67656],[119.55407,23.6755],[119.55477,23.67399],[119.55634,23.67341],[119.5568,23.67395],[119.55686,23.67543],[119.55623,23.67661]]],[[[119.68608,23.62776],[119.6843,23.62737],[119.68423,23.6261],[119.68403,23.62686],[119.68335,23.62693],[119.68316,23.62628],[119.68385,23.62532],[119.68452,23.62543],[119.68528,23.62477],[119.68583,23.62514],[119.68535,23.62573],[119.68562,23.62626],[119.68709,23.62612],[119.687,23.62692],[119.68608,23.62776]]],[[[119.671,23.67614],[119.66963,23.67507],[119.66859,23.67345],[119.66985,23.67397],[119.67073,23.67379],[119.67131,23.67406],[119.67133,23.67468],[119.67157,23.67423],[119.67272,23.67445],[119.67266,23.67561],[119.671,23.67614]]],[[[119.65184,23.69379],[119.64956,23.69316],[119.65034,23.69274],[119.65072,23.69181],[119.65042,23.69167],[119.65082,23.69149],[119.65151,23.69233],[119.65172,23.69097],[119.65264,23.69071],[119.65328,23.69216],[119.65184,23.69379]]],[[[119.60961,23.71064],[119.61019,23.71117],[119.60878,23.71368],[119.60697,23.71142],[119.60752,23.71067],[119.60961,23.71064]]],[[[119.53755,23.36195],[119.53766,23.36266],[119.53645,23.36334],[119.53557,23.36128],[119.53652,23.36024],[119.53766,23.35993],[119.53816,23.361],[119.53782,23.36189],[119.53847,23.36183],[119.53793,23.36223],[119.53755,23.36195]]],[[[119.53334,23.54167],[119.53286,23.54196],[119.5301,23.54123],[119.53153,23.54085],[119.53153,23.53968],[119.53263,23.53871],[119.53344,23.53946],[119.53334,23.54167]]],[[[119.65991,23.63165],[119.65951,23.63203],[119.65903,23.63177],[119.65857,23.63023],[119.65932,23.62981],[119.66028,23.63004],[119.66077,23.62897],[119.66212,23.62904],[119.66217,23.62986],[119.66118,23.63006],[119.6608,23.63107],[119.65991,23.63165]]],[[[119.60079,23.78759],[119.60045,23.78795],[119.59989,23.78759],[119.60028,23.78711],[119.59844,23.78544],[119.60007,23.78496],[119.59975,23.78353],[119.60053,23.78404],[119.60048,23.78518],[119.6018,23.78644],[119.60128,23.78655],[119.60079,23.78759]]],[[[119.69984,23.62034],[119.69904,23.61986],[119.69877,23.61901],[119.69922,23.61873],[119.6986,23.61846],[119.69923,23.61847],[119.69881,23.61721],[119.69943,23.61742],[119.6998,23.61702],[119.6999,23.6175],[119.70079,23.61757],[119.7007,23.61867],[119.70126,23.61965],[119.70013,23.61972],[119.69984,23.62034]]],[[[119.69818,23.54059],[119.69693,23.54069],[119.69661,23.53945],[119.69707,23.53937],[119.69731,23.53837],[119.69873,23.53828],[119.69948,23.53892],[119.69818,23.54059]]],[[[119.69213,23.56389],[119.69105,23.56384],[119.69071,23.56333],[119.69051,23.56166],[119.69091,23.56126],[119.69244,23.56148],[119.69204,23.56253],[119.69251,23.56368],[119.69213,23.56389]]],[[[119.52363,23.37486],[119.52341,23.37556],[119.52302,23.37545],[119.52304,23.37443],[119.52454,23.37336],[119.52705,23.37334],[119.52613,23.37393],[119.52566,23.37503],[119.52509,23.37459],[119.52447,23.37487],[119.52434,23.37436],[119.52363,23.37486]]],[[[119.5965,23.81013],[119.59618,23.81064],[119.59442,23.81006],[119.59369,23.81046],[119.59297,23.81008],[119.59295,23.80944],[119.59361,23.80905],[119.595,23.80944],[119.5953,23.80899],[119.59654,23.80954],[119.5965,23.81013]]],[[[119.52509,23.65722],[119.52469,23.65711],[119.52489,23.65608],[119.52544,23.65575],[119.5255,23.65637],[119.52628,23.65605],[119.52588,23.65497],[119.52687,23.65483],[119.52728,23.65698],[119.52509,23.65722]]],[[[119.52737,23.37886],[119.52638,23.37941],[119.52646,23.3786],[119.52814,23.37748],[119.52883,23.37623],[119.52963,23.3765],[119.52987,23.37683],[119.52928,23.37801],[119.52827,23.37777],[119.52783,23.37851],[119.528,23.37937],[119.52737,23.37886]]],[[[119.72534,23.55872],[119.7233,23.55868],[119.72272,23.55774],[119.72505,23.55718],[119.7256,23.55814],[119.72534,23.55872]]],[[[119.4791,23.35913],[119.47878,23.35918],[119.479,23.35841],[119.48034,23.35674],[119.48113,23.35606],[119.48161,23.35618],[119.48174,23.35669],[119.48046,23.35767],[119.47982,23.35903],[119.4791,23.35913]]],[[[119.59422,23.69442],[119.59379,23.69485],[119.59347,23.69433],[119.5946,23.69298],[119.59434,23.69193],[119.59493,23.69116],[119.59548,23.69201],[119.59535,23.69359],[119.59422,23.69442]]],[[[119.56424,23.60375],[119.5658,23.60558],[119.56576,23.60637],[119.56518,23.60685],[119.56429,23.60636],[119.56424,23.60375]]],[[[119.72559,23.5361],[119.72452,23.53573],[119.72399,23.5349],[119.7254,23.53489],[119.72512,23.53426],[119.72699,23.53435],[119.72645,23.5346],[119.72672,23.53495],[119.72626,23.53478],[119.72619,23.53603],[119.72559,23.5361]]],[[[119.54283,23.5549],[119.54296,23.55535],[119.54255,23.55491],[119.54139,23.55497],[119.54185,23.55433],[119.54134,23.55299],[119.542,23.5528],[119.54321,23.55341],[119.54283,23.5549]]],[[[119.57724,23.78072],[119.57692,23.78115],[119.57675,23.77988],[119.57569,23.77984],[119.57548,23.7786],[119.57657,23.77907],[119.57695,23.77858],[119.57779,23.77907],[119.57716,23.78011],[119.57775,23.78051],[119.57724,23.78072]]],[[[119.46211,23.35598],[119.46021,23.35466],[119.46106,23.35464],[119.46065,23.35389],[119.46297,23.35498],[119.46267,23.35592],[119.46211,23.35598]]],[[[119.54883,23.23573],[119.5485,23.23626],[119.54773,23.23631],[119.54665,23.23597],[119.54627,23.23529],[119.54705,23.23482],[119.54816,23.23503],[119.54883,23.23573]]],[[[119.64145,23.66037],[119.63972,23.66025],[119.63825,23.65809],[119.63933,23.65929],[119.643,23.66011],[119.64543,23.66],[119.64145,23.66037]]],[[[119.55811,23.6893],[119.55795,23.69056],[119.5566,23.68962],[119.55734,23.68842],[119.55821,23.68809],[119.55811,23.6893]]],[[[119.56591,23.7123],[119.56551,23.71268],[119.56581,23.71115],[119.56683,23.71049],[119.56761,23.71243],[119.56665,23.71201],[119.56591,23.7123]]],[[[119.46859,23.35306],[119.46791,23.35337],[119.46775,23.35228],[119.46713,23.35192],[119.46772,23.35194],[119.46729,23.35134],[119.46766,23.3508],[119.46808,23.35169],[119.46971,23.35295],[119.46859,23.35306]]],[[[119.60722,23.78367],[119.60676,23.78356],[119.60752,23.78283],[119.60643,23.78367],[119.60677,23.78317],[119.606,23.78297],[119.60613,23.78247],[119.60667,23.78236],[119.60678,23.78299],[119.60678,23.78236],[119.60787,23.78177],[119.60762,23.78226],[119.60819,23.78218],[119.60783,23.78275],[119.60835,23.78273],[119.60775,23.7832],[119.60827,23.78303],[119.60722,23.78367]]],[[[119.50143,23.29077],[119.50155,23.29015],[119.50057,23.29012],[119.50093,23.28903],[119.50174,23.28941],[119.50244,23.28906],[119.5018,23.28969],[119.5029,23.2899],[119.5026,23.29049],[119.50143,23.29077]]],[[[119.51967,23.25379],[119.51806,23.25388],[119.51782,23.25343],[119.51873,23.25232],[119.51975,23.25298],[119.51967,23.25379]]],[[[119.60726,23.78182],[119.60701,23.78145],[119.60739,23.78153],[119.6075,23.78047],[119.60699,23.78095],[119.60661,23.78031],[119.60718,23.77932],[119.60776,23.77953],[119.60774,23.78032],[119.60819,23.78027],[119.60766,23.78175],[119.60726,23.78182]]],[[[119.66489,23.55991],[119.66411,23.55967],[119.66464,23.55702],[119.66511,23.55689],[119.66542,23.55768],[119.66467,23.55894],[119.66489,23.55991]]],[[[119.52993,23.62432],[119.52963,23.62452],[119.52931,23.62383],[119.52964,23.62298],[119.53123,23.6232],[119.5304,23.62441],[119.52993,23.62432]]],[[[119.5638,23.69538],[119.56329,23.6952],[119.56483,23.69413],[119.56485,23.69362],[119.56561,23.69381],[119.56503,23.69527],[119.5638,23.69538]]],[[[119.69873,23.61729],[119.69802,23.61715],[119.69764,23.61608],[119.69902,23.61573],[119.69893,23.61617],[119.69976,23.61568],[119.69873,23.61729]]],[[[119.65188,23.68987],[119.65065,23.68978],[119.65165,23.68844],[119.65246,23.689],[119.65232,23.68983],[119.65188,23.68987]]],[[[119.69018,23.59825],[119.68943,23.59861],[119.68996,23.59758],[119.68983,23.59666],[119.69044,23.59652],[119.69104,23.59795],[119.69018,23.59825]]],[[[119.66152,23.55948],[119.66104,23.55947],[119.66091,23.55878],[119.66181,23.55719],[119.66223,23.55799],[119.66152,23.55948]]],[[[119.61399,23.77839],[119.61368,23.77882],[119.61265,23.77809],[119.61244,23.77663],[119.61296,23.77781],[119.61288,23.77701],[119.61339,23.77709],[119.61399,23.77839]]],[[[119.50286,23.27663],[119.50177,23.2764],[119.5014,23.27554],[119.50249,23.27571],[119.50222,23.27613],[119.50425,23.27595],[119.5039,23.27649],[119.50286,23.27663]]],[[[119.60211,23.78866],[119.60162,23.78912],[119.60127,23.78874],[119.60158,23.78843],[119.60098,23.7884],[119.60164,23.78702],[119.60233,23.78729],[119.60192,23.78789],[119.60264,23.78778],[119.60202,23.78811],[119.60211,23.78866]]],[[[119.58902,23.59639],[119.58762,23.59554],[119.58753,23.59491],[119.58827,23.59479],[119.58947,23.59629],[119.58902,23.59639]]],[[[119.61089,23.78075],[119.61106,23.78104],[119.61025,23.78072],[119.6093,23.77892],[119.61002,23.77926],[119.61029,23.78001],[119.61113,23.78],[119.61178,23.78063],[119.61033,23.78048],[119.61089,23.78075]]],[[[119.53929,23.3505],[119.53754,23.34941],[119.53883,23.34918],[119.53998,23.35036],[119.53929,23.3505]]],[[[119.67571,23.60004],[119.67489,23.59947],[119.67484,23.59853],[119.67531,23.59838],[119.67626,23.59943],[119.67571,23.60004]]],[[[119.66096,23.54471],[119.6594,23.54434],[119.65977,23.54362],[119.65945,23.54296],[119.66009,23.54305],[119.66096,23.54471]]],[[[119.60513,23.76671],[119.60455,23.76674],[119.60471,23.76585],[119.60623,23.76586],[119.60643,23.76643],[119.60513,23.76671]]],[[[119.68625,23.54888],[119.68556,23.54927],[119.68519,23.54727],[119.68634,23.54802],[119.68625,23.54888]]],[[[119.61152,23.78008],[119.61051,23.77888],[119.61095,23.77776],[119.61186,23.77889],[119.61187,23.77947],[119.61118,23.77853],[119.61076,23.77883],[119.61191,23.77991],[119.61152,23.78008]]],[[[119.53178,23.64448],[119.53198,23.64499],[119.53126,23.64493],[119.53086,23.64383],[119.53193,23.64365],[119.53237,23.64436],[119.53178,23.64448]]],[[[119.51607,23.25168],[119.51648,23.25215],[119.51415,23.252],[119.51474,23.25121],[119.51607,23.25168]]],[[[119.58504,23.76778],[119.5845,23.76753],[119.58478,23.76622],[119.58592,23.76699],[119.58504,23.76778]]],[[[119.69699,23.55522],[119.69685,23.5556],[119.69546,23.55545],[119.69658,23.55497],[119.69621,23.55422],[119.6969,23.55403],[119.69687,23.55454],[119.69731,23.55437],[119.69699,23.55522]]],[[[119.32415,23.32454],[119.32329,23.32405],[119.32424,23.32403],[119.32448,23.32362],[119.32556,23.32389],[119.32523,23.32442],[119.32415,23.32454]]],[[[119.58823,23.64059],[119.58832,23.64088],[119.58732,23.64074],[119.58725,23.63957],[119.58796,23.63949],[119.58823,23.64059]]],[[[119.55799,23.69153],[119.55771,23.69244],[119.55664,23.69114],[119.55783,23.6909],[119.55799,23.69153]]],[[[119.66363,23.55869],[119.66291,23.55956],[119.66274,23.55854],[119.6635,23.55847],[119.6631,23.55815],[119.6641,23.55718],[119.66363,23.55869]]],[[[119.52018,23.2349],[119.51972,23.23517],[119.52009,23.23474],[119.51974,23.23423],[119.52004,23.2337],[119.52066,23.23373],[119.52099,23.2345],[119.52018,23.2349]]],[[[119.57725,23.6107],[119.57823,23.61163],[119.57775,23.61248],[119.57699,23.61123],[119.57725,23.6107]]],[[[119.4977,23.2327],[119.4971,23.23248],[119.49785,23.23159],[119.49894,23.23184],[119.49838,23.23196],[119.49819,23.23273],[119.4977,23.2327]]],[[[119.61339,23.73287],[119.61244,23.73403],[119.6121,23.73341],[119.61247,23.73254],[119.61339,23.73287]]],[[[119.66147,23.53998],[119.66134,23.54038],[119.65984,23.5401],[119.66027,23.53991],[119.65995,23.53965],[119.66103,23.53946],[119.66147,23.53998]]],[[[119.46501,23.34705],[119.46589,23.34783],[119.46592,23.34892],[119.46476,23.34749],[119.46501,23.34705]]],[[[119.69554,23.55781],[119.69447,23.55782],[119.69458,23.55738],[119.69407,23.55731],[119.696,23.55696],[119.69554,23.55781]]],[[[119.55064,23.24332],[119.54959,23.24315],[119.54924,23.24253],[119.55044,23.24236],[119.55064,23.24332]]],[[[119.61177,23.71105],[119.6117,23.7117],[119.6115,23.71089],[119.61092,23.7111],[119.60986,23.71023],[119.60954,23.70893],[119.6097,23.70984],[119.61045,23.7104],[119.61217,23.71096],[119.6127,23.7101],[119.6122,23.71106],[119.61258,23.71125],[119.61177,23.71105]]],[[[119.69641,23.62035],[119.69526,23.61949],[119.69531,23.61891],[119.69625,23.61926],[119.69641,23.62035]]],[[[119.51315,23.39592],[119.51261,23.39618],[119.51234,23.39551],[119.51381,23.39539],[119.51407,23.39595],[119.51315,23.39592]]],[[[119.54808,23.65444],[119.54749,23.6539],[119.54777,23.65331],[119.54887,23.65378],[119.54808,23.65444]]],[[[119.50252,23.25883],[119.50168,23.25845],[119.50201,23.2578],[119.50301,23.25801],[119.50252,23.25883]]],[[[119.70254,23.61755],[119.70169,23.61729],[119.70167,23.61667],[119.70286,23.61665],[119.70254,23.61755]]],[[[119.48184,23.59403],[119.48196,23.59446],[119.4812,23.59448],[119.48065,23.59375],[119.48107,23.59344],[119.48184,23.59403]]],[[[119.54441,23.64848],[119.54496,23.6494],[119.54468,23.65011],[119.54383,23.64951],[119.54442,23.64908],[119.54441,23.64848]]],[[[119.69345,23.56481],[119.69287,23.56446],[119.69378,23.56387],[119.69456,23.56419],[119.69345,23.56481]]],[[[119.66418,23.68238],[119.66391,23.68266],[119.6635,23.682],[119.66439,23.68155],[119.66471,23.68262],[119.66418,23.68238]]],[[[119.59816,23.58705],[119.59617,23.58643],[119.59703,23.58604],[119.59737,23.58656],[119.59826,23.58668],[119.59816,23.58705]]],[[[119.55329,23.36371],[119.55262,23.36426],[119.55287,23.36469],[119.55243,23.36528],[119.55221,23.36382],[119.55329,23.36371]]],[[[119.59736,23.75527],[119.59701,23.75542],[119.5976,23.75443],[119.59901,23.754],[119.59736,23.75527]]],[[[119.60656,23.78218],[119.60577,23.78168],[119.6061,23.78182],[119.60571,23.78112],[119.60631,23.78096],[119.60632,23.78029],[119.60672,23.78095],[119.60625,23.78154],[119.60656,23.78218]]],[[[119.60734,23.76552],[119.60653,23.76553],[119.60668,23.76512],[119.60564,23.76532],[119.6076,23.76466],[119.60734,23.76552]]],[[[119.66042,23.55488],[119.66078,23.5553],[119.65978,23.55613],[119.6598,23.55531],[119.66042,23.55488]]],[[[119.61337,23.71541],[119.61246,23.71482],[119.61251,23.71413],[119.61306,23.71435],[119.61337,23.71541]]],[[[119.60271,23.78654],[119.60223,23.78672],[119.60219,23.7861],[119.60301,23.78584],[119.60335,23.78627],[119.60271,23.78654]]],[[[119.62134,23.68636],[119.62119,23.68672],[119.62081,23.68611],[119.62096,23.6857],[119.62138,23.68597],[119.62141,23.68541],[119.62191,23.68601],[119.62134,23.68636]]],[[[119.52469,23.64692],[119.52505,23.64728],[119.52449,23.64775],[119.52399,23.64669],[119.52436,23.64686],[119.52474,23.64637],[119.52469,23.64692]]],[[[119.58364,23.61093],[119.58449,23.61147],[119.58439,23.61199],[119.58366,23.61181],[119.58364,23.61093]]],[[[119.61223,23.77862],[119.61177,23.77874],[119.61128,23.77759],[119.61204,23.77785],[119.61223,23.77862]]],[[[119.53935,23.64193],[119.53863,23.64243],[119.53822,23.64184],[119.5392,23.6415],[119.53935,23.64193]]],[[[119.62374,23.68529],[119.62271,23.68494],[119.62314,23.68456],[119.6242,23.68493],[119.62374,23.68529]]],[[[119.3422,23.30717],[119.34243,23.30764],[119.34184,23.30869],[119.34162,23.3081],[119.3422,23.30717]]],[[[119.61204,23.73368],[119.61222,23.73433],[119.61033,23.73342],[119.61204,23.73368]]],[[[119.60896,23.73156],[119.60934,23.73226],[119.60905,23.73274],[119.60844,23.73208],[119.60896,23.73156]]],[[[119.61908,23.70856],[119.61873,23.70918],[119.61794,23.70875],[119.61885,23.70826],[119.61908,23.70856]]],[[[119.6596,23.54155],[119.66006,23.54181],[119.65968,23.54253],[119.65902,23.54176],[119.6596,23.54155]]],[[[119.60809,23.75865],[119.60732,23.75849],[119.60751,23.75797],[119.60834,23.75804],[119.60809,23.75865]]],[[[119.60919,23.73691],[119.60883,23.73805],[119.60865,23.73753],[119.60921,23.7367],[119.61071,23.73772],[119.61028,23.73796],[119.61034,23.73742],[119.60919,23.73691]]],[[[119.68997,23.56273],[119.68961,23.5631],[119.68888,23.56248],[119.6891,23.56219],[119.68997,23.56273]]],[[[119.59331,23.69599],[119.59279,23.69626],[119.59358,23.69491],[119.59364,23.69599],[119.59331,23.69599]]],[[[119.59899,23.79397],[119.59712,23.79307],[119.59822,23.79342],[119.59908,23.79304],[119.59949,23.79335],[119.59838,23.79339],[119.59899,23.79397]]],[[[119.69609,23.64088],[119.69657,23.64125],[119.69639,23.64201],[119.69579,23.6411],[119.69609,23.64088]]],[[[119.54357,23.64549],[119.54403,23.64629],[119.5435,23.64718],[119.54357,23.64549]]],[[[119.67103,23.69377],[119.66962,23.69294],[119.67056,23.69291],[119.67103,23.69377]]],[[[119.61455,23.60701],[119.61483,23.60753],[119.61431,23.60771],[119.61388,23.60692],[119.61455,23.60701]]],[[[119.61118,23.71626],[119.61057,23.71624],[119.61169,23.71557],[119.61189,23.71593],[119.61118,23.71626]]],[[[119.59567,23.69043],[119.59484,23.69107],[119.59539,23.69018],[119.59693,23.69033],[119.59567,23.69043]]],[[[119.59715,23.79603],[119.59672,23.79608],[119.59768,23.79523],[119.59755,23.79605],[119.59715,23.79603]]],[[[119.69799,23.61913],[119.69759,23.61841],[119.69822,23.61793],[119.69799,23.61913]]],[[[119.52408,23.65012],[119.52376,23.64959],[119.52444,23.64959],[119.52464,23.65007],[119.52408,23.65012]]],[[[119.6451,23.67526],[119.64465,23.67574],[119.6436,23.67544],[119.6451,23.67526]]],[[[119.539,23.6438],[119.53792,23.64369],[119.53888,23.6432],[119.539,23.6438]]],[[[119.58765,23.76865],[119.58702,23.76853],[119.58738,23.76796],[119.5878,23.7682],[119.58765,23.76865]]],[[[119.61006,23.73123],[119.60952,23.7339],[119.60986,23.73135],[119.60895,23.73119],[119.61006,23.73123]]],[[[119.5126,23.27212],[119.51193,23.27251],[119.51082,23.27226],[119.5126,23.27212]]],[[[119.5886,23.71056],[119.58811,23.70974],[119.589,23.71004],[119.5886,23.71056]]],[[[119.55568,23.34801],[119.55543,23.34878],[119.55484,23.34831],[119.55568,23.34801]]],[[[119.60777,23.7789],[119.60727,23.77902],[119.60691,23.77847],[119.60822,23.77884],[119.60777,23.7789]]],[[[119.55305,23.36683],[119.55198,23.36566],[119.55341,23.36671],[119.55305,23.36683]]],[[[119.65706,23.67859],[119.65674,23.67879],[119.65814,23.67621],[119.65706,23.67859]]],[[[119.61825,23.2555],[119.61735,23.25523],[119.61858,23.25505],[119.61825,23.2555]]],[[[119.48805,23.37871],[119.48741,23.37888],[119.48738,23.37811],[119.48756,23.37864],[119.48825,23.37829],[119.48805,23.37871]]],[[[119.60381,23.76673],[119.60409,23.76725],[119.6033,23.76684],[119.60357,23.76644],[119.60381,23.76673]]],[[[119.60691,23.75926],[119.60665,23.7598],[119.60633,23.75958],[119.6064,23.75913],[119.60691,23.75926]]],[[[119.69003,23.54674],[119.68969,23.54753],[119.68944,23.54675],[119.69003,23.54674]]],[[[119.58185,23.64897],[119.5811,23.64885],[119.58187,23.64836],[119.58185,23.64897]]],[[[119.61196,23.73642],[119.6114,23.73645],[119.61197,23.73616],[119.61096,23.73521],[119.61217,23.73609],[119.61196,23.73642]]],[[[119.67883,23.59843],[119.67843,23.59881],[119.6779,23.5984],[119.67935,23.59835],[119.67883,23.59843]]],[[[119.60511,23.78182],[119.60461,23.78207],[119.60407,23.78145],[119.60511,23.78182]]],[[[119.70986,23.62718],[119.70904,23.62685],[119.70929,23.62641],[119.70986,23.62718]]],[[[119.60746,23.7572],[119.607,23.75662],[119.60822,23.7572],[119.60746,23.7572]]],[[[119.63004,23.64122],[119.63006,23.64058],[119.63074,23.64084],[119.63004,23.64122]]],[[[119.61265,23.71566],[119.61171,23.71544],[119.6122,23.71512],[119.61265,23.71566]]],[[[119.64346,23.67393],[119.64249,23.6738],[119.64249,23.67339],[119.64346,23.67393]]],[[[119.54869,23.66384],[119.54829,23.66376],[119.54913,23.66298],[119.54869,23.66384]]],[[[119.54551,23.64977],[119.54533,23.6505],[119.54497,23.64986],[119.54551,23.64977]]],[[[119.60293,23.78702],[119.60252,23.78672],[119.60368,23.78666],[119.60293,23.78702]]],[[[119.66266,23.55661],[119.66287,23.55729],[119.66244,23.55762],[119.66266,23.55661]]],[[[119.60605,23.78217],[119.60575,23.78262],[119.60524,23.78223],[119.60605,23.78217]]],[[[119.52308,23.64875],[119.52375,23.64927],[119.52292,23.64914],[119.52308,23.64875]]],[[[119.50864,23.27283],[119.50812,23.27323],[119.50777,23.27284],[119.50864,23.27283]]],[[[119.55966,23.69339],[119.55989,23.69405],[119.55946,23.69427],[119.55966,23.69339]]],[[[119.62084,23.75478],[119.62114,23.75521],[119.62054,23.75544],[119.62084,23.75478]]],[[[119.54404,23.64758],[119.54423,23.648],[119.54355,23.64812],[119.54404,23.64758]]],[[[119.61165,23.77734],[119.61111,23.77669],[119.61161,23.77674],[119.61165,23.77734]]],[[[119.70066,23.61554],[119.70001,23.6155],[119.69994,23.61504],[119.70066,23.61554]]],[[[119.59844,23.79238],[119.59879,23.79263],[119.59805,23.79292],[119.59844,23.79238]]],[[[119.67058,23.69153],[119.6703,23.69127],[119.67081,23.69076],[119.67058,23.69153]]],[[[119.59911,23.608],[119.59834,23.6081],[119.59867,23.60772],[119.59911,23.608]]],[[[119.62481,23.75014],[119.62472,23.75052],[119.62414,23.75009],[119.62481,23.75014]]],[[[119.50073,23.29109],[119.50043,23.29079],[119.50102,23.29058],[119.50073,23.29109]]],[[[119.60448,23.78215],[119.6046,23.78274],[119.60416,23.78255],[119.60448,23.78215]]],[[[119.61072,23.77762],[119.61033,23.77747],[119.6108,23.77706],[119.61072,23.77762]]],[[[119.60287,23.76699],[119.60304,23.76747],[119.6025,23.76728],[119.60287,23.76699]]],[[[119.62443,23.7486],[119.62454,23.74929],[119.62418,23.74898],[119.62443,23.7486]]],[[[119.61239,23.77756],[119.61244,23.7781],[119.612,23.77754],[119.61239,23.77756]]],[[[119.55124,23.24215],[119.55094,23.24238],[119.55064,23.24192],[119.55124,23.24215]]],[[[119.51779,23.3563],[119.51808,23.35668],[119.51747,23.35657],[119.51779,23.3563]]],[[[119.52599,23.65207],[119.52636,23.65244],[119.52582,23.65242],[119.52599,23.65207]]],[[[119.51988,23.25002],[119.51996,23.2506],[119.51957,23.25014],[119.51988,23.25002]]],[[[119.55887,23.62996],[119.55886,23.62959],[119.55937,23.62972],[119.55887,23.62996]]],[[[119.53896,23.6404],[119.53936,23.64063],[119.53912,23.64095],[119.53896,23.6404]]],[[[119.6103,23.71294],[119.60982,23.71282],[119.6102,23.71254],[119.6103,23.71294]]],[[[119.32273,23.32452],[119.32241,23.32429],[119.32314,23.32426],[119.32273,23.32452]]],[[[119.60761,23.77512],[119.60721,23.77497],[119.60771,23.77474],[119.60761,23.77512]]],[[[119.50148,23.27672],[119.50122,23.27638],[119.5018,23.27654],[119.50148,23.27672]]],[[[119.70111,23.61589],[119.7014,23.61621],[119.70103,23.61632],[119.70111,23.61589]]],[[[119.61998,23.75579],[119.62007,23.75611],[119.61975,23.75588],[119.62007,23.75549],[119.61998,23.75579]]],[[[119.62553,23.74942],[119.62513,23.74938],[119.62529,23.74905],[119.62553,23.74942]]],[[[119.60695,23.7821],[119.6066,23.78185],[119.60706,23.78179],[119.60695,23.7821]]],[[[119.70642,23.55677],[119.7061,23.55647],[119.70678,23.55671],[119.70642,23.55677]]],[[[119.62453,23.75135],[119.62454,23.75167],[119.62414,23.7515],[119.62453,23.75135]]],[[[119.67431,23.60278],[119.6739,23.60284],[119.67493,23.60245],[119.67431,23.60278]]],[[[119.612,23.77665],[119.61221,23.77696],[119.61152,23.77612],[119.612,23.77665]]],[[[119.63135,23.64091],[119.63167,23.64086],[119.63102,23.64101],[119.63135,23.64091]]],[[[119.46354,23.35499],[119.46352,23.35446],[119.46359,23.35557],[119.46354,23.35499]]]]}},{"type":"Feature","properties":{"county":"南投縣"},"geometry":{"type":"MultiPolygon","coordinates":[[[[120.62929,23.88911],[120.62957,23.88671],[120.62896,23.8857],[120.62959,23.88462],[120.6282,23.88345],[120.62746,23.88351],[120.62636,23.87993],[120.62672,23.8795],[120.62483,23.87711],[120.62497,23.87616],[120.62577,23.87524],[120.62581,23.87346],[120.62466,23.87163],[120.62378,23.87147],[120.62422,23.87059],[120.62383,23.87009],[120.62396,23.86892],[120.62155,23.86983],[120.62125,23.8686],[120.62031,23.86879],[120.61991,23.86837],[120.62062,23.86785],[120.62034,23.86656],[120.62065,23.86634],[120.62006,23.86551],[120.62057,23.86502],[120.62061,23.86372],[120.62209,23.8635],[120.62275,23.86303],[120.62249,23.86254],[120.62355,23.86197],[120.62326,23.86097],[120.62224,23.86012],[120.62308,23.86046],[120.62446,23.85976],[120.62424,23.85917],[120.62483,23.8585],[120.62603,23.85847],[120.62545,23.85771],[120.62652,23.8586],[120.62668,23.8575],[120.62782,23.8574],[120.62631,23.85621],[120.62627,23.85475],[120.62525,23.85518],[120.62627,23.85412],[120.62596,23.85208],[120.6245,23.85226],[120.62487,23.85098],[120.62376,23.85029],[120.62344,23.8489],[120.62296,23.84986],[120.62271,23.8487],[120.62179,23.84959],[120.61943,23.84962],[120.62067,23.84909],[120.6196,23.84867],[120.62329,23.84815],[120.62367,23.84727],[120.62299,23.84655],[120.6216,23.84658],[120.62186,23.84603],[120.62125,23.84564],[120.62109,23.8444],[120.61941,23.84416],[120.61828,23.84452],[120.61965,23.84351],[120.61832,23.84306],[120.61829,23.84259],[120.6198,23.84251],[120.61832,23.84142],[120.61608,23.84119],[120.61556,23.84061],[120.61558,23.84027],[120.61667,23.84027],[120.61634,23.83942],[120.61744,23.83876],[120.61683,23.83786],[120.61729,23.83768],[120.61833,23.83897],[120.61845,23.84038],[120.62085,23.84166],[120.62214,23.84085],[120.62094,23.84021],[120.62094,23.83936],[120.62301,23.83997],[120.62188,23.83877],[120.62224,23.83866],[120.62397,23.83968],[120.62612,23.84192],[120.62609,23.84114],[120.62678,23.84083],[120.62632,23.84052],[120.62651,23.83988],[120.62812,23.83846],[120.62906,23.83868],[120.62823,23.83785],[120.62556,23.83765],[120.62492,23.83659],[120.62998,23.83735],[120.62996,23.83686],[120.62827,23.83582],[120.63106,23.83564],[120.62911,23.8344],[120.63225,23.8346],[120.63365,23.83409],[120.62813,23.83197],[120.62424,23.83175],[120.62391,23.83077],[120.62296,23.83036],[120.6236,23.82948],[120.62431,23.82943],[120.62628,23.83087],[120.62813,23.83121],[120.63051,23.83243],[120.63088,23.83224],[120.63042,23.83119],[120.63339,23.83296],[120.63528,23.83321],[120.63705,23.83279],[120.63741,23.83196],[120.63845,23.83141],[120.63586,23.83163],[120.63435,23.83111],[120.6372,23.83056],[120.63678,23.83],[120.63819,23.82892],[120.63677,23.82804],[120.63602,23.82848],[120.63604,23.82792],[120.63748,23.82732],[120.63945,23.82742],[120.63913,23.82667],[120.63773,23.82638],[120.63991,23.82575],[120.64001,23.82511],[120.63702,23.82585],[120.63386,23.82584],[120.63635,23.82554],[120.6366,23.82481],[120.63919,23.82456],[120.63782,23.8237],[120.63874,23.82263],[120.63776,23.82178],[120.6396,23.82208],[120.64048,23.8214],[120.63995,23.82111],[120.63993,23.82033],[120.64188,23.81971],[120.64459,23.81755],[120.64798,23.81664],[120.65007,23.81436],[120.65092,23.8125],[120.65561,23.81281],[120.65865,23.81453],[120.66245,23.81537],[120.66505,23.81504],[120.66473,23.81631],[120.66594,23.81613],[120.66759,23.8166],[120.66798,23.81735],[120.66994,23.81852],[120.67137,23.81871],[120.67189,23.81941],[120.67259,23.81918],[120.6744,23.82006],[120.67622,23.81936],[120.67877,23.81655],[120.67798,23.81408],[120.67898,23.80594],[120.68246,23.80608],[120.68316,23.80564],[120.68395,23.80175],[120.68383,23.80134],[120.6799,23.80162],[120.67492,23.79972],[120.66709,23.79386],[120.66378,23.79214],[120.65814,23.79104],[120.64468,23.7868],[120.64254,23.78574],[120.64037,23.78605],[120.64243,23.7817],[120.64848,23.77328],[120.6557,23.75502],[120.65597,23.75376],[120.65465,23.74846],[120.65436,23.74187],[120.65447,23.73979],[120.65584,23.73512],[120.65547,23.73454],[120.6546,23.73446],[120.6509,23.73617],[120.64995,23.73571],[120.64786,23.73604],[120.6463,23.73557],[120.64454,23.73664],[120.64207,23.73064],[120.64021,23.73072],[120.63971,23.72621],[120.64021,23.72511],[120.64135,23.72453],[120.64094,23.72359],[120.64168,23.72228],[120.64041,23.71939],[120.64077,23.71856],[120.64018,23.71624],[120.64049,23.7153],[120.63974,23.7145],[120.64071,23.71424],[120.64056,23.71319],[120.63899,23.71058],[120.6402,23.71],[120.63972,23.70878],[120.64043,23.70818],[120.64035,23.70697],[120.64143,23.70557],[120.64309,23.70531],[120.64567,23.70321],[120.64529,23.70192],[120.64341,23.6997],[120.6457,23.6959],[120.64545,23.69536],[120.6466,23.69281],[120.6466,23.69174],[120.64552,23.69008],[120.64593,23.68945],[120.64571,23.68721],[120.64699,23.68657],[120.64625,23.68478],[120.64828,23.68286],[120.64766,23.68201],[120.64802,23.68101],[120.64743,23.68008],[120.64756,23.67945],[120.64605,23.67713],[120.64653,23.67587],[120.64605,23.67503],[120.64697,23.67433],[120.64693,23.67271],[120.64494,23.67163],[120.64416,23.66876],[120.64439,23.66761],[120.64293,23.66624],[120.64138,23.6657],[120.64057,23.66438],[120.64014,23.66114],[120.63929,23.66068],[120.63807,23.65824],[120.63685,23.65698],[120.63692,23.65543],[120.63497,23.65157],[120.6351,23.64971],[120.63635,23.64824],[120.63481,23.64701],[120.63521,23.64286],[120.63347,23.64101],[120.63179,23.6402],[120.63165,23.63879],[120.62908,23.63516],[120.63001,23.63387],[120.63017,23.63277],[120.62871,23.63001],[120.6299,23.62744],[120.63045,23.62315],[120.63106,23.62169],[120.6337,23.61913],[120.63537,23.61985],[120.63873,23.62474],[120.64093,23.62584],[120.64298,23.62816],[120.64387,23.62825],[120.64514,23.63098],[120.64668,23.63101],[120.64909,23.62984],[120.653,23.62951],[120.65362,23.62839],[120.65254,23.62456],[120.65242,23.62275],[120.65292,23.62186],[120.65142,23.61614],[120.6539,23.61568],[120.65835,23.61383],[120.66004,23.61136],[120.6612,23.61047],[120.66451,23.61112],[120.6679,23.60941],[120.66914,23.60934],[120.67548,23.61026],[120.67778,23.61105],[120.68359,23.61087],[120.68547,23.61284],[120.68538,23.61548],[120.68616,23.61734],[120.68606,23.61821],[120.69132,23.62035],[120.6968,23.62001],[120.69765,23.61919],[120.69955,23.61879],[120.70227,23.61739],[120.70503,23.61727],[120.70688,23.61869],[120.70807,23.61851],[120.71029,23.61916],[120.71407,23.62102],[120.71415,23.62281],[120.7131,23.62791],[120.71559,23.62936],[120.71837,23.62996],[120.72309,23.62253],[120.72412,23.62177],[120.72561,23.62172],[120.72694,23.61997],[120.72844,23.61965],[120.73068,23.61827],[120.73059,23.61668],[120.7313,23.61437],[120.73086,23.61081],[120.73586,23.60955],[120.7374,23.60963],[120.7394,23.61036],[120.74137,23.61227],[120.74439,23.61267],[120.74635,23.61248],[120.74748,23.61116],[120.74922,23.6122],[120.7508,23.61438],[120.75356,23.61482],[120.75808,23.61249],[120.76428,23.61224],[120.7669,23.60976],[120.76941,23.60837],[120.77005,23.60605],[120.77458,23.60521],[120.77653,23.60403],[120.77747,23.60251],[120.77831,23.60203],[120.78313,23.60074],[120.78745,23.60127],[120.79087,23.60094],[120.79492,23.59725],[120.79807,23.59744],[120.80109,23.59662],[120.80333,23.59665],[120.80512,23.59862],[120.80979,23.59869],[120.81126,23.60013],[120.81371,23.60095],[120.81763,23.5996],[120.81861,23.59824],[120.81687,23.5956],[120.81766,23.59432],[120.81867,23.59371],[120.81984,23.59051],[120.82321,23.5875],[120.82553,23.58637],[120.82463,23.58532],[120.82469,23.5842],[120.82371,23.58412],[120.82162,23.58214],[120.82157,23.5799],[120.82023,23.57869],[120.81991,23.57768],[120.81963,23.57453],[120.8219,23.57091],[120.82111,23.57015],[120.82153,23.56848],[120.81992,23.56452],[120.82063,23.5624],[120.81588,23.55737],[120.81415,23.55624],[120.81405,23.55541],[120.8159,23.55367],[120.81586,23.55311],[120.81448,23.55173],[120.81149,23.55105],[120.8112,23.54925],[120.80883,23.54586],[120.80818,23.54213],[120.80832,23.5393],[120.80897,23.53761],[120.80861,23.53619],[120.81161,23.53371],[120.81797,23.52369],[120.82035,23.52148],[120.81911,23.51953],[120.81977,23.5175],[120.81956,23.51558],[120.82013,23.51414],[120.82304,23.51136],[120.82283,23.50862],[120.82407,23.50528],[120.82285,23.49867],[120.82374,23.49698],[120.82463,23.49661],[120.82545,23.49482],[120.8253,23.48971],[120.82618,23.48851],[120.82725,23.48296],[120.8299,23.48073],[120.83165,23.47766],[120.83264,23.47473],[120.83897,23.47122],[120.84209,23.47326],[120.84409,23.47281],[120.84701,23.47301],[120.84914,23.47209],[120.8542,23.4733],[120.85622,23.47342],[120.85813,23.47285],[120.8632,23.47355],[120.86669,23.4723],[120.86834,23.47063],[120.87309,23.46853],[120.88003,23.46762],[120.8819,23.46829],[120.88206,23.47001],[120.88414,23.47314],[120.88427,23.47431],[120.88714,23.4756],[120.89388,23.47547],[120.8965,23.47589],[120.89984,23.47537],[120.90195,23.47608],[120.90805,23.47582],[120.91021,23.47623],[120.91509,23.47463],[120.91748,23.47569],[120.91897,23.47488],[120.92092,23.47493],[120.92419,23.47345],[120.9265,23.47296],[120.93096,23.47066],[120.93238,23.47113],[120.93424,23.47295],[120.93709,23.47313],[120.93933,23.47213],[120.94255,23.46915],[120.94752,23.46712],[120.9522,23.46772],[120.95525,23.46927],[120.95888,23.46965],[120.96099,23.47069],[120.96522,23.4707],[120.96711,23.47171],[120.96847,23.47123],[120.97063,23.46904],[120.98054,23.46921],[120.9822,23.46849],[120.98355,23.46702],[120.9846,23.46657],[120.99969,23.46217],[121.00381,23.46296],[121.00745,23.46279],[121.01043,23.4596],[121.01172,23.45717],[121.01495,23.45428],[121.01585,23.45161],[121.01488,23.44964],[121.01268,23.44862],[121.01053,23.44632],[121.01071,23.44105],[121.01414,23.43792],[121.01527,23.43541],[121.01936,23.43631],[121.02212,23.43903],[121.02641,23.43909],[121.02866,23.44161],[121.03142,23.44221],[121.03314,23.44332],[121.03376,23.44418],[121.03365,23.44551],[121.03754,23.44646],[121.0397,23.44786],[121.04396,23.44896],[121.04646,23.45087],[121.05182,23.4508],[121.05332,23.45337],[121.05324,23.45544],[121.05453,23.45738],[121.05591,23.45928],[121.05815,23.46004],[121.05861,23.4607],[121.05893,23.46194],[121.05566,23.46269],[121.05412,23.46376],[121.05131,23.46431],[121.04965,23.46783],[121.04441,23.47012],[121.0426,23.47188],[121.03952,23.47316],[121.0389,23.47408],[121.04309,23.47805],[121.04497,23.48054],[121.04692,23.4814],[121.04735,23.48218],[121.04855,23.48242],[121.05012,23.48653],[121.05262,23.48713],[121.05361,23.48783],[121.05415,23.4899],[121.05279,23.49357],[121.0541,23.4956],[121.0551,23.49613],[121.05725,23.49619],[121.05844,23.49739],[121.06217,23.49954],[121.06288,23.50155],[121.06298,23.50384],[121.06614,23.50631],[121.0661,23.50797],[121.06876,23.51477],[121.06846,23.51845],[121.07538,23.51733],[121.08307,23.51463],[121.08811,23.51405],[121.09185,23.51452],[121.09327,23.51778],[121.09736,23.52165],[121.10102,23.52125],[121.10222,23.51969],[121.10367,23.51893],[121.10704,23.51946],[121.1108,23.51906],[121.11549,23.52023],[121.11658,23.52137],[121.1177,23.52164],[121.12045,23.521],[121.12635,23.51705],[121.12879,23.5185],[121.13113,23.51748],[121.13236,23.51505],[121.13526,23.51496],[121.13664,23.51802],[121.13864,23.52094],[121.14272,23.52382],[121.1444,23.5256],[121.14717,23.52725],[121.15076,23.52653],[121.1511,23.52705],[121.1501,23.53002],[121.14688,23.53411],[121.14808,23.53567],[121.14845,23.53953],[121.15104,23.54437],[121.15106,23.54518],[121.14805,23.5524],[121.14612,23.55437],[121.14803,23.55658],[121.14995,23.55735],[121.15188,23.56047],[121.15335,23.55989],[121.15533,23.56003],[121.15714,23.55956],[121.15802,23.56405],[121.16034,23.56783],[121.16035,23.56976],[121.15842,23.5698],[121.15511,23.57086],[121.1536,23.57153],[121.15215,23.57316],[121.15198,23.58127],[121.15239,23.58411],[121.15339,23.58678],[121.15557,23.58705],[121.15819,23.58573],[121.16051,23.58704],[121.16675,23.58714],[121.16987,23.58632],[121.1714,23.58414],[121.17501,23.58382],[121.17688,23.58269],[121.17804,23.58264],[121.17883,23.58312],[121.18001,23.58746],[121.17973,23.59003],[121.18204,23.59094],[121.18347,23.59316],[121.18941,23.59481],[121.1903,23.59719],[121.19417,23.6006],[121.20013,23.5964],[121.20173,23.59679],[121.20297,23.59607],[121.20658,23.59587],[121.20813,23.59824],[121.21002,23.59863],[121.21341,23.60037],[121.21451,23.60491],[121.21594,23.60727],[121.21732,23.6147],[121.21995,23.61693],[121.22139,23.62022],[121.22356,23.62298],[121.22499,23.62877],[121.22401,23.63293],[121.22412,23.63885],[121.22771,23.64518],[121.23025,23.64799],[121.23046,23.65019],[121.23123,23.65156],[121.23069,23.65355],[121.23159,23.65494],[121.23193,23.65788],[121.23416,23.66051],[121.2352,23.66111],[121.23584,23.66252],[121.23596,23.67077],[121.23478,23.67359],[121.2324,23.67704],[121.23428,23.68096],[121.23613,23.68249],[121.23752,23.68529],[121.23943,23.68697],[121.23937,23.69469],[121.24121,23.69846],[121.23935,23.69978],[121.24098,23.7051],[121.24121,23.70873],[121.23927,23.71096],[121.23885,23.71352],[121.23955,23.7161],[121.23779,23.72007],[121.23946,23.72415],[121.23577,23.72464],[121.23357,23.72783],[121.23311,23.73013],[121.23227,23.72953],[121.22964,23.73019],[121.2298,23.73271],[121.22843,23.73614],[121.22892,23.73988],[121.22885,23.74452],[121.23008,23.74718],[121.23332,23.7482],[121.23252,23.7506],[121.23066,23.751],[121.22931,23.75227],[121.22843,23.75186],[121.22523,23.75178],[121.22321,23.75268],[121.22148,23.75272],[121.21864,23.75638],[121.2173,23.75701],[121.2134,23.75747],[121.21097,23.76111],[121.20648,23.76264],[121.20867,23.76585],[121.20675,23.76724],[121.20465,23.7724],[121.20601,23.77265],[121.20676,23.77374],[121.20697,23.7751],[121.20868,23.77593],[121.21219,23.77569],[121.21297,23.77691],[121.21842,23.77983],[121.21955,23.7818],[121.22365,23.7824],[121.22629,23.78367],[121.22835,23.78522],[121.2304,23.78797],[121.23045,23.79014],[121.22727,23.79109],[121.22662,23.79244],[121.22658,23.79609],[121.22551,23.79823],[121.22617,23.80293],[121.22669,23.80474],[121.22791,23.80533],[121.22754,23.80854],[121.22926,23.80883],[121.23033,23.81016],[121.23213,23.81036],[121.23446,23.812],[121.23477,23.81794],[121.23787,23.82138],[121.23913,23.82186],[121.23715,23.82351],[121.23668,23.82521],[121.23811,23.82963],[121.23773,23.83249],[121.23913,23.83635],[121.23942,23.84042],[121.24348,23.84498],[121.24406,23.84624],[121.24383,23.84754],[121.24452,23.84891],[121.24892,23.85213],[121.24868,23.85366],[121.24948,23.85456],[121.25022,23.85678],[121.24997,23.85982],[121.25057,23.86102],[121.25214,23.8613],[121.25292,23.86296],[121.25267,23.86536],[121.25318,23.86809],[121.25694,23.86946],[121.25809,23.87249],[121.26167,23.87228],[121.26525,23.87291],[121.26421,23.87662],[121.26314,23.87863],[121.26318,23.88077],[121.26532,23.88303],[121.26809,23.88336],[121.26846,23.8839],[121.26836,23.88495],[121.26758,23.88605],[121.26741,23.889],[121.26551,23.89124],[121.26605,23.89405],[121.2652,23.89688],[121.26654,23.89841],[121.26244,23.89908],[121.2627,23.90014],[121.26106,23.9026],[121.26272,23.90433],[121.26526,23.90593],[121.26627,23.90727],[121.27043,23.9065],[121.27445,23.90732],[121.27608,23.90986],[121.27538,23.91205],[121.27544,23.9147],[121.2763,23.91622],[121.27524,23.91743],[121.27507,23.91858],[121.27651,23.92316],[121.27341,23.92849],[121.27479,23.93038],[121.27485,23.93154],[121.27375,23.93375],[121.27386,23.93622],[121.27206,23.93835],[121.27396,23.94158],[121.27353,23.94414],[121.27433,23.94564],[121.27285,23.94662],[121.27175,23.9485],[121.27471,23.95145],[121.27582,23.95586],[121.27517,23.9601],[121.27626,23.96341],[121.27795,23.96558],[121.27562,23.96836],[121.27508,23.97187],[121.27357,23.97525],[121.26512,23.97532],[121.26423,23.97598],[121.26143,23.9818],[121.26114,23.98723],[121.25995,23.99024],[121.26004,23.99208],[121.26125,23.99446],[121.26494,23.99936],[121.26557,24.00125],[121.26709,24.00261],[121.27005,24.00671],[121.26956,24.00789],[121.27031,24.01002],[121.27138,24.01138],[121.27179,24.01312],[121.27379,24.01517],[121.27396,24.01628],[121.27632,24.02015],[121.27661,24.02461],[121.27866,24.02682],[121.28018,24.0306],[121.28186,24.03215],[121.28243,24.03469],[121.28566,24.03953],[121.28563,24.04495],[121.28491,24.04667],[121.28498,24.04857],[121.28261,24.05128],[121.28321,24.05427],[121.28482,24.05533],[121.28647,24.05796],[121.28815,24.0589],[121.28943,24.05889],[121.29052,24.06034],[121.29355,24.06169],[121.29554,24.06378],[121.29864,24.06169],[121.29989,24.06217],[121.30233,24.06635],[121.30606,24.0695],[121.30644,24.07087],[121.30819,24.07331],[121.31422,24.07765],[121.31793,24.0797],[121.32313,24.08494],[121.3233,24.08654],[121.32115,24.08887],[121.31919,24.09277],[121.31895,24.09501],[121.32233,24.09949],[121.32566,24.10246],[121.32647,24.106],[121.32629,24.1083],[121.32693,24.11026],[121.32817,24.11164],[121.3285,24.11441],[121.325,24.11608],[121.31566,24.11649],[121.31411,24.11834],[121.31163,24.12019],[121.30354,24.12458],[121.29983,24.12921],[121.29669,24.13114],[121.29586,24.13244],[121.28481,24.13471],[121.28137,24.13587],[121.28209,24.13969],[121.28422,24.14585],[121.28468,24.15229],[121.28346,24.1537],[121.28103,24.15449],[121.28033,24.15787],[121.28198,24.15819],[121.2862,24.15708],[121.2878,24.15721],[121.28835,24.15774],[121.28784,24.17246],[121.28622,24.17603],[121.2862,24.17736],[121.28718,24.1777],[121.29299,24.1772],[121.29645,24.17832],[121.29879,24.18009],[121.30708,24.18033],[121.31103,24.18325],[121.31579,24.18517],[121.31737,24.18811],[121.31992,24.19124],[121.32291,24.19188],[121.32418,24.19467],[121.32562,24.19612],[121.32825,24.19646],[121.3307,24.19776],[121.33581,24.19911],[121.33825,24.19924],[121.34086,24.19846],[121.34544,24.2],[121.34924,24.19961],[121.34965,24.20133],[121.34833,24.20719],[121.34938,24.21044],[121.34787,24.21258],[121.34302,24.22355],[121.33912,24.2267],[121.33317,24.22983],[121.33168,24.22987],[121.32986,24.23131],[121.32444,24.23301],[121.32207,24.23206],[121.31965,24.23187],[121.31645,24.23439],[121.31409,24.235],[121.30882,24.23494],[121.3062,24.23377],[121.30389,24.23368],[121.30316,24.23442],[121.30252,24.23633],[121.30107,24.23669],[121.29875,24.23561],[121.29803,24.234],[121.29878,24.2332],[121.29546,24.2325],[121.29407,24.22963],[121.29314,24.22916],[121.29102,24.23015],[121.29006,24.2297],[121.28888,24.23016],[121.28589,24.22909],[121.28435,24.2295],[121.28368,24.23065],[121.28284,24.23104],[121.28083,24.23061],[121.28003,24.22977],[121.27756,24.23211],[121.27686,24.23547],[121.27408,24.2356],[121.27349,24.23645],[121.27255,24.23609],[121.27072,24.23664],[121.26892,24.23792],[121.2685,24.23995],[121.26605,24.24094],[121.2664,24.24239],[121.26542,24.24567],[121.2615,24.24571],[121.25681,24.2444],[121.25417,24.24233],[121.2509,24.23736],[121.24713,24.22822],[121.245,24.22527],[121.24416,24.2225],[121.24074,24.22171],[121.23796,24.21971],[121.2359,24.22125],[121.23251,24.22231],[121.23041,24.22353],[121.23077,24.22605],[121.22834,24.22593],[121.22869,24.22493],[121.22834,24.22471],[121.22712,24.22563],[121.22164,24.22783],[121.21971,24.22924],[121.21827,24.22842],[121.21581,24.22535],[121.21267,24.22422],[121.20824,24.2217],[121.20467,24.22214],[121.20157,24.22164],[121.19843,24.22289],[121.19634,24.223],[121.19232,24.21904],[121.1918,24.21817],[121.19184,24.21691],[121.19125,24.21636],[121.18851,24.21492],[121.18519,24.21445],[121.18217,24.21214],[121.18146,24.21205],[121.17888,24.21361],[121.17768,24.21573],[121.17599,24.21713],[121.17349,24.22033],[121.16764,24.22539],[121.16666,24.22365],[121.16437,24.22179],[121.16407,24.21985],[121.16098,24.21518],[121.15843,24.21458],[121.15652,24.21474],[121.15143,24.21288],[121.14915,24.21319],[121.14782,24.21285],[121.14615,24.20892],[121.14309,24.20562],[121.14286,24.20259],[121.14137,24.19965],[121.13636,24.19634],[121.13228,24.1969],[121.12926,24.19605],[121.12721,24.19677],[121.12295,24.19603],[121.11875,24.19721],[121.1131,24.19687],[121.11132,24.19771],[121.10842,24.19801],[121.10554,24.19716],[121.1042,24.19596],[121.10169,24.19563],[121.10129,24.19471],[121.09633,24.19207],[121.09441,24.19015],[121.09399,24.18789],[121.09107,24.18482],[121.09135,24.18273],[121.08888,24.18058],[121.08712,24.17798],[121.08488,24.17592],[121.08102,24.17546],[121.0809,24.17471],[121.0791,24.17305],[121.07663,24.17171],[121.07525,24.17019],[121.07242,24.16987],[121.07016,24.16839],[121.0697,24.16736],[121.06634,24.16552],[121.06594,24.16439],[121.0646,24.16302],[121.06135,24.16325],[121.0594,24.16278],[121.05883,24.16032],[121.05795,24.15923],[121.05266,24.1548],[121.05175,24.15549],[121.05063,24.15827],[121.04743,24.16006],[121.04414,24.15966],[121.04291,24.15861],[121.03811,24.1582],[121.03577,24.15307],[121.0357,24.15091],[121.03333,24.14858],[121.03106,24.14922],[121.03122,24.15353],[121.03008,24.15506],[121.02977,24.15735],[121.02776,24.15956],[121.02736,24.15874],[121.0249,24.15797],[121.01954,24.15871],[121.01551,24.15601],[121.01336,24.15352],[121.01225,24.15332],[121.01184,24.1516],[121.01037,24.15012],[121.00971,24.1483],[121.00817,24.14704],[121.00707,24.14479],[121.00755,24.14378],[121.00681,24.14094],[121.0046,24.13765],[121.00325,24.13353],[121.00036,24.13228],[120.99955,24.12776],[120.99826,24.12671],[120.99642,24.12671],[120.99202,24.12525],[120.9916,24.1242],[120.99219,24.1222],[120.99202,24.12105],[120.98909,24.11877],[120.98535,24.12021],[120.98371,24.11916],[120.97928,24.11833],[120.97569,24.11687],[120.97522,24.11695],[120.97407,24.11928],[120.97116,24.12024],[120.96121,24.12015],[120.95634,24.12468],[120.95011,24.12786],[120.94945,24.12754],[120.94838,24.12494],[120.94395,24.12244],[120.93957,24.11828],[120.93496,24.11526],[120.93255,24.11258],[120.92715,24.11172],[120.92527,24.11053],[120.92213,24.10943],[120.91988,24.10744],[120.91455,24.10757],[120.91355,24.10893],[120.91121,24.10878],[120.90956,24.10923],[120.9072,24.1106],[120.90671,24.11265],[120.90489,24.11449],[120.8987,24.11556],[120.89619,24.11645],[120.89153,24.11591],[120.89055,24.11517],[120.89024,24.11355],[120.89167,24.11176],[120.89417,24.11074],[120.89369,24.10866],[120.89425,24.10685],[120.89109,24.10203],[120.89133,24.0978],[120.88954,24.09642],[120.88587,24.09541],[120.88495,24.09301],[120.883,24.09047],[120.88201,24.08832],[120.88032,24.08858],[120.88038,24.08788],[120.87866,24.08521],[120.87802,24.08503],[120.87815,24.08623],[120.87686,24.09119],[120.87811,24.09324],[120.87909,24.09825],[120.8815,24.10058],[120.88044,24.10321],[120.88089,24.10394],[120.88014,24.10429],[120.88026,24.10531],[120.87931,24.10594],[120.87887,24.10772],[120.87914,24.1093],[120.87752,24.10987],[120.87531,24.11281],[120.87413,24.11353],[120.87395,24.11516],[120.87273,24.11597],[120.87245,24.11684],[120.86959,24.1171],[120.86887,24.1176],[120.86736,24.11629],[120.86443,24.11537],[120.8586,24.11621],[120.85721,24.1173],[120.85713,24.11937],[120.85636,24.12004],[120.85621,24.12148],[120.85387,24.12451],[120.85058,24.12456],[120.84839,24.1238],[120.84485,24.12453],[120.84258,24.12256],[120.84211,24.12067],[120.83865,24.11907],[120.83769,24.11779],[120.83628,24.11695],[120.83552,24.1143],[120.83447,24.11296],[120.83455,24.11062],[120.83406,24.10934],[120.83451,24.10761],[120.83235,24.10442],[120.83098,24.10363],[120.83029,24.1025],[120.83241,24.09964],[120.83249,24.09875],[120.83163,24.09689],[120.8299,24.09496],[120.82866,24.09468],[120.82837,24.09395],[120.82856,24.09046],[120.82809,24.0869],[120.82891,24.08355],[120.82826,24.07817],[120.8293,24.07151],[120.82595,24.07123],[120.82336,24.07056],[120.82243,24.06982],[120.82066,24.06979],[120.81925,24.06846],[120.81635,24.06846],[120.81446,24.0699],[120.81369,24.06855],[120.81256,24.06772],[120.81187,24.06607],[120.80913,24.06625],[120.80782,24.06521],[120.80688,24.064],[120.80728,24.06281],[120.80667,24.06107],[120.80488,24.05914],[120.80431,24.05727],[120.80329,24.05626],[120.80369,24.05354],[120.80342,24.05236],[120.80271,24.05169],[120.80088,24.05138],[120.80141,24.0505],[120.80065,24.04865],[120.79659,24.04281],[120.79749,24.04184],[120.79736,24.0411],[120.7953,24.03955],[120.79429,24.0376],[120.79169,24.03526],[120.79152,24.03354],[120.7929,24.03243],[120.79174,24.03178],[120.79154,24.03067],[120.78947,24.03123],[120.7862,24.02936],[120.78547,24.02863],[120.78588,24.02794],[120.78471,24.02751],[120.78502,24.02558],[120.78461,24.02404],[120.78313,24.02478],[120.78292,24.02367],[120.77986,24.02125],[120.77965,24.02015],[120.77635,24.01933],[120.7752,24.01855],[120.7735,24.01593],[120.77116,24.014],[120.77115,24.0115],[120.77036,24.0106],[120.77098,24.00977],[120.77056,24.00907],[120.76778,24.00915],[120.76267,24.00626],[120.75982,24.00647],[120.75797,24.00609],[120.75756,24.0049],[120.75618,24.00452],[120.7559,24.00353],[120.7545,24.0034],[120.75432,24.00271],[120.75325,24.00234],[120.75104,24.00283],[120.74874,24.00101],[120.74773,23.99925],[120.74604,23.99856],[120.74365,24.00217],[120.73173,24.009],[120.71924,24.00966],[120.70638,24.00519],[120.69488,24.00712],[120.686,24.01047],[120.67876,24.01422],[120.67599,24.01071],[120.67457,24.01045],[120.67418,24.01082],[120.67257,24.01024],[120.67071,24.01063],[120.67009,24.00996],[120.67207,24.0094],[120.6737,24.00808],[120.67258,24.00585],[120.67171,24.00648],[120.67036,24.00629],[120.66758,24.00691],[120.66616,24.00774],[120.66359,24.0081],[120.65099,24.0085],[120.64942,24.00808],[120.64732,24.00842],[120.64602,24.00916],[120.64339,24.00831],[120.64247,24.00896],[120.64148,24.00806],[120.64035,24.00573],[120.63809,24.0074],[120.6382,24.00376],[120.63612,23.99841],[120.63659,23.99498],[120.63778,23.99357],[120.64533,23.98962],[120.64986,23.98529],[120.65018,23.9837],[120.64632,23.97327],[120.64696,23.97153],[120.64687,23.96342],[120.64422,23.96208],[120.64266,23.95827],[120.63776,23.95349],[120.63541,23.95225],[120.63434,23.954],[120.63149,23.9556],[120.63113,23.9563],[120.62698,23.95644],[120.62699,23.9556],[120.62778,23.95585],[120.62809,23.95536],[120.62981,23.95521],[120.6294,23.95456],[120.63228,23.9546],[120.63385,23.95336],[120.63407,23.95226],[120.63156,23.95348],[120.62938,23.95212],[120.62802,23.95266],[120.62759,23.95177],[120.63466,23.94371],[120.63337,23.94288],[120.63083,23.9448],[120.63017,23.94428],[120.63072,23.9438],[120.63016,23.94296],[120.63639,23.93772],[120.63766,23.93543],[120.63685,23.93576],[120.63549,23.93744],[120.63381,23.93588],[120.63278,23.93564],[120.63214,23.93287],[120.63094,23.93215],[120.63041,23.93259],[120.62972,23.93117],[120.62783,23.93117],[120.62915,23.92971],[120.63098,23.92934],[120.63138,23.92873],[120.63196,23.92892],[120.63179,23.92832],[120.63275,23.92839],[120.63377,23.92722],[120.63314,23.9266],[120.6355,23.92624],[120.63741,23.92408],[120.63694,23.92346],[120.63719,23.9218],[120.63532,23.92166],[120.63655,23.92009],[120.63646,23.91937],[120.63497,23.92009],[120.63477,23.91925],[120.63353,23.91954],[120.6347,23.91886],[120.63509,23.9179],[120.6339,23.91781],[120.63438,23.91695],[120.63415,23.9162],[120.63327,23.916],[120.63405,23.91558],[120.63334,23.91518],[120.63471,23.91312],[120.63314,23.91424],[120.63297,23.91332],[120.63356,23.91243],[120.63254,23.91251],[120.63337,23.91176],[120.6326,23.91151],[120.6326,23.91088],[120.62981,23.91118],[120.6294,23.91081],[120.62995,23.91034],[120.63177,23.91045],[120.63301,23.9096],[120.63169,23.90928],[120.63155,23.90866],[120.63051,23.90863],[120.63067,23.90821],[120.63185,23.90841],[120.63422,23.90767],[120.63329,23.90724],[120.63328,23.90618],[120.63213,23.90675],[120.63265,23.90579],[120.63217,23.90534],[120.63259,23.90483],[120.6322,23.90435],[120.63303,23.90421],[120.63216,23.90338],[120.63137,23.90343],[120.63157,23.90282],[120.63308,23.9029],[120.63403,23.90164],[120.63498,23.90139],[120.63371,23.90037],[120.63381,23.89964],[120.63444,23.89955],[120.63506,23.8986],[120.63486,23.89782],[120.63405,23.8977],[120.63436,23.89675],[120.63294,23.89672],[120.63276,23.89627],[120.63314,23.89557],[120.63418,23.89524],[120.63423,23.89438],[120.63376,23.89409],[120.63441,23.89355],[120.63314,23.8932],[120.63224,23.89216],[120.6341,23.89183],[120.63227,23.89043],[120.63271,23.88976],[120.63212,23.88943],[120.63047,23.88981],[120.62731,23.8895],[120.62929,23.88911]]]]}},{"type":"Feature","properties":{"county":"花蓮縣"},"geometry":{"type":"MultiPolygon","coordinates":[[[[121.37714,23.2835],[121.37732,23.28748],[121.37649,23.28908],[121.37716,23.29135],[121.37628,23.29572],[121.37803,23.29859],[121.37785,23.30094],[121.38035,23.30419],[121.38209,23.30544],[121.38379,23.30813],[121.38785,23.31064],[121.38796,23.31203],[121.38907,23.31357],[121.38897,23.31468],[121.3901,23.31583],[121.39025,23.32062],[121.39214,23.32171],[121.39767,23.32167],[121.39994,23.32318],[121.39961,23.32659],[121.4006,23.32838],[121.40114,23.33158],[121.40207,23.33388],[121.40384,23.33721],[121.40643,23.33956],[121.40688,23.34141],[121.40837,23.34272],[121.40971,23.3459],[121.41402,23.34745],[121.41672,23.34934],[121.41835,23.35219],[121.4221,23.35487],[121.42253,23.3557],[121.42288,23.35999],[121.41791,23.36059],[121.41725,23.36167],[121.41596,23.36174],[121.41319,23.36385],[121.4101,23.3649],[121.40757,23.36464],[121.40437,23.36735],[121.40485,23.36914],[121.40389,23.3722],[121.40363,23.37581],[121.39992,23.3856],[121.40123,23.38857],[121.40361,23.38941],[121.40371,23.39041],[121.40675,23.3936],[121.40781,23.39585],[121.40937,23.39722],[121.41249,23.40236],[121.4132,23.40522],[121.41568,23.40819],[121.41626,23.41006],[121.41758,23.41196],[121.41721,23.41258],[121.41849,23.41387],[121.41836,23.4157],[121.41997,23.4169],[121.41957,23.41942],[121.42022,23.42058],[121.42572,23.42486],[121.42546,23.42602],[121.42877,23.4293],[121.43313,23.43174],[121.4334,23.43287],[121.43826,23.43327],[121.43923,23.43261],[121.44064,23.43367],[121.44209,23.43685],[121.4442,23.43871],[121.44435,23.44094],[121.44586,23.44335],[121.44709,23.4438],[121.44834,23.44291],[121.45107,23.44314],[121.45235,23.44175],[121.45442,23.44114],[121.4571,23.44221],[121.46158,23.44154],[121.46204,23.43955],[121.46344,23.43887],[121.46392,23.43955],[121.46712,23.4398],[121.47057,23.44077],[121.47331,23.44062],[121.47435,23.43947],[121.47521,23.43727],[121.47758,23.43486],[121.4798,23.43118],[121.48245,23.43017],[121.48459,23.43088],[121.48703,23.43361],[121.48881,23.43404],[121.4905,23.43526],[121.49105,23.43532],[121.49195,23.43444],[121.49414,23.43533],[121.49609,23.43483],[121.49978,23.45599],[121.5017,23.45995],[121.50374,23.46761],[121.50545,23.47017],[121.50809,23.47172],[121.50971,23.47944],[121.51258,23.48245],[121.51285,23.48624],[121.51395,23.48716],[121.51283,23.49129],[121.51106,23.49239],[121.50959,23.49224],[121.50772,23.49124],[121.50626,23.50025],[121.5062,23.50523],[121.50497,23.50548],[121.50501,23.50682],[121.50441,23.50736],[121.50481,23.50755],[121.50442,23.50843],[121.50508,23.50868],[121.50473,23.50893],[121.50542,23.50973],[121.50493,23.51021],[121.50571,23.5113],[121.50502,23.51184],[121.50503,23.51403],[121.50357,23.51745],[121.50395,23.51791],[121.50346,23.52019],[121.50449,23.52248],[121.50537,23.5294],[121.50803,23.5315],[121.50791,23.53312],[121.50697,23.53466],[121.50807,23.53715],[121.5086,23.54113],[121.51134,23.55149],[121.51859,23.56346],[121.52007,23.56546],[121.52201,23.56706],[121.52308,23.57159],[121.52629,23.57639],[121.52665,23.57833],[121.52611,23.58242],[121.53007,23.59717],[121.52947,23.59779],[121.53049,23.60181],[121.52998,23.60308],[121.52981,23.60907],[121.53105,23.61839],[121.53123,23.62647],[121.53352,23.63442],[121.53527,23.64366],[121.53659,23.64719],[121.53989,23.65158],[121.54277,23.65256],[121.54339,23.65334],[121.54376,23.65601],[121.54198,23.65805],[121.541,23.66053],[121.54174,23.6619],[121.54351,23.66254],[121.54536,23.66457],[121.54532,23.66855],[121.54669,23.6731],[121.54588,23.67504],[121.54904,23.68405],[121.55049,23.68985],[121.55069,23.69245],[121.55166,23.6939],[121.5521,23.69578],[121.55296,23.69637],[121.55336,23.69835],[121.55294,23.69939],[121.55129,23.69979],[121.55066,23.70045],[121.54986,23.70295],[121.54929,23.71178],[121.54989,23.71656],[121.55163,23.72021],[121.55224,23.72274],[121.55368,23.72441],[121.5561,23.72505],[121.55655,23.7248],[121.55892,23.72879],[121.55924,23.72862],[121.5602,23.72953],[121.56009,23.73079],[121.56114,23.73334],[121.56323,23.73591],[121.56385,23.73903],[121.56566,23.74044],[121.56702,23.74262],[121.56789,23.74478],[121.56747,23.7466],[121.5683,23.74687],[121.56981,23.74946],[121.57052,23.75232],[121.57177,23.75487],[121.57159,23.75584],[121.57245,23.75661],[121.57314,23.76235],[121.57208,23.76258],[121.57126,23.76613],[121.57081,23.78238],[121.5721,23.7912],[121.5724,23.79793],[121.57388,23.80424],[121.57653,23.81091],[121.58126,23.816],[121.5834,23.81983],[121.58521,23.82591],[121.58543,23.8285],[121.58739,23.83114],[121.58959,23.83736],[121.59187,23.84058],[121.59392,23.84459],[121.5949,23.84854],[121.59659,23.85218],[121.59709,23.85487],[121.59824,23.85702],[121.59961,23.86372],[121.59981,23.86758],[121.60041,23.86864],[121.60255,23.87798],[121.60497,23.89366],[121.60569,23.89941],[121.60489,23.90413],[121.60493,23.90817],[121.60602,23.91591],[121.60702,23.91956],[121.60914,23.92362],[121.60996,23.93037],[121.61152,23.9318],[121.61187,23.93333],[121.61046,23.94204],[121.60906,23.9463],[121.60981,23.94809],[121.60776,23.9494],[121.60691,23.95274],[121.60782,23.9599],[121.60918,23.96255],[121.61318,23.96809],[121.61584,23.97321],[121.61912,23.97624],[121.62219,23.97787],[121.62455,23.97624],[121.6266,23.97377],[121.62828,23.96947],[121.635,23.97982],[121.63483,23.98464],[121.63956,23.99541],[121.64141,23.99897],[121.64212,23.99978],[121.64252,23.99958],[121.64137,23.99733],[121.64315,23.99959],[121.64449,24.00306],[121.64747,24.00703],[121.64792,24.00895],[121.64581,24.01505],[121.64367,24.01939],[121.63618,24.02414],[121.62988,24.03113],[121.62429,24.04085],[121.61919,24.05223],[121.61651,24.06131],[121.61567,24.0701],[121.61593,24.07724],[121.61746,24.0837],[121.61931,24.08801],[121.61913,24.08958],[121.62101,24.09328],[121.62218,24.09376],[121.62641,24.1003],[121.63172,24.10599],[121.63567,24.1088],[121.64515,24.11375],[121.65374,24.12],[121.65531,24.12186],[121.65826,24.12698],[121.66236,24.13186],[121.66376,24.13452],[121.66514,24.14052],[121.66422,24.15543],[121.65997,24.16366],[121.65913,24.16643],[121.65848,24.17188],[121.65908,24.18104],[121.66028,24.18577],[121.66332,24.19414],[121.66606,24.19783],[121.66918,24.2002],[121.67217,24.20579],[121.67395,24.20756],[121.67784,24.20893],[121.68373,24.21209],[121.68489,24.21224],[121.6899,24.21649],[121.69172,24.21697],[121.69628,24.22072],[121.70127,24.22268],[121.70613,24.22561],[121.71107,24.23568],[121.71559,24.24167],[121.71939,24.24381],[121.72284,24.24371],[121.7283,24.2457],[121.73007,24.24776],[121.73108,24.24807],[121.73818,24.25588],[121.74307,24.25963],[121.74431,24.262],[121.74731,24.27754],[121.75058,24.28441],[121.75357,24.28824],[121.76123,24.29575],[121.76954,24.3027],[121.77301,24.30876],[121.77407,24.31527],[121.77272,24.31363],[121.77085,24.31315],[121.75962,24.31406],[121.75524,24.31627],[121.75317,24.31794],[121.74474,24.32285],[121.74006,24.32356],[121.73518,24.32307],[121.72796,24.32596],[121.72346,24.32548],[121.71332,24.32694],[121.70557,24.32945],[121.69766,24.33411],[121.69538,24.33478],[121.69361,24.33485],[121.69048,24.33379],[121.68847,24.33362],[121.68736,24.33464],[121.68698,24.33875],[121.68558,24.34073],[121.68385,24.34073],[121.67701,24.33758],[121.67484,24.33777],[121.67349,24.33998],[121.67398,24.3434],[121.67309,24.34381],[121.6701,24.34282],[121.66911,24.3431],[121.66785,24.34464],[121.66674,24.34725],[121.66484,24.34815],[121.6639,24.34917],[121.66313,24.35289],[121.66137,24.35301],[121.66124,24.35179],[121.66001,24.35115],[121.65866,24.35128],[121.65754,24.35285],[121.65665,24.35325],[121.65351,24.35219],[121.65365,24.35611],[121.65048,24.35989],[121.64946,24.35966],[121.64785,24.35772],[121.6481,24.35653],[121.65003,24.35487],[121.65072,24.35093],[121.6503,24.3495],[121.64971,24.34919],[121.64876,24.34951],[121.6466,24.35191],[121.64472,24.35264],[121.64228,24.35609],[121.64047,24.35717],[121.64003,24.35826],[121.64037,24.35939],[121.63867,24.36092],[121.63834,24.36232],[121.63728,24.36314],[121.63503,24.36372],[121.635,24.36634],[121.63448,24.36661],[121.63196,24.36593],[121.63062,24.36642],[121.63056,24.36748],[121.63187,24.36977],[121.63128,24.37049],[121.62589,24.36912],[121.62355,24.36735],[121.62188,24.36676],[121.62038,24.36321],[121.62076,24.36255],[121.62357,24.36234],[121.62339,24.36161],[121.62152,24.35991],[121.6212,24.35811],[121.62228,24.35668],[121.62677,24.35433],[121.62728,24.35168],[121.62685,24.34953],[121.62945,24.34944],[121.63046,24.34822],[121.63223,24.34922],[121.63324,24.34917],[121.63494,24.34851],[121.63552,24.34762],[121.63593,24.34611],[121.6353,24.34482],[121.63401,24.34438],[121.63195,24.3445],[121.63137,24.34398],[121.63157,24.3423],[121.63238,24.34157],[121.63298,24.3399],[121.63265,24.33747],[121.63317,24.33568],[121.6328,24.33475],[121.63002,24.3336],[121.62864,24.33369],[121.62669,24.33563],[121.62808,24.33871],[121.62748,24.34112],[121.62513,24.33985],[121.62278,24.33947],[121.62062,24.34487],[121.61921,24.34548],[121.61792,24.34439],[121.61614,24.33813],[121.61632,24.33704],[121.61813,24.3364],[121.61866,24.33574],[121.61859,24.33463],[121.61754,24.33365],[121.61523,24.3333],[121.61316,24.33555],[121.61221,24.33589],[121.60792,24.33542],[121.60654,24.33273],[121.60646,24.33006],[121.60447,24.32901],[121.60306,24.32931],[121.60072,24.33086],[121.59923,24.33353],[121.59698,24.33347],[121.59575,24.33162],[121.59588,24.32951],[121.59657,24.32814],[121.59863,24.32654],[121.59888,24.32528],[121.60133,24.32328],[121.6011,24.32058],[121.60464,24.31827],[121.60523,24.31728],[121.60515,24.31541],[121.60702,24.31264],[121.6066,24.31069],[121.60575,24.30942],[121.60314,24.31317],[121.60192,24.31415],[121.59719,24.31629],[121.59376,24.31641],[121.58949,24.3138],[121.58752,24.31606],[121.58426,24.31669],[121.58236,24.3178],[121.57884,24.31803],[121.57585,24.31967],[121.57365,24.31939],[121.57185,24.31819],[121.5699,24.31794],[121.56883,24.31814],[121.56767,24.31918],[121.56637,24.31918],[121.56333,24.32223],[121.56009,24.32264],[121.55949,24.32315],[121.55774,24.326],[121.55703,24.3295],[121.55592,24.33129],[121.55277,24.3328],[121.54862,24.33623],[121.54499,24.33777],[121.54262,24.33715],[121.54054,24.33591],[121.53845,24.33613],[121.53572,24.33737],[121.53313,24.33709],[121.53055,24.33876],[121.52775,24.33915],[121.52514,24.34247],[121.52216,24.34302],[121.52044,24.34259],[121.51799,24.341],[121.51544,24.34181],[121.51357,24.34081],[121.50968,24.3412],[121.50781,24.34323],[121.50438,24.34293],[121.50134,24.34114],[121.49979,24.33953],[121.49812,24.33923],[121.49237,24.34199],[121.49076,24.34407],[121.48744,24.34606],[121.48537,24.34846],[121.48138,24.34893],[121.47887,24.35188],[121.47526,24.35126],[121.473,24.35269],[121.4654,24.35531],[121.46341,24.35703],[121.46092,24.35811],[121.45429,24.36364],[121.45201,24.36468],[121.45139,24.3644],[121.44866,24.36278],[121.44727,24.35954],[121.44158,24.35859],[121.44059,24.35695],[121.43994,24.35452],[121.43779,24.35205],[121.43646,24.34844],[121.43563,24.34758],[121.43625,24.34521],[121.43778,24.34222],[121.43561,24.34026],[121.43431,24.33827],[121.43248,24.32986],[121.43337,24.32682],[121.43449,24.32558],[121.43495,24.32256],[121.43461,24.32177],[121.43375,24.32102],[121.43164,24.32048],[121.42849,24.31736],[121.4261,24.31397],[121.42323,24.30822],[121.42201,24.30753],[121.41928,24.30786],[121.41683,24.30918],[121.41144,24.30726],[121.4051,24.30825],[121.40474,24.30748],[121.40486,24.30398],[121.40324,24.29797],[121.40345,24.29688],[121.39723,24.29053],[121.39658,24.28874],[121.39541,24.28814],[121.39352,24.28823],[121.39074,24.28969],[121.38963,24.28726],[121.38724,24.28471],[121.3823,24.28162],[121.38055,24.27976],[121.38216,24.27618],[121.38327,24.26798],[121.38566,24.26415],[121.3852,24.26183],[121.3858,24.25805],[121.38506,24.25499],[121.3838,24.25495],[121.37842,24.25282],[121.37282,24.25414],[121.3699,24.25254],[121.36702,24.25217],[121.36442,24.24727],[121.36067,24.24394],[121.35854,24.2436],[121.35599,24.24463],[121.35253,24.24376],[121.35323,24.23951],[121.35251,24.235],[121.35174,24.23379],[121.34918,24.23181],[121.3484,24.22999],[121.34302,24.22355],[121.34787,24.21258],[121.34938,24.21044],[121.34833,24.20719],[121.34931,24.20373],[121.3497,24.20077],[121.3494,24.19973],[121.34509,24.19995],[121.34376,24.19914],[121.34086,24.19846],[121.33825,24.19924],[121.33581,24.19911],[121.3307,24.19776],[121.32825,24.19646],[121.32562,24.19612],[121.32418,24.19467],[121.32291,24.19188],[121.31992,24.19124],[121.31737,24.18811],[121.31579,24.18517],[121.31103,24.18325],[121.30708,24.18033],[121.29879,24.18009],[121.29645,24.17832],[121.29299,24.1772],[121.28718,24.1777],[121.2862,24.17736],[121.28622,24.17603],[121.28784,24.17246],[121.28835,24.15774],[121.2878,24.15721],[121.2862,24.15708],[121.28198,24.15819],[121.28033,24.15787],[121.28103,24.15449],[121.28346,24.1537],[121.28468,24.15229],[121.28422,24.14585],[121.28209,24.13969],[121.28137,24.13587],[121.28481,24.13471],[121.29586,24.13244],[121.29669,24.13114],[121.29983,24.12921],[121.30354,24.12458],[121.31163,24.12019],[121.31411,24.11834],[121.31566,24.11649],[121.325,24.11608],[121.3285,24.11441],[121.32817,24.11164],[121.32693,24.11026],[121.32629,24.1083],[121.32647,24.106],[121.32566,24.10246],[121.32233,24.09949],[121.31895,24.09501],[121.31919,24.09277],[121.32115,24.08887],[121.3233,24.08654],[121.32313,24.08494],[121.31793,24.0797],[121.31422,24.07765],[121.30819,24.07331],[121.30644,24.07087],[121.30606,24.0695],[121.30233,24.06635],[121.29989,24.06217],[121.29864,24.06169],[121.29554,24.06378],[121.29355,24.06169],[121.29052,24.06034],[121.28943,24.05889],[121.28815,24.0589],[121.28647,24.05796],[121.28482,24.05533],[121.28321,24.05427],[121.28261,24.05128],[121.28498,24.04857],[121.28491,24.04667],[121.28563,24.04495],[121.28566,24.03953],[121.28243,24.03469],[121.28186,24.03215],[121.28018,24.0306],[121.27866,24.02682],[121.27661,24.02461],[121.27632,24.02015],[121.27396,24.01628],[121.27379,24.01517],[121.27179,24.01312],[121.27138,24.01138],[121.27031,24.01002],[121.26956,24.00789],[121.27005,24.00671],[121.26709,24.00261],[121.26557,24.00125],[121.26494,23.99936],[121.26125,23.99446],[121.26004,23.99208],[121.25995,23.99024],[121.26114,23.98723],[121.26143,23.9818],[121.26423,23.97598],[121.26512,23.97532],[121.27357,23.97525],[121.27508,23.97187],[121.27562,23.96836],[121.27795,23.96558],[121.27626,23.96341],[121.27517,23.9601],[121.27582,23.95586],[121.27471,23.95145],[121.27175,23.9485],[121.27285,23.94662],[121.27433,23.94564],[121.27353,23.94414],[121.27396,23.94158],[121.27206,23.93835],[121.27386,23.93622],[121.27375,23.93375],[121.27485,23.93154],[121.27479,23.93038],[121.27341,23.92849],[121.27651,23.92316],[121.27507,23.91858],[121.27524,23.91743],[121.2763,23.91622],[121.27544,23.9147],[121.27538,23.91205],[121.27608,23.90986],[121.27445,23.90732],[121.27043,23.9065],[121.26627,23.90727],[121.26526,23.90593],[121.26272,23.90433],[121.26106,23.9026],[121.2627,23.90014],[121.26244,23.89908],[121.26654,23.89841],[121.2652,23.89688],[121.26605,23.89405],[121.26551,23.89124],[121.26741,23.889],[121.26758,23.88605],[121.26836,23.88495],[121.26846,23.8839],[121.26809,23.88336],[121.26532,23.88303],[121.26318,23.88077],[121.26314,23.87863],[121.26421,23.87662],[121.26525,23.87291],[121.26167,23.87228],[121.25809,23.87249],[121.25694,23.86946],[121.25318,23.86809],[121.25267,23.86536],[121.25292,23.86296],[121.25214,23.8613],[121.25057,23.86102],[121.24997,23.85982],[121.25022,23.85678],[121.24948,23.85456],[121.24868,23.85366],[121.24892,23.85213],[121.24452,23.84891],[121.24383,23.84754],[121.24406,23.84624],[121.24348,23.84498],[121.23942,23.84042],[121.23913,23.83635],[121.23773,23.83249],[121.23811,23.82963],[121.23668,23.82521],[121.23715,23.82351],[121.23913,23.82186],[121.23787,23.82138],[121.23477,23.81794],[121.23446,23.812],[121.23213,23.81036],[121.23033,23.81016],[121.22926,23.80883],[121.22754,23.80854],[121.22791,23.80533],[121.22669,23.80474],[121.22617,23.80293],[121.22551,23.79823],[121.22658,23.79609],[121.22662,23.79244],[121.22727,23.79109],[121.23045,23.79014],[121.2304,23.78797],[121.22835,23.78522],[121.22629,23.78367],[121.22365,23.7824],[121.21955,23.7818],[121.21842,23.77983],[121.21297,23.77691],[121.21219,23.77569],[121.20868,23.77593],[121.20697,23.7751],[121.20676,23.77374],[121.20601,23.77265],[121.20465,23.7724],[121.20675,23.76724],[121.20867,23.76585],[121.20648,23.76264],[121.21097,23.76111],[121.2134,23.75747],[121.2173,23.75701],[121.21864,23.75638],[121.22148,23.75272],[121.22321,23.75268],[121.22523,23.75178],[121.22843,23.75186],[121.22931,23.75227],[121.23066,23.751],[121.23252,23.7506],[121.23332,23.7482],[121.23008,23.74718],[121.22885,23.74452],[121.22892,23.73988],[121.22843,23.73614],[121.2298,23.73271],[121.22964,23.73019],[121.23227,23.72953],[121.23311,23.73013],[121.23357,23.72783],[121.23577,23.72464],[121.23946,23.72415],[121.23779,23.72007],[121.23955,23.7161],[121.23885,23.71352],[121.23927,23.71096],[121.24121,23.70873],[121.24098,23.7051],[121.23935,23.69978],[121.24121,23.69846],[121.23937,23.69469],[121.23943,23.68697],[121.23752,23.68529],[121.23613,23.68249],[121.23428,23.68096],[121.2324,23.67704],[121.23478,23.67359],[121.23596,23.67077],[121.23584,23.66252],[121.2352,23.66111],[121.23416,23.66051],[121.23193,23.65788],[121.23159,23.65494],[121.23069,23.65355],[121.23123,23.65156],[121.23046,23.65019],[121.23025,23.64799],[121.22771,23.64518],[121.22412,23.63885],[121.22401,23.63293],[121.22499,23.62877],[121.2238,23.62358],[121.22139,23.62022],[121.21995,23.61693],[121.21732,23.6147],[121.21594,23.60727],[121.21451,23.60491],[121.21341,23.60037],[121.21002,23.59863],[121.20813,23.59824],[121.20658,23.59587],[121.20297,23.59607],[121.20173,23.59679],[121.20013,23.5964],[121.19417,23.6006],[121.1903,23.59719],[121.18941,23.59481],[121.18347,23.59316],[121.18204,23.59094],[121.17973,23.59003],[121.18001,23.58746],[121.17883,23.58312],[121.17804,23.58264],[121.17688,23.58269],[121.17501,23.58382],[121.1714,23.58414],[121.16987,23.58632],[121.16675,23.58714],[121.16051,23.58704],[121.15819,23.58573],[121.15557,23.58705],[121.15339,23.58678],[121.15239,23.58411],[121.15198,23.58127],[121.15215,23.57316],[121.1536,23.57153],[121.15511,23.57086],[121.15842,23.5698],[121.16035,23.56976],[121.16034,23.56783],[121.15802,23.56405],[121.15714,23.55956],[121.15533,23.56003],[121.15335,23.55989],[121.15188,23.56047],[121.14995,23.55735],[121.14803,23.55658],[121.14612,23.55437],[121.14805,23.5524],[121.15106,23.54518],[121.15104,23.54437],[121.14845,23.53953],[121.14808,23.53567],[121.14688,23.53411],[121.1501,23.53002],[121.1511,23.52705],[121.15076,23.52653],[121.14717,23.52725],[121.1444,23.5256],[121.14272,23.52382],[121.13864,23.52094],[121.13664,23.51802],[121.13526,23.51496],[121.13236,23.51505],[121.13113,23.51748],[121.12879,23.5185],[121.12635,23.51705],[121.12045,23.521],[121.1177,23.52164],[121.11658,23.52137],[121.11549,23.52023],[121.1108,23.51906],[121.10704,23.51946],[121.10367,23.51893],[121.10222,23.51969],[121.10102,23.52125],[121.09736,23.52165],[121.09327,23.51778],[121.09185,23.51452],[121.08811,23.51405],[121.08307,23.51463],[121.07538,23.51733],[121.06846,23.51845],[121.06876,23.51477],[121.0661,23.50797],[121.06614,23.50631],[121.06298,23.50384],[121.06288,23.50155],[121.06217,23.49954],[121.05844,23.49739],[121.05725,23.49619],[121.0551,23.49613],[121.0541,23.4956],[121.05279,23.49357],[121.05415,23.4899],[121.05361,23.48783],[121.05262,23.48713],[121.05012,23.48653],[121.04855,23.48242],[121.04735,23.48218],[121.04692,23.4814],[121.04497,23.48054],[121.04309,23.47805],[121.0389,23.47408],[121.03952,23.47316],[121.0426,23.47188],[121.04441,23.47012],[121.04965,23.46783],[121.05131,23.46431],[121.05412,23.46376],[121.05566,23.46269],[121.05893,23.46194],[121.05835,23.46028],[121.05591,23.45928],[121.05453,23.45738],[121.05324,23.45544],[121.05332,23.45337],[121.05182,23.4508],[121.04646,23.45087],[121.04396,23.44896],[121.0397,23.44786],[121.03754,23.44646],[121.03365,23.44551],[121.03376,23.44418],[121.03314,23.44332],[121.03142,23.44221],[121.02866,23.44161],[121.02652,23.43915],[121.02203,23.439],[121.01958,23.43643],[121.01501,23.43532],[121.01392,23.43378],[121.01293,23.43324],[121.01416,23.43093],[121.01659,23.43097],[121.02094,23.42951],[121.02235,23.42736],[121.02253,23.4249],[121.0258,23.42422],[121.02934,23.42263],[121.02938,23.42024],[121.02774,23.41625],[121.02661,23.41524],[121.02491,23.4146],[121.02708,23.41278],[121.02687,23.41184],[121.02741,23.40941],[121.02665,23.40604],[121.02835,23.40376],[121.02583,23.40286],[121.02355,23.40086],[121.02175,23.39997],[121.02115,23.4008],[121.01924,23.40152],[121.01464,23.39658],[121.01174,23.39591],[121.01046,23.3951],[121.00879,23.39555],[121.00803,23.3966],[121.00643,23.39656],[121.00321,23.39479],[121.00113,23.39175],[121.00407,23.38864],[121.00739,23.38703],[121.0078,23.38633],[121.00772,23.38466],[121.00531,23.38339],[120.99987,23.38221],[120.99933,23.38114],[120.99761,23.37997],[120.99389,23.37594],[120.99155,23.37174],[120.99008,23.37091],[120.98796,23.37057],[120.98689,23.36631],[120.98656,23.36342],[120.9871,23.35873],[120.99466,23.35637],[120.99883,23.35675],[121.00079,23.35619],[121.00757,23.35203],[121.00807,23.35064],[121.00754,23.34918],[121.00884,23.3471],[121.0104,23.34581],[121.01519,23.34634],[121.01773,23.3483],[121.01811,23.35013],[121.02005,23.35038],[121.02236,23.34813],[121.02239,23.34609],[121.02432,23.34073],[121.02678,23.33781],[121.02822,23.33719],[121.03091,23.33703],[121.03252,23.33407],[121.03571,23.33375],[121.0369,23.33315],[121.03942,23.32913],[121.04167,23.32803],[121.04513,23.32772],[121.04878,23.32531],[121.04878,23.32291],[121.04716,23.32001],[121.04804,23.31378],[121.04668,23.31146],[121.04628,23.30868],[121.04456,23.30759],[121.04197,23.30718],[121.03643,23.3038],[121.03428,23.30421],[121.03208,23.30379],[121.03137,23.30043],[121.0299,23.29837],[121.02832,23.29712],[121.03219,23.29835],[121.03459,23.29978],[121.03673,23.29985],[121.0389,23.30065],[121.04155,23.29745],[121.04307,23.29631],[121.04816,23.29474],[121.05239,23.29157],[121.05473,23.29113],[121.05632,23.2903],[121.05727,23.28761],[121.05945,23.28615],[121.0599,23.28331],[121.06207,23.27941],[121.06067,23.27674],[121.06072,23.27303],[121.06181,23.27186],[121.06147,23.27098],[121.06199,23.26938],[121.06289,23.26888],[121.06185,23.26802],[121.06242,23.26584],[121.06419,23.26308],[121.06484,23.26119],[121.06454,23.26072],[121.06504,23.2593],[121.06568,23.25898],[121.06586,23.25755],[121.06923,23.25518],[121.0701,23.25231],[121.06986,23.24932],[121.07102,23.24685],[121.07401,23.24441],[121.07845,23.23758],[121.07795,23.23422],[121.079,23.23283],[121.07935,23.23265],[121.08111,23.2338],[121.08364,23.23296],[121.08654,23.23385],[121.09284,23.23382],[121.09385,23.23318],[121.09638,23.22965],[121.09886,23.22806],[121.10363,23.22696],[121.10565,23.22415],[121.10845,23.22349],[121.11469,23.22496],[121.11948,23.22454],[121.12089,23.22504],[121.1234,23.22508],[121.12553,23.22489],[121.1294,23.2233],[121.13151,23.21953],[121.13239,23.21549],[121.13452,23.21126],[121.13809,23.20809],[121.13936,23.20191],[121.14735,23.19901],[121.15006,23.19856],[121.1547,23.19915],[121.16091,23.20596],[121.16866,23.20765],[121.1699,23.20707],[121.17563,23.21019],[121.17936,23.20864],[121.18439,23.20491],[121.18645,23.20477],[121.1895,23.20372],[121.19103,23.2021],[121.192,23.19792],[121.19421,23.19289],[121.19825,23.18844],[121.19796,23.18555],[121.19922,23.18205],[121.19977,23.17829],[121.19917,23.17509],[121.20364,23.16878],[121.20568,23.16687],[121.20559,23.16458],[121.20649,23.16281],[121.2103,23.1599],[121.21249,23.15493],[121.21175,23.15367],[121.21064,23.14806],[121.21205,23.14533],[121.21195,23.14423],[121.21456,23.1439],[121.21927,23.14234],[121.22489,23.13988],[121.23093,23.13925],[121.23321,23.13664],[121.23464,23.13339],[121.23772,23.13021],[121.23845,23.12874],[121.24231,23.12802],[121.24521,23.12841],[121.2483,23.12959],[121.24921,23.13152],[121.2576,23.12612],[121.25901,23.12346],[121.25957,23.12102],[121.26426,23.11766],[121.26446,23.11516],[121.26727,23.11409],[121.26767,23.11218],[121.26737,23.10934],[121.26432,23.10392],[121.27074,23.10119],[121.27254,23.0978],[121.27471,23.09851],[121.27821,23.10075],[121.28086,23.10403],[121.28299,23.10384],[121.28441,23.10657],[121.28582,23.10695],[121.28733,23.10671],[121.29142,23.10937],[121.29398,23.10989],[121.29591,23.10983],[121.29695,23.1093],[121.29792,23.10995],[121.29998,23.10926],[121.30306,23.11109],[121.30522,23.11129],[121.3124,23.11095],[121.3158,23.10974],[121.31595,23.11047],[121.31962,23.11366],[121.32188,23.117],[121.32294,23.12377],[121.32153,23.12929],[121.32213,23.13209],[121.32052,23.13614],[121.32035,23.13783],[121.32213,23.13974],[121.32278,23.14211],[121.32381,23.1433],[121.32333,23.14474],[121.32447,23.14659],[121.3244,23.14898],[121.3272,23.15219],[121.3246,23.15469],[121.32209,23.15526],[121.32214,23.15691],[121.32137,23.15914],[121.3203,23.16004],[121.31734,23.16516],[121.31856,23.16819],[121.32186,23.1694],[121.32221,23.17323],[121.32303,23.17355],[121.32393,23.17479],[121.32396,23.17813],[121.3233,23.17873],[121.32837,23.17929],[121.32974,23.18037],[121.33124,23.17888],[121.33245,23.17895],[121.33312,23.17806],[121.33493,23.17793],[121.3354,23.17931],[121.33531,23.1813],[121.33679,23.18247],[121.33637,23.18382],[121.33701,23.1849],[121.33787,23.18533],[121.33758,23.18839],[121.33829,23.18961],[121.33826,23.19069],[121.33912,23.19162],[121.3397,23.19375],[121.34215,23.19581],[121.34238,23.19749],[121.3432,23.19856],[121.34293,23.20002],[121.34362,23.20073],[121.34335,23.20218],[121.34429,23.20576],[121.34533,23.20826],[121.34691,23.20927],[121.34677,23.21108],[121.34612,23.2116],[121.34569,23.21357],[121.3466,23.21616],[121.34646,23.2171],[121.34845,23.21718],[121.34997,23.21789],[121.35157,23.22018],[121.35328,23.22001],[121.35469,23.22184],[121.35716,23.22371],[121.35585,23.22396],[121.35441,23.22547],[121.35424,23.22849],[121.35318,23.22913],[121.3526,23.2313],[121.35346,23.23337],[121.35766,23.23794],[121.35782,23.24056],[121.35971,23.2423],[121.3609,23.24435],[121.36154,23.2469],[121.36082,23.2482],[121.35894,23.24966],[121.3594,23.25269],[121.36149,23.25366],[121.36361,23.25765],[121.36586,23.25803],[121.36685,23.26018],[121.37075,23.26244],[121.37163,23.26685],[121.37233,23.26783],[121.37414,23.26909],[121.37792,23.26962],[121.37768,23.27115],[121.3786,23.27451],[121.37825,23.27751],[121.37688,23.28165],[121.37714,23.2835]]]]}},{"type":"Feature","properties":{"county":"基隆市"},"geometry":{"type":"MultiPolygon","coordinates":[[[[121.74999,25.10959],[121.7519,25.11102],[121.75714,25.11012],[121.75939,25.11259],[121.76145,25.11239],[121.76329,25.11344],[121.76546,25.11325],[121.76691,25.11252],[121.76799,25.11394],[121.76973,25.11497],[121.77193,25.11905],[121.77339,25.12026],[121.77491,25.11989],[121.77603,25.11862],[121.77711,25.11866],[121.7794,25.11757],[121.7807,25.11765],[121.78338,25.11661],[121.78528,25.11822],[121.78592,25.11819],[121.7877,25.11523],[121.79035,25.11219],[121.79237,25.11287],[121.79468,25.11257],[121.79569,25.11374],[121.79777,25.11431],[121.79794,25.11612],[121.79863,25.11666],[121.79768,25.11692],[121.79758,25.11772],[121.79873,25.11843],[121.79888,25.11924],[121.7977,25.11974],[121.79708,25.12128],[121.79424,25.12331],[121.79455,25.12395],[121.79425,25.12529],[121.79466,25.12642],[121.7961,25.12543],[121.79717,25.12535],[121.7981,25.12429],[121.79911,25.12435],[121.79981,25.12312],[121.80113,25.1229],[121.80227,25.1218],[121.80317,25.12222],[121.80361,25.12384],[121.80502,25.12533],[121.80378,25.12745],[121.8041,25.12834],[121.80532,25.12912],[121.80506,25.12994],[121.80545,25.13037],[121.80403,25.13345],[121.80253,25.13433],[121.80431,25.13799],[121.8032,25.14053],[121.80244,25.14064],[121.80369,25.14114],[121.80309,25.14195],[121.80461,25.14259],[121.80387,25.14312],[121.80437,25.14429],[121.8062,25.14493],[121.80656,25.14607],[121.80786,25.14649],[121.80797,25.14806],[121.80703,25.14914],[121.80431,25.14828],[121.80188,25.14838],[121.80055,25.14753],[121.7994,25.14742],[121.79721,25.14818],[121.79534,25.14806],[121.79483,25.14754],[121.79491,25.14684],[121.7932,25.14687],[121.79143,25.14838],[121.78916,25.14816],[121.78507,25.14955],[121.78395,25.15164],[121.78198,25.15274],[121.77986,25.15321],[121.77769,25.15147],[121.77689,25.152],[121.77455,25.15626],[121.7738,25.15536],[121.7727,25.15559],[121.77383,25.1567],[121.77404,25.15637],[121.77417,25.15681],[121.77667,25.15798],[121.77682,25.15891],[121.78036,25.15878],[121.77289,25.16088],[121.77065,25.16015],[121.77015,25.16038],[121.7698,25.16169],[121.76849,25.16224],[121.76666,25.16189],[121.76733,25.16255],[121.76339,25.16408],[121.76232,25.16324],[121.76363,25.16255],[121.76244,25.16274],[121.76165,25.16223],[121.76256,25.16159],[121.76214,25.16031],[121.76032,25.1604],[121.75996,25.16126],[121.75797,25.16091],[121.75766,25.15979],[121.75616,25.15952],[121.75557,25.16218],[121.75497,25.16243],[121.75299,25.15851],[121.7485,25.15625],[121.74707,25.15726],[121.7453,25.15681],[121.74399,25.15749],[121.74431,25.15699],[121.74352,25.15648],[121.74398,25.15686],[121.74263,25.15727],[121.73967,25.15952],[121.73994,25.16033],[121.73852,25.16101],[121.73664,25.15928],[121.73553,25.15943],[121.73417,25.15818],[121.7336,25.15903],[121.73425,25.15863],[121.73404,25.1594],[121.73456,25.16023],[121.7351,25.16017],[121.73394,25.16145],[121.73273,25.16165],[121.73212,25.1627],[121.73127,25.16269],[121.73028,25.164],[121.72948,25.16359],[121.72684,25.16425],[121.72468,25.16578],[121.72366,25.16517],[121.71738,25.16597],[121.71745,25.16695],[121.71698,25.16732],[121.71576,25.16609],[121.71387,25.16597],[121.71374,25.16633],[121.71117,25.16492],[121.70861,25.16517],[121.70725,25.16603],[121.70867,25.16756],[121.7082,25.16888],[121.71009,25.17002],[121.70989,25.171],[121.70847,25.17268],[121.70882,25.17379],[121.70996,25.17414],[121.71016,25.17604],[121.70966,25.17656],[121.70869,25.17531],[121.70661,25.17396],[121.70399,25.17406],[121.70225,25.17352],[121.7021,25.17223],[121.70108,25.1708],[121.70091,25.16923],[121.69905,25.16886],[121.69895,25.16722],[121.69755,25.16677],[121.69654,25.16717],[121.69566,25.16645],[121.69129,25.16632],[121.69102,25.16465],[121.68883,25.16409],[121.68728,25.16156],[121.68483,25.1601],[121.68318,25.16065],[121.68273,25.15936],[121.68102,25.15917],[121.6784,25.15743],[121.6776,25.15573],[121.67147,25.15556],[121.66963,25.15462],[121.66912,25.15335],[121.66427,25.15222],[121.66232,25.1526],[121.66069,25.15209],[121.65828,25.15223],[121.65554,25.14905],[121.653,25.14825],[121.65211,25.14845],[121.65146,25.14796],[121.64962,25.14489],[121.64568,25.14582],[121.64368,25.14568],[121.6422,25.14493],[121.63982,25.14584],[121.63868,25.14424],[121.63627,25.14355],[121.63433,25.14384],[121.62919,25.14172],[121.6268,25.13974],[121.62839,25.13501],[121.62949,25.13396],[121.63255,25.1324],[121.63314,25.13099],[121.63492,25.13044],[121.63831,25.13074],[121.64068,25.12967],[121.64182,25.12808],[121.64318,25.12768],[121.6449,25.12337],[121.64472,25.12213],[121.64624,25.12105],[121.64569,25.11903],[121.64608,25.11613],[121.64572,25.11529],[121.64617,25.1138],[121.65024,25.10955],[121.65048,25.10807],[121.65222,25.10474],[121.65188,25.1035],[121.65015,25.10332],[121.64893,25.10176],[121.65044,25.10044],[121.65072,25.09845],[121.65243,25.09775],[121.65357,25.09624],[121.65586,25.09514],[121.65619,25.09462],[121.6557,25.09345],[121.65766,25.09275],[121.65838,25.09158],[121.66091,25.09089],[121.6618,25.0894],[121.6646,25.08928],[121.66637,25.088],[121.66682,25.08681],[121.66791,25.08576],[121.66904,25.0856],[121.67403,25.08292],[121.67881,25.0874],[121.68047,25.08826],[121.68121,25.08802],[121.68174,25.08711],[121.68164,25.08472],[121.68143,25.08432],[121.67993,25.08433],[121.68049,25.08188],[121.67977,25.08008],[121.67897,25.07958],[121.67922,25.07854],[121.68021,25.07809],[121.68031,25.0771],[121.6815,25.07704],[121.68842,25.07174],[121.69024,25.0717],[121.69207,25.07031],[121.69654,25.07009],[121.69952,25.06739],[121.70421,25.06794],[121.70526,25.06692],[121.70661,25.06655],[121.70942,25.06773],[121.71237,25.06803],[121.71463,25.06668],[121.71782,25.06382],[121.7191,25.06152],[121.72199,25.06011],[121.7224,25.05864],[121.72595,25.05831],[121.72698,25.0563],[121.72847,25.05468],[121.73006,25.05335],[121.73211,25.05271],[121.7348,25.05416],[121.7375,25.05476],[121.7398,25.05306],[121.74224,25.05297],[121.74312,25.05247],[121.74372,25.05313],[121.74591,25.05299],[121.74763,25.05372],[121.74818,25.05505],[121.74926,25.05545],[121.75115,25.05726],[121.75555,25.05825],[121.75688,25.05934],[121.75795,25.05902],[121.75929,25.05945],[121.76049,25.05801],[121.76184,25.05777],[121.76244,25.05694],[121.76392,25.05739],[121.76481,25.05954],[121.76591,25.05999],[121.76735,25.06182],[121.77001,25.06349],[121.77173,25.06321],[121.77305,25.06684],[121.7757,25.07],[121.7736,25.07312],[121.77217,25.07412],[121.77131,25.07614],[121.76942,25.0779],[121.76709,25.07877],[121.76169,25.07839],[121.76125,25.07887],[121.75988,25.08139],[121.75917,25.08426],[121.75958,25.08678],[121.75917,25.08851],[121.75982,25.09024],[121.75836,25.09413],[121.75843,25.09497],[121.75947,25.09636],[121.75936,25.09919],[121.75989,25.10062],[121.7568,25.10182],[121.7567,25.10275],[121.7574,25.10263],[121.75805,25.10368],[121.75743,25.10423],[121.75752,25.1064],[121.75606,25.10841],[121.75396,25.10871],[121.75274,25.10684],[121.75089,25.10774],[121.74999,25.10959]]],[[[122.07836,25.63314],[122.07443,25.6321],[122.07366,25.63249],[122.07388,25.63182],[122.07328,25.63151],[122.07203,25.62853],[122.073,25.62641],[122.07419,25.62625],[122.0743,25.62545],[122.07469,25.62587],[122.0752,25.62563],[122.07527,25.62499],[122.07568,25.62544],[122.07591,25.62471],[122.0761,25.62526],[122.0769,25.62519],[122.07729,25.62361],[122.07922,25.62297],[122.08165,25.62368],[122.08187,25.62466],[122.08098,25.62539],[122.08442,25.62745],[122.08419,25.62858],[122.08494,25.62892],[122.08506,25.63034],[122.08437,25.63127],[122.08449,25.63237],[122.08396,25.63319],[122.08303,25.63333],[122.08252,25.63277],[122.08066,25.63335],[122.08006,25.63286],[122.07836,25.63314]]],[[[121.7881,25.19568],[121.78702,25.1958],[121.78456,25.19494],[121.78321,25.19325],[121.7824,25.19301],[121.78162,25.19003],[121.78296,25.18967],[121.78619,25.1914],[121.78769,25.19127],[121.78892,25.19207],[121.78949,25.1934],[121.78943,25.19517],[121.78922,25.19564],[121.7881,25.19568]]],[[[122.10697,25.48736],[122.10525,25.48777],[122.10448,25.48733],[122.10453,25.48599],[122.10327,25.48602],[122.10355,25.48531],[122.10304,25.48517],[122.10374,25.48454],[122.10351,25.48348],[122.10518,25.48201],[122.1062,25.48231],[122.10624,25.4832],[122.10781,25.48388],[122.10695,25.48519],[122.10725,25.48611],[122.10821,25.48683],[122.10697,25.48736]]],[[[121.94642,25.42455],[121.94596,25.42384],[121.94634,25.42357],[121.94655,25.4241],[121.9471,25.42411],[121.94642,25.42455]]]]}},{"type":"Feature","properties":{"county":"臺北市"},"geometry":{"type":"MultiPolygon","coordinates":[[[[121.59725,25.01435],[121.59763,25.01481],[121.60263,25.01508],[121.60413,25.01909],[121.60821,25.01944],[121.60926,25.02095],[121.61035,25.01987],[121.61272,25.01961],[121.61337,25.01914],[121.61608,25.0197],[121.61752,25.01841],[121.62055,25.01839],[121.6234,25.0173],[121.62617,25.01862],[121.62693,25.01954],[121.62894,25.01993],[121.63027,25.02223],[121.63081,25.02454],[121.63236,25.02563],[121.63562,25.02401],[121.63569,25.02321],[121.63751,25.02407],[121.64081,25.02349],[121.64298,25.02456],[121.64493,25.02356],[121.64634,25.02171],[121.64991,25.02397],[121.65382,25.02442],[121.65764,25.02323],[121.65824,25.02357],[121.6607,25.0234],[121.66284,25.02275],[121.66405,25.02317],[121.66494,25.02469],[121.66538,25.02602],[121.66483,25.0278],[121.66594,25.02988],[121.66482,25.02955],[121.6608,25.03045],[121.65768,25.02887],[121.65682,25.02794],[121.65515,25.02744],[121.65418,25.02792],[121.65263,25.02757],[121.65184,25.02815],[121.65024,25.02763],[121.64952,25.02811],[121.6488,25.02792],[121.64798,25.02864],[121.64672,25.02799],[121.64594,25.02939],[121.64427,25.02977],[121.64375,25.03049],[121.63991,25.03201],[121.63791,25.03374],[121.63485,25.035],[121.63407,25.0348],[121.63357,25.0357],[121.63021,25.03508],[121.62948,25.03673],[121.6264,25.03787],[121.62493,25.03772],[121.62314,25.03965],[121.62164,25.04031],[121.61906,25.04354],[121.61646,25.04815],[121.61634,25.05064],[121.61817,25.0523],[121.62087,25.05342],[121.62104,25.05422],[121.6202,25.05582],[121.62053,25.05665],[121.62165,25.05651],[121.62343,25.055],[121.62426,25.05576],[121.62078,25.06136],[121.61868,25.063],[121.61613,25.06392],[121.61672,25.0658],[121.61792,25.06516],[121.61763,25.0676],[121.61855,25.06764],[121.62153,25.06961],[121.62127,25.07185],[121.6206,25.07316],[121.6216,25.07479],[121.62271,25.07456],[121.62323,25.07711],[121.62494,25.07799],[121.62508,25.07883],[121.62391,25.07824],[121.62452,25.07913],[121.62426,25.08034],[121.62604,25.08202],[121.6275,25.08237],[121.62798,25.08325],[121.62753,25.08458],[121.62861,25.08647],[121.62821,25.08806],[121.62601,25.09047],[121.62632,25.09147],[121.62506,25.09367],[121.62537,25.09511],[121.62622,25.09609],[121.62537,25.09706],[121.62329,25.09693],[121.62203,25.09741],[121.6215,25.09831],[121.61741,25.10112],[121.61541,25.10387],[121.61038,25.10516],[121.60774,25.10685],[121.60476,25.10735],[121.60221,25.10839],[121.5996,25.10843],[121.59746,25.10956],[121.59549,25.11349],[121.59558,25.11409],[121.5975,25.11621],[121.59887,25.12012],[121.59981,25.12033],[121.60077,25.12185],[121.60172,25.12603],[121.60273,25.1262],[121.60346,25.1255],[121.60443,25.12592],[121.60751,25.12916],[121.60784,25.13017],[121.60459,25.13085],[121.60457,25.13454],[121.60569,25.13674],[121.60503,25.13697],[121.60407,25.13618],[121.6034,25.13706],[121.60166,25.1379],[121.60051,25.13937],[121.59839,25.14031],[121.59695,25.14257],[121.59579,25.14343],[121.5959,25.14511],[121.59392,25.14805],[121.59358,25.1503],[121.58939,25.15239],[121.59184,25.15589],[121.59178,25.15766],[121.59051,25.16039],[121.58987,25.16372],[121.58793,25.16297],[121.5836,25.16506],[121.58322,25.16581],[121.57963,25.16546],[121.5785,25.16578],[121.57707,25.167],[121.57738,25.17015],[121.58172,25.17379],[121.5835,25.17684],[121.58087,25.18179],[121.58277,25.18442],[121.58186,25.1864],[121.58302,25.18759],[121.58299,25.18856],[121.584,25.18879],[121.58378,25.19198],[121.5827,25.19309],[121.58376,25.19459],[121.58055,25.19535],[121.57917,25.19412],[121.57578,25.19558],[121.57319,25.19498],[121.57175,25.19539],[121.57082,25.19639],[121.57086,25.19745],[121.57,25.19826],[121.56625,25.1996],[121.56484,25.20101],[121.56497,25.20278],[121.56441,25.20476],[121.56351,25.20577],[121.56267,25.20944],[121.55917,25.21014],[121.55689,25.2087],[121.55501,25.20843],[121.55312,25.2042],[121.55174,25.20355],[121.55156,25.20193],[121.55264,25.20068],[121.55263,25.19888],[121.55194,25.19783],[121.5507,25.19711],[121.54898,25.19815],[121.54812,25.198],[121.54739,25.19702],[121.54632,25.19697],[121.54337,25.19403],[121.54276,25.19136],[121.54283,25.18895],[121.5411,25.18738],[121.53581,25.18667],[121.53467,25.18451],[121.53337,25.18358],[121.52601,25.18298],[121.52178,25.17918],[121.52232,25.17789],[121.52198,25.17677],[121.52256,25.17468],[121.51995,25.16927],[121.51354,25.17099],[121.51263,25.17077],[121.51131,25.16941],[121.51042,25.16944],[121.50706,25.17116],[121.50575,25.17108],[121.50485,25.17325],[121.50257,25.17325],[121.5027,25.17265],[121.50166,25.17128],[121.50185,25.16942],[121.50011,25.16831],[121.49879,25.165],[121.4924,25.16041],[121.48763,25.153],[121.48747,25.15144],[121.48656,25.15079],[121.48401,25.15084],[121.48286,25.15022],[121.48085,25.14709],[121.47674,25.1439],[121.47646,25.14279],[121.47267,25.13935],[121.47167,25.13739],[121.46896,25.13563],[121.46571,25.13169],[121.46431,25.12766],[121.46483,25.12426],[121.46177,25.12358],[121.46135,25.12301],[121.45879,25.12294],[121.46094,25.1162],[121.45801,25.11105],[121.45717,25.10773],[121.45795,25.10643],[121.4614,25.10385],[121.4661,25.10172],[121.47829,25.1014],[121.48075,25.10095],[121.48607,25.09877],[121.48875,25.09714],[121.49977,25.08723],[121.50264,25.08296],[121.50586,25.07541],[121.507,25.07084],[121.50687,25.06563],[121.50539,25.05934],[121.50636,25.05601],[121.50623,25.05363],[121.5047,25.04984],[121.50136,25.04595],[121.49704,25.04358],[121.49524,25.04285],[121.48882,25.04257],[121.4851,25.03911],[121.48367,25.0363],[121.48377,25.03467],[121.48488,25.03161],[121.48754,25.02709],[121.4888,25.02335],[121.48839,25.02067],[121.48876,25.01532],[121.48956,25.01318],[121.4905,25.01257],[121.49296,25.00929],[121.49579,25.00942],[121.49973,25.01154],[121.50591,25.01855],[121.50912,25.02134],[121.51256,25.02173],[121.51845,25.01999],[121.52104,25.0182],[121.52597,25.01164],[121.52863,25.01019],[121.53087,25.00966],[121.53212,25.0082],[121.53263,25.00578],[121.53391,25.00339],[121.5315,25.001],[121.53051,24.99801],[121.53172,24.99435],[121.53138,24.99256],[121.5317,24.99051],[121.53416,24.993],[121.53518,24.99513],[121.53622,24.99415],[121.53707,24.99229],[121.53659,24.98972],[121.5369,24.98865],[121.53946,24.98773],[121.54417,24.98821],[121.54481,24.98703],[121.5442,24.98477],[121.54506,24.98367],[121.54711,24.98328],[121.54903,24.98376],[121.55084,24.98534],[121.55085,24.98723],[121.55244,24.9869],[121.55394,24.9848],[121.55305,24.98075],[121.55368,24.97742],[121.5552,24.97653],[121.55612,24.9733],[121.5577,24.97182],[121.55854,24.96833],[121.56122,24.96471],[121.56424,24.96468],[121.56501,24.9641],[121.56576,24.96435],[121.56635,24.96396],[121.57009,24.96444],[121.57254,24.96398],[121.57435,24.96529],[121.57456,24.96684],[121.57864,24.96659],[121.58103,24.96516],[121.58466,24.9645],[121.58573,24.9632],[121.58801,24.96369],[121.58875,24.96338],[121.59107,24.96461],[121.59197,24.96394],[121.5934,24.96421],[121.59488,24.96153],[121.59725,24.9605],[121.59843,24.96126],[121.60156,24.96097],[121.60525,24.963],[121.6083,24.96308],[121.61047,24.96499],[121.61206,24.96538],[121.61367,24.96644],[121.61499,24.96618],[121.61692,24.96752],[121.61816,24.96682],[121.61964,24.96716],[121.61958,24.96874],[121.62002,24.9694],[121.61928,24.97054],[121.6162,24.97167],[121.6143,24.97354],[121.61335,24.97339],[121.61135,24.97461],[121.61012,24.97423],[121.60869,24.97478],[121.60521,24.97436],[121.60386,24.97547],[121.6005,24.97669],[121.59951,24.97815],[121.59936,24.97874],[121.60066,24.9802],[121.59986,24.98639],[121.60183,24.98791],[121.60197,24.99029],[121.59906,24.99171],[121.59937,24.993],[121.59851,24.99357],[121.59814,24.99449],[121.60053,24.99847],[121.60047,25.00108],[121.59959,25.00266],[121.59789,25.00414],[121.59591,25.00451],[121.59586,25.0091],[121.59655,25.01205],[121.59757,25.01328],[121.59725,25.01435]]]]}},{"type":"Feature","properties":{"county":"新北市"},"geometry":{"type":"MultiPolygon","coordinates":[[[[121.79331,24.89979],[121.79518,24.89975],[121.79716,24.90162],[121.7976,24.90109],[121.79889,24.90086],[121.80005,24.90121],[121.80221,24.901],[121.80347,24.90181],[121.80462,24.90119],[121.80595,24.90189],[121.80615,24.90255],[121.80715,24.90261],[121.80773,24.90321],[121.80855,24.90293],[121.81048,24.90363],[121.81049,24.90527],[121.81164,24.90652],[121.81838,24.90271],[121.81985,24.90292],[121.82239,24.90455],[121.82551,24.90526],[121.82701,24.90454],[121.8281,24.90537],[121.83182,24.90491],[121.83329,24.90664],[121.83458,24.90691],[121.8364,24.90835],[121.83809,24.91014],[121.83955,24.91266],[121.84228,24.91515],[121.84374,24.91572],[121.84532,24.91803],[121.8456,24.91937],[121.85363,24.92512],[121.85387,24.92788],[121.84914,24.93033],[121.84934,24.93131],[121.848,24.93353],[121.8479,24.9353],[121.84674,24.93771],[121.84244,24.93936],[121.84171,24.94078],[121.83998,24.9419],[121.83905,24.94464],[121.83925,24.94642],[121.84076,24.94801],[121.84176,24.95112],[121.84126,24.95258],[121.84141,24.95426],[121.84297,24.95513],[121.84348,24.9569],[121.84519,24.95775],[121.84561,24.95932],[121.84686,24.96027],[121.84876,24.96],[121.85036,24.96118],[121.85257,24.95961],[121.85402,24.96],[121.85438,24.96159],[121.8586,24.96334],[121.86112,24.96367],[121.86363,24.96213],[121.86576,24.96216],[121.87155,24.96072],[121.87314,24.96154],[121.87606,24.96146],[121.87789,24.96272],[121.87937,24.96275],[121.883,24.96424],[121.88587,24.9642],[121.88857,24.96318],[121.88957,24.96476],[121.89182,24.96513],[121.89599,24.96703],[121.8972,24.96707],[121.89943,24.96934],[121.90013,24.97156],[121.90283,24.97438],[121.90412,24.97466],[121.90542,24.97342],[121.90673,24.97551],[121.90826,24.97586],[121.91033,24.97477],[121.91096,24.97693],[121.91242,24.97826],[121.91405,24.97864],[121.91487,24.97935],[121.91625,24.97947],[121.91732,24.9788],[121.91819,24.97903],[121.91899,24.97864],[121.92082,24.97972],[121.92166,24.97884],[121.92274,24.9786],[121.92634,24.97968],[121.92677,24.98017],[121.9285,24.97965],[121.92904,24.98041],[121.93062,24.98103],[121.9335,24.9809],[121.93461,24.98325],[121.93749,24.98302],[121.93866,24.98486],[121.94052,24.98449],[121.94107,24.98565],[121.94301,24.98638],[121.9438,24.98783],[121.94464,24.98818],[121.94581,24.98779],[121.94634,24.98697],[121.9479,24.98666],[121.95039,24.98832],[121.95306,24.98799],[121.95525,24.98834],[121.95809,24.98729],[121.95987,24.98841],[121.96108,24.98829],[121.96291,24.9877],[121.96406,24.98555],[121.9668,24.98246],[121.9676,24.98313],[121.96772,24.98482],[121.97041,24.98508],[121.97106,24.98461],[121.97173,24.98508],[121.97196,24.98459],[121.97222,24.98536],[121.97475,24.98529],[121.97608,24.98881],[121.97754,24.99007],[121.98092,24.99108],[121.98388,24.99056],[121.9893,24.99375],[121.99066,24.99573],[121.99446,24.9992],[121.99606,24.9995],[121.99579,25.00012],[121.99668,25.00076],[122.00359,25.002],[122.00516,25.00155],[122.00599,25.00332],[122.00531,25.00449],[122.00568,25.00776],[122.00695,25.00802],[122.00706,25.00864],[122.00584,25.00864],[122.0075,25.01173],[122.0065,25.01103],[122.00592,25.01181],[122.00607,25.0124],[122.00508,25.01338],[122.00634,25.01539],[122.00524,25.01476],[122.005,25.01566],[122.00414,25.01549],[122.00311,25.01444],[122.00275,25.01495],[122.00282,25.01443],[122.00182,25.01481],[122.0016,25.0151],[122.00206,25.01542],[122.0013,25.01544],[121.99912,25.01961],[121.99826,25.01979],[121.99802,25.01943],[121.99777,25.02076],[121.99763,25.01949],[121.99634,25.01878],[121.99393,25.01602],[121.99318,25.01425],[121.99183,25.01362],[121.99156,25.01279],[121.99118,25.01295],[121.99145,25.01497],[121.99229,25.01647],[121.99017,25.02106],[121.98302,25.02492],[121.97789,25.02661],[121.97365,25.02656],[121.96993,25.02548],[121.9689,25.02446],[121.9676,25.02398],[121.96487,25.02468],[121.96088,25.02299],[121.956,25.02236],[121.95545,25.02272],[121.95085,25.02188],[121.95001,25.02238],[121.95065,25.02168],[121.94967,25.02161],[121.94997,25.02046],[121.94711,25.02106],[121.94225,25.02464],[121.93456,25.03236],[121.92896,25.041],[121.93027,25.04151],[121.92956,25.04172],[121.93037,25.04177],[121.92941,25.04196],[121.9302,25.04214],[121.92899,25.04217],[121.92896,25.04318],[121.93001,25.04314],[121.9295,25.04351],[121.9304,25.04415],[121.9303,25.04553],[121.92895,25.04624],[121.92976,25.05135],[121.93157,25.05411],[121.93067,25.05601],[121.93133,25.05632],[121.93066,25.05991],[121.93134,25.0601],[121.9307,25.06106],[121.93179,25.06107],[121.93127,25.06156],[121.93169,25.06206],[121.93126,25.06286],[121.93172,25.06312],[121.93016,25.06628],[121.92815,25.06882],[121.92846,25.07087],[121.92449,25.07266],[121.91985,25.0763],[121.91666,25.07597],[121.91554,25.07664],[121.91545,25.07871],[121.91627,25.07936],[121.91663,25.0791],[121.91618,25.07969],[121.91687,25.0814],[121.91442,25.08548],[121.9145,25.0888],[121.91501,25.08883],[121.91453,25.08899],[121.91443,25.08975],[121.91737,25.09425],[121.91959,25.09485],[121.91972,25.09769],[121.91852,25.09997],[121.91919,25.10025],[121.91897,25.1011],[121.91936,25.10121],[121.91945,25.10225],[121.92193,25.10406],[121.92327,25.10349],[121.92416,25.10367],[121.9233,25.10448],[121.92364,25.10503],[121.92322,25.10531],[121.92546,25.1061],[121.92655,25.10815],[121.9232,25.11328],[121.92118,25.11414],[121.92117,25.1136],[121.91861,25.11251],[121.91604,25.11386],[121.91608,25.11492],[121.91695,25.11618],[121.92082,25.11746],[121.92121,25.12132],[121.92414,25.12404],[121.92679,25.12884],[121.92604,25.12966],[121.92402,25.13012],[121.92226,25.12954],[121.9197,25.12785],[121.91648,25.12726],[121.91559,25.12654],[121.91476,25.12424],[121.91378,25.12416],[121.91357,25.12492],[121.91074,25.12333],[121.90453,25.12432],[121.90401,25.12283],[121.90312,25.12276],[121.90176,25.1213],[121.89707,25.11969],[121.89604,25.12021],[121.89598,25.12101],[121.89504,25.12081],[121.89462,25.12016],[121.8934,25.1201],[121.89307,25.12063],[121.89284,25.11989],[121.89235,25.12034],[121.89164,25.11957],[121.89124,25.11962],[121.89126,25.12016],[121.8908,25.11997],[121.89103,25.12027],[121.88982,25.11986],[121.88898,25.1205],[121.88971,25.12172],[121.88837,25.12255],[121.88728,25.1225],[121.88803,25.12325],[121.8863,25.12248],[121.88546,25.1233],[121.88437,25.12332],[121.88454,25.12397],[121.88342,25.12333],[121.88302,25.12404],[121.88258,25.12359],[121.88118,25.12374],[121.8807,25.12338],[121.88056,25.12395],[121.87998,25.12308],[121.87932,25.12308],[121.87838,25.12345],[121.87834,25.12398],[121.87789,25.12357],[121.87742,25.12504],[121.87599,25.12556],[121.87475,25.12485],[121.87456,25.12547],[121.87373,25.12539],[121.87364,25.12479],[121.87252,25.12538],[121.87151,25.1238],[121.87094,25.12392],[121.86988,25.12537],[121.86914,25.12402],[121.86829,25.12372],[121.86851,25.12314],[121.86504,25.12314],[121.86406,25.12421],[121.86263,25.1243],[121.86293,25.12475],[121.86248,25.12633],[121.86132,25.12509],[121.86092,25.12556],[121.86064,25.12458],[121.85608,25.12481],[121.84895,25.12725],[121.84571,25.12711],[121.84287,25.12782],[121.84301,25.12853],[121.84186,25.12886],[121.84198,25.12807],[121.8413,25.12865],[121.84148,25.12804],[121.8407,25.1286],[121.83945,25.12806],[121.83902,25.12858],[121.83883,25.12812],[121.83809,25.12863],[121.83803,25.12815],[121.83736,25.12839],[121.83693,25.12792],[121.8367,25.12843],[121.83606,25.12826],[121.83643,25.128],[121.83409,25.12843],[121.83429,25.12754],[121.83375,25.12701],[121.83283,25.127],[121.83212,25.12778],[121.83151,25.12703],[121.83028,25.12779],[121.82881,25.12765],[121.82851,25.12712],[121.82957,25.12437],[121.82801,25.12274],[121.82738,25.12442],[121.82773,25.12522],[121.82639,25.12417],[121.82735,25.12439],[121.82797,25.12219],[121.8273,25.12263],[121.82565,25.12254],[121.8254,25.12173],[121.82253,25.12144],[121.82107,25.1224],[121.81988,25.12422],[121.8203,25.12446],[121.81975,25.12443],[121.8197,25.12487],[121.82045,25.12535],[121.81955,25.12512],[121.8191,25.12681],[121.81955,25.12682],[121.81942,25.12863],[121.81976,25.12936],[121.82171,25.13054],[121.82194,25.13259],[121.82413,25.13198],[121.8234,25.13276],[121.82583,25.1347],[121.82661,25.13599],[121.8227,25.13627],[121.82115,25.13522],[121.81918,25.13476],[121.81921,25.1351],[121.81808,25.13425],[121.81542,25.13476],[121.81043,25.1331],[121.80739,25.1347],[121.80685,25.13562],[121.80351,25.1362],[121.80253,25.13433],[121.80403,25.13345],[121.80531,25.13129],[121.80532,25.12912],[121.8041,25.12834],[121.80378,25.12745],[121.80502,25.12533],[121.80361,25.12384],[121.80313,25.12216],[121.80237,25.12177],[121.80113,25.1229],[121.79981,25.12312],[121.79911,25.12435],[121.7981,25.12429],[121.79717,25.12535],[121.7961,25.12543],[121.79461,25.12639],[121.79425,25.12529],[121.79455,25.12395],[121.79415,25.12344],[121.79708,25.12128],[121.7977,25.11974],[121.79888,25.11924],[121.79873,25.11843],[121.79758,25.11772],[121.79768,25.11692],[121.79863,25.11666],[121.79794,25.11612],[121.79777,25.11431],[121.79569,25.11374],[121.79468,25.11257],[121.79237,25.11287],[121.79016,25.11226],[121.78592,25.11819],[121.78528,25.11822],[121.78338,25.11661],[121.7807,25.11765],[121.7794,25.11757],[121.77711,25.11866],[121.77603,25.11862],[121.77491,25.11989],[121.77353,25.12027],[121.77193,25.11905],[121.76973,25.11497],[121.76799,25.11394],[121.76691,25.11252],[121.76546,25.11325],[121.76329,25.11344],[121.76145,25.11239],[121.75939,25.11259],[121.75714,25.11012],[121.7519,25.11102],[121.75003,25.10972],[121.7508,25.10783],[121.75274,25.10684],[121.75396,25.10871],[121.75606,25.10841],[121.75752,25.1064],[121.75743,25.10423],[121.75805,25.10368],[121.7574,25.10263],[121.7567,25.10275],[121.7568,25.10182],[121.75989,25.10062],[121.75936,25.09919],[121.75947,25.09636],[121.75843,25.09497],[121.75836,25.09413],[121.75982,25.09024],[121.75917,25.08851],[121.75958,25.08678],[121.75917,25.08426],[121.75988,25.08139],[121.76125,25.07887],[121.76169,25.07839],[121.76709,25.07877],[121.76942,25.0779],[121.77131,25.07614],[121.77217,25.07412],[121.7736,25.07312],[121.7757,25.07],[121.77305,25.06684],[121.77173,25.06321],[121.77001,25.06349],[121.76735,25.06182],[121.76591,25.05999],[121.76481,25.05954],[121.76403,25.05744],[121.76244,25.05694],[121.76184,25.05777],[121.76049,25.05801],[121.75929,25.05945],[121.75795,25.05902],[121.75688,25.05934],[121.75555,25.05825],[121.75115,25.05726],[121.74926,25.05545],[121.74818,25.05505],[121.74761,25.05371],[121.74591,25.05299],[121.74372,25.05313],[121.74312,25.05247],[121.74224,25.05297],[121.7398,25.05306],[121.7375,25.05476],[121.7348,25.05416],[121.73221,25.05272],[121.73006,25.05335],[121.72714,25.05608],[121.72621,25.05812],[121.72248,25.05858],[121.72199,25.06011],[121.7191,25.06152],[121.71782,25.06382],[121.71463,25.06668],[121.71237,25.06803],[121.70942,25.06773],[121.70661,25.06655],[121.70526,25.06692],[121.70421,25.06794],[121.69952,25.06739],[121.69654,25.07009],[121.69207,25.07031],[121.69024,25.0717],[121.68842,25.07174],[121.6815,25.07704],[121.68031,25.0771],[121.68021,25.07809],[121.6791,25.07878],[121.67899,25.07965],[121.67986,25.08022],[121.68051,25.08202],[121.67986,25.08417],[121.68054,25.08459],[121.68143,25.08432],[121.68168,25.08491],[121.68166,25.08748],[121.68087,25.08819],[121.6787,25.08732],[121.67403,25.08292],[121.66904,25.0856],[121.66791,25.08576],[121.66682,25.08681],[121.66637,25.088],[121.6646,25.08928],[121.6618,25.0894],[121.66091,25.09089],[121.65821,25.09169],[121.65766,25.09275],[121.6557,25.09345],[121.65619,25.09462],[121.65561,25.09543],[121.65357,25.09624],[121.65263,25.0976],[121.65072,25.09845],[121.65044,25.10044],[121.64893,25.10176],[121.65015,25.10332],[121.65188,25.1035],[121.65222,25.10474],[121.65048,25.10807],[121.65024,25.10955],[121.64617,25.1138],[121.64572,25.11529],[121.64608,25.11613],[121.64569,25.11903],[121.64624,25.12105],[121.64472,25.12213],[121.6449,25.12337],[121.64318,25.12768],[121.64182,25.12808],[121.64068,25.12967],[121.63831,25.13074],[121.63492,25.13044],[121.63314,25.13099],[121.63255,25.1324],[121.62949,25.13396],[121.62839,25.13501],[121.6268,25.13974],[121.62919,25.14172],[121.63433,25.14384],[121.63627,25.14355],[121.63868,25.14424],[121.63982,25.14584],[121.6422,25.14493],[121.64368,25.14568],[121.64568,25.14582],[121.64962,25.14489],[121.65146,25.14796],[121.65211,25.14845],[121.653,25.14825],[121.65554,25.14905],[121.65828,25.15223],[121.66069,25.15209],[121.66232,25.1526],[121.66427,25.15222],[121.66912,25.15335],[121.66963,25.15462],[121.67147,25.15556],[121.6776,25.15573],[121.6784,25.15743],[121.68102,25.15917],[121.68273,25.15936],[121.68318,25.16065],[121.68483,25.1601],[121.68728,25.16156],[121.68883,25.16409],[121.69102,25.16465],[121.69129,25.16632],[121.69566,25.16645],[121.69654,25.16717],[121.69755,25.16677],[121.69895,25.16722],[121.69905,25.16886],[121.70091,25.16923],[121.70108,25.1708],[121.7021,25.17223],[121.70225,25.17352],[121.70399,25.17406],[121.70661,25.17396],[121.70884,25.17544],[121.70966,25.17656],[121.70719,25.17604],[121.70658,25.17696],[121.70462,25.17684],[121.70354,25.17874],[121.70347,25.17997],[121.70273,25.18058],[121.69888,25.18097],[121.69786,25.18137],[121.69669,25.18279],[121.69638,25.18254],[121.69721,25.18144],[121.69466,25.18164],[121.69363,25.18029],[121.69267,25.18013],[121.69015,25.18228],[121.6877,25.18562],[121.68573,25.19003],[121.68647,25.19084],[121.68594,25.19239],[121.68761,25.19348],[121.68754,25.19397],[121.68883,25.19553],[121.68951,25.19464],[121.6898,25.19658],[121.69233,25.19784],[121.69334,25.19986],[121.69449,25.19999],[121.6947,25.20042],[121.69402,25.20177],[121.69483,25.20214],[121.696,25.20392],[121.69423,25.20339],[121.69375,25.20377],[121.69395,25.20444],[121.69273,25.20331],[121.69212,25.20408],[121.69322,25.20443],[121.69191,25.20435],[121.69185,25.20471],[121.69221,25.20505],[121.6928,25.2047],[121.69241,25.2051],[121.69277,25.20668],[121.69378,25.20744],[121.69338,25.20766],[121.69908,25.21251],[121.69916,25.21309],[121.70102,25.21422],[121.70136,25.21474],[121.70095,25.21534],[121.70253,25.21626],[121.70171,25.21651],[121.70238,25.21714],[121.70149,25.21703],[121.70131,25.21749],[121.69652,25.21466],[121.69612,25.21301],[121.69436,25.21178],[121.69402,25.20988],[121.69294,25.20938],[121.69267,25.20816],[121.6924,25.20859],[121.69038,25.20822],[121.68965,25.20755],[121.68849,25.20832],[121.68938,25.20736],[121.68826,25.2065],[121.68932,25.20584],[121.6891,25.20534],[121.68732,25.20508],[121.68726,25.20783],[121.68605,25.20779],[121.68585,25.20816],[121.68247,25.20558],[121.68139,25.20564],[121.68146,25.20429],[121.67868,25.20267],[121.6778,25.20463],[121.67809,25.20595],[121.6749,25.204],[121.67409,25.20421],[121.67396,25.20389],[121.67532,25.20319],[121.67444,25.20236],[121.67405,25.20342],[121.67348,25.20295],[121.67333,25.20365],[121.6731,25.2022],[121.67253,25.20213],[121.67006,25.20297],[121.6696,25.20408],[121.66879,25.204],[121.66505,25.2066],[121.66611,25.20798],[121.66489,25.20666],[121.66428,25.20704],[121.6643,25.20924],[121.66284,25.20748],[121.66223,25.20774],[121.66381,25.20963],[121.66192,25.20809],[121.66084,25.20818],[121.66214,25.20846],[121.66081,25.20883],[121.65585,25.2133],[121.65352,25.21619],[121.65002,25.223],[121.65081,25.22339],[121.65119,25.22491],[121.65219,25.22519],[121.65167,25.22594],[121.65374,25.22916],[121.65304,25.23002],[121.65135,25.23051],[121.65155,25.23149],[121.65236,25.23192],[121.65263,25.23278],[121.65128,25.23333],[121.64786,25.23224],[121.647,25.23308],[121.64707,25.23235],[121.64774,25.23196],[121.64777,25.23094],[121.64869,25.23011],[121.64595,25.23012],[121.64626,25.23081],[121.64733,25.23111],[121.6464,25.23148],[121.64559,25.23028],[121.64315,25.23072],[121.63827,25.23456],[121.6376,25.23554],[121.63819,25.23603],[121.63797,25.23682],[121.63724,25.23609],[121.6364,25.2364],[121.63415,25.23955],[121.63389,25.24063],[121.63589,25.25009],[121.63508,25.25666],[121.63413,25.26003],[121.62974,25.26679],[121.62313,25.27391],[121.61786,25.27814],[121.6157,25.27924],[121.60793,25.28145],[121.60395,25.28649],[121.6024,25.28771],[121.59761,25.28995],[121.59733,25.29134],[121.59795,25.29148],[121.59538,25.2914],[121.59375,25.29207],[121.59065,25.29207],[121.58869,25.29262],[121.58666,25.29342],[121.58261,25.29631],[121.57773,25.29889],[121.57527,25.29914],[121.5685,25.29803],[121.56716,25.29678],[121.56675,25.29568],[121.56608,25.29595],[121.56685,25.29505],[121.56543,25.29403],[121.56598,25.29385],[121.56567,25.29326],[121.56392,25.29351],[121.56197,25.29314],[121.56041,25.29198],[121.55355,25.29303],[121.55039,25.29163],[121.54748,25.29173],[121.54694,25.29232],[121.54534,25.2925],[121.54122,25.29459],[121.54072,25.29785],[121.53936,25.29921],[121.53714,25.3003],[121.53376,25.29706],[121.53343,25.29604],[121.53484,25.29249],[121.53452,25.29113],[121.53334,25.28987],[121.53163,25.28964],[121.52944,25.2876],[121.52594,25.28601],[121.52427,25.28679],[121.5217,25.28687],[121.52075,25.2864],[121.52083,25.28551],[121.51981,25.28502],[121.51691,25.2849],[121.51402,25.28667],[121.51341,25.28995],[121.51186,25.2918],[121.51072,25.292],[121.5093,25.29131],[121.50864,25.28969],[121.50832,25.2898],[121.50845,25.28693],[121.50937,25.28548],[121.509,25.28293],[121.50652,25.28255],[121.506,25.28222],[121.50646,25.2815],[121.50577,25.28107],[121.50504,25.28153],[121.50365,25.28131],[121.5026,25.2797],[121.50126,25.27986],[121.50126,25.28046],[121.49873,25.27868],[121.49744,25.27889],[121.49513,25.27776],[121.49368,25.27631],[121.49202,25.27586],[121.49098,25.2747],[121.48095,25.27088],[121.47703,25.26627],[121.47593,25.26334],[121.47533,25.26282],[121.47442,25.25964],[121.47158,25.25599],[121.46592,25.25285],[121.46251,25.25205],[121.45618,25.25316],[121.45269,25.25281],[121.45076,25.25079],[121.44763,25.24666],[121.44582,25.24256],[121.44612,25.24036],[121.44537,25.23797],[121.44341,25.23423],[121.44353,25.23252],[121.44227,25.2296],[121.44089,25.22842],[121.43731,25.21967],[121.43764,25.21802],[121.43592,25.21711],[121.43087,25.21589],[121.42868,25.21227],[121.42467,25.20792],[121.41894,25.19927],[121.41827,25.19742],[121.41817,25.19626],[121.41869,25.19506],[121.41776,25.19426],[121.41868,25.19277],[121.4194,25.19255],[121.41901,25.19185],[121.41673,25.19155],[121.41593,25.19071],[121.41422,25.19011],[121.41224,25.18994],[121.41184,25.19067],[121.4109,25.19071],[121.40486,25.18983],[121.40391,25.18698],[121.40445,25.18681],[121.4046,25.18608],[121.40397,25.18392],[121.4043,25.18309],[121.41637,25.18066],[121.41774,25.17942],[121.41885,25.17741],[121.41336,25.17048],[121.41253,25.16848],[121.40894,25.16497],[121.40551,25.16799],[121.40887,25.1649],[121.40553,25.16043],[121.40257,25.15883],[121.39152,25.16793],[121.38783,25.15192],[121.38977,25.14774],[121.38891,25.14725],[121.38871,25.14753],[121.3875,25.14651],[121.38713,25.14688],[121.38733,25.14642],[121.38638,25.14592],[121.38572,25.14632],[121.38581,25.14572],[121.38463,25.1453],[121.38438,25.14575],[121.38443,25.14522],[121.37947,25.143],[121.37743,25.14287],[121.37536,25.14196],[121.372,25.14198],[121.37166,25.141],[121.36912,25.13959],[121.36733,25.13912],[121.36627,25.13928],[121.36527,25.14017],[121.36399,25.13718],[121.35994,25.13475],[121.35607,25.13344],[121.3526,25.13118],[121.34689,25.12988],[121.34503,25.12842],[121.34171,25.12871],[121.33862,25.12696],[121.33553,25.12609],[121.33068,25.12548],[121.32686,25.12422],[121.32355,25.12426],[121.32014,25.12342],[121.31764,25.12412],[121.31346,25.12345],[121.31023,25.12374],[121.30965,25.12586],[121.30494,25.12611],[121.30439,25.12577],[121.30415,25.12416],[121.30063,25.12521],[121.29877,25.1242],[121.29787,25.12561],[121.29671,25.12617],[121.29647,25.1231],[121.29685,25.12264],[121.29618,25.12283],[121.29545,25.12205],[121.2947,25.12212],[121.29491,25.12082],[121.2926,25.1191],[121.28767,25.1179],[121.28339,25.11781],[121.28391,25.11244],[121.28275,25.10963],[121.2852,25.1086],[121.28715,25.10682],[121.29025,25.10686],[121.29162,25.10264],[121.2955,25.10302],[121.29831,25.10449],[121.29981,25.10354],[121.30011,25.10219],[121.30122,25.10167],[121.30139,25.09848],[121.30285,25.09676],[121.30451,25.09636],[121.30699,25.09677],[121.3093,25.09622],[121.31052,25.09655],[121.31706,25.09399],[121.31824,25.09301],[121.32487,25.0926],[121.32792,25.09109],[121.33013,25.08825],[121.33629,25.08525],[121.3383,25.08374],[121.34316,25.08387],[121.3436,25.08422],[121.34418,25.08364],[121.3463,25.08365],[121.34815,25.08236],[121.3495,25.08225],[121.35026,25.08124],[121.34943,25.08075],[121.3488,25.0812],[121.34247,25.08009],[121.34605,25.07917],[121.34646,25.07953],[121.34767,25.07927],[121.34798,25.0788],[121.34668,25.07834],[121.34525,25.07854],[121.34546,25.07746],[121.34653,25.07715],[121.34635,25.07678],[121.34422,25.07784],[121.34397,25.0774],[121.34447,25.07606],[121.34623,25.07564],[121.34468,25.07505],[121.34281,25.0753],[121.34157,25.07662],[121.34117,25.07571],[121.34046,25.07636],[121.34053,25.07408],[121.34101,25.07349],[121.34267,25.07343],[121.34185,25.07267],[121.34796,25.0738],[121.34895,25.07449],[121.34992,25.07663],[121.35042,25.07528],[121.3499,25.07354],[121.35176,25.07446],[121.35346,25.07329],[121.3518,25.07361],[121.35052,25.07282],[121.35051,25.07199],[121.34985,25.0713],[121.34917,25.07146],[121.34889,25.07239],[121.34802,25.07087],[121.34645,25.0703],[121.3497,25.06965],[121.35214,25.06792],[121.3523,25.06879],[121.35377,25.06858],[121.35382,25.06782],[121.35509,25.06708],[121.35489,25.06515],[121.36426,25.06496],[121.37654,25.0661],[121.38216,25.0643],[121.38291,25.06293],[121.38399,25.06273],[121.38641,25.06327],[121.38724,25.06256],[121.38831,25.06306],[121.38817,25.06155],[121.39108,25.06152],[121.39066,25.06112],[121.39095,25.06089],[121.38895,25.0607],[121.38768,25.05972],[121.38974,25.05906],[121.38849,25.0583],[121.38859,25.05685],[121.3856,25.05811],[121.38573,25.0568],[121.38744,25.05491],[121.38592,25.05317],[121.38444,25.05256],[121.3862,25.05259],[121.38783,25.05324],[121.38818,25.05288],[121.3895,25.05348],[121.38978,25.05335],[121.3893,25.05293],[121.38987,25.05284],[121.39082,25.0533],[121.39089,25.05448],[121.39262,25.05507],[121.39104,25.05358],[121.39295,25.05398],[121.39624,25.05255],[121.3977,25.0514],[121.4007,25.05139],[121.40018,25.05097],[121.40029,25.0496],[121.39976,25.04936],[121.39836,25.05064],[121.39854,25.05101],[121.39807,25.05112],[121.39749,25.0504],[121.39833,25.04978],[121.39853,25.04847],[121.39661,25.04962],[121.39524,25.04957],[121.39442,25.05043],[121.39398,25.05029],[121.39433,25.0495],[121.39392,25.04919],[121.39449,25.04876],[121.39441,25.0475],[121.39603,25.04856],[121.39943,25.04781],[121.3977,25.04629],[121.39829,25.04641],[121.39893,25.04579],[121.39956,25.04603],[121.39994,25.04492],[121.40106,25.04554],[121.40307,25.04566],[121.39826,25.044],[121.40069,25.04324],[121.39942,25.04293],[121.39766,25.0437],[121.39676,25.04309],[121.39617,25.04364],[121.39387,25.04378],[121.39068,25.04185],[121.39119,25.04148],[121.39355,25.042],[121.39358,25.04143],[121.39436,25.04122],[121.39438,25.04009],[121.39704,25.0393],[121.39758,25.03849],[121.39897,25.03861],[121.39959,25.0375],[121.40107,25.03773],[121.40128,25.03739],[121.40079,25.03695],[121.4012,25.03637],[121.39959,25.03588],[121.4,25.03488],[121.40121,25.03445],[121.40039,25.03423],[121.39857,25.03475],[121.39824,25.0325],[121.39879,25.03143],[121.39797,25.03122],[121.39853,25.03072],[121.39827,25.0301],[121.40096,25.02893],[121.40151,25.02815],[121.40105,25.02695],[121.40133,25.02638],[121.40377,25.02528],[121.40443,25.0239],[121.40868,25.02086],[121.41061,25.02105],[121.41071,25.01981],[121.4113,25.0193],[121.41212,25.01945],[121.41213,25.01884],[121.41127,25.01799],[121.40917,25.01839],[121.40755,25.01751],[121.40414,25.01719],[121.40163,25.01577],[121.39725,25.01622],[121.39466,25.01464],[121.39265,25.01558],[121.39217,25.01265],[121.39116,25.0121],[121.39365,25.00981],[121.39952,25.00697],[121.39969,25.00595],[121.40038,25.00547],[121.40023,25.00422],[121.40207,25.00247],[121.40191,25.00116],[121.40327,25.00025],[121.40304,24.99905],[121.40164,24.99918],[121.39998,24.99829],[121.39885,24.9984],[121.39684,24.9973],[121.39647,24.99555],[121.39402,24.99342],[121.39061,24.99326],[121.38998,24.99459],[121.38804,24.9964],[121.38418,24.99571],[121.38359,24.99351],[121.38432,24.99168],[121.38341,24.98861],[121.38553,24.98662],[121.38546,24.98604],[121.38223,24.98392],[121.38095,24.98429],[121.37933,24.98357],[121.37673,24.98125],[121.3724,24.97994],[121.37112,24.97816],[121.36914,24.97682],[121.3659,24.97859],[121.36476,24.97867],[121.36391,24.97959],[121.36142,24.97882],[121.36122,24.97781],[121.35847,24.97821],[121.35775,24.97782],[121.35409,24.9778],[121.35235,24.98085],[121.34847,24.97974],[121.34715,24.97884],[121.34478,24.98028],[121.34268,24.98232],[121.34207,24.98095],[121.34103,24.98024],[121.3368,24.98068],[121.33592,24.97991],[121.33468,24.97976],[121.33467,24.97914],[121.33383,24.97869],[121.33158,24.97863],[121.33067,24.97935],[121.32849,24.97841],[121.32749,24.97849],[121.32719,24.97759],[121.32861,24.97627],[121.32746,24.97547],[121.32744,24.97475],[121.32368,24.97282],[121.32404,24.97111],[121.32522,24.97119],[121.32805,24.97287],[121.32854,24.97193],[121.32833,24.97093],[121.3289,24.9696],[121.32859,24.96847],[121.32693,24.96659],[121.32885,24.96788],[121.32981,24.96689],[121.32805,24.96545],[121.32874,24.96399],[121.32915,24.96058],[121.32809,24.95526],[121.32798,24.94936],[121.32925,24.94737],[121.33161,24.94554],[121.33042,24.94453],[121.32414,24.94329],[121.31578,24.93847],[121.31815,24.93479],[121.31983,24.93419],[121.32011,24.93356],[121.32071,24.93367],[121.32123,24.93206],[121.32193,24.93233],[121.32322,24.93128],[121.32206,24.92804],[121.33325,24.92983],[121.33757,24.9286],[121.3398,24.9285],[121.33518,24.92492],[121.32818,24.92477],[121.32491,24.92352],[121.31759,24.91636],[121.31958,24.91494],[121.32029,24.91354],[121.32245,24.91259],[121.32359,24.90991],[121.32621,24.90918],[121.32621,24.90719],[121.32403,24.90471],[121.3219,24.9036],[121.32149,24.90143],[121.32032,24.9002],[121.32717,24.8959],[121.32807,24.89603],[121.3291,24.89731],[121.33056,24.89778],[121.33179,24.89981],[121.33325,24.89943],[121.33375,24.8988],[121.33324,24.89823],[121.33338,24.89624],[121.33271,24.89552],[121.33208,24.89346],[121.33325,24.89317],[121.33351,24.89159],[121.33513,24.89171],[121.33546,24.89224],[121.33655,24.8923],[121.33845,24.89335],[121.34053,24.89232],[121.34213,24.89259],[121.34178,24.89137],[121.34206,24.8908],[121.34114,24.88799],[121.34137,24.88746],[121.34323,24.88696],[121.34468,24.88585],[121.34574,24.87988],[121.34724,24.87868],[121.35058,24.87859],[121.35208,24.87676],[121.35347,24.87652],[121.3534,24.87498],[121.35445,24.87347],[121.35312,24.8711],[121.35058,24.87009],[121.34938,24.86876],[121.34576,24.86809],[121.34505,24.86694],[121.34634,24.8656],[121.34734,24.86207],[121.34835,24.86073],[121.34949,24.85969],[121.35337,24.8587],[121.35412,24.85684],[121.35557,24.85506],[121.35784,24.85445],[121.35813,24.85337],[121.35479,24.85335],[121.35334,24.85059],[121.35273,24.85027],[121.35186,24.85061],[121.35184,24.85005],[121.35288,24.84942],[121.35265,24.8491],[121.34986,24.84965],[121.35038,24.84877],[121.34872,24.84835],[121.34811,24.84977],[121.34828,24.85074],[121.34786,24.85095],[121.34764,24.84993],[121.34621,24.85011],[121.34295,24.84877],[121.34042,24.84897],[121.33727,24.84841],[121.33616,24.84688],[121.33577,24.84456],[121.33614,24.8438],[121.34001,24.84339],[121.34249,24.84467],[121.34674,24.84589],[121.35475,24.84399],[121.35531,24.8425],[121.35616,24.84196],[121.35779,24.83952],[121.36018,24.83811],[121.36416,24.83813],[121.36731,24.83676],[121.36993,24.83629],[121.37098,24.8353],[121.37282,24.83498],[121.37281,24.83379],[121.37362,24.83328],[121.37789,24.83448],[121.38092,24.83649],[121.38335,24.83698],[121.38457,24.83806],[121.38504,24.84081],[121.38808,24.84241],[121.39041,24.84247],[121.39367,24.84398],[121.39704,24.8438],[121.39705,24.84279],[121.39799,24.84178],[121.3999,24.84156],[121.40115,24.84194],[121.40284,24.84355],[121.40804,24.84113],[121.41016,24.83882],[121.41172,24.83812],[121.41269,24.83695],[121.41561,24.8356],[121.41385,24.83196],[121.41608,24.82874],[121.41621,24.82692],[121.41692,24.82557],[121.41862,24.82521],[121.4196,24.8256],[121.42365,24.82543],[121.42504,24.8228],[121.42529,24.82011],[121.42701,24.81904],[121.4278,24.81723],[121.42957,24.81528],[121.43228,24.81348],[121.43657,24.81205],[121.43653,24.8103],[121.4373,24.80784],[121.43696,24.80556],[121.43798,24.80374],[121.43802,24.80088],[121.4371,24.79818],[121.43774,24.7961],[121.43853,24.79514],[121.4417,24.79332],[121.44295,24.7918],[121.44571,24.79013],[121.4473,24.79006],[121.44948,24.79106],[121.45038,24.79093],[121.4504,24.78985],[121.44884,24.78824],[121.44961,24.78619],[121.44745,24.78409],[121.44596,24.78172],[121.44406,24.78064],[121.4424,24.78049],[121.44058,24.77914],[121.43851,24.77547],[121.43692,24.77372],[121.43576,24.77296],[121.43143,24.77194],[121.42623,24.76783],[121.42351,24.76328],[121.4233,24.76202],[121.42584,24.76059],[121.42557,24.7584],[121.42671,24.75584],[121.42849,24.75345],[121.42848,24.75152],[121.42922,24.74995],[121.42869,24.74807],[121.43016,24.74555],[121.43037,24.74346],[121.43199,24.74224],[121.43275,24.74075],[121.43287,24.73707],[121.43533,24.73341],[121.43428,24.73002],[121.43679,24.72837],[121.43832,24.72659],[121.44096,24.72608],[121.44153,24.72314],[121.4449,24.71515],[121.44879,24.71219],[121.44912,24.70855],[121.45022,24.70568],[121.45651,24.70325],[121.45986,24.70276],[121.46255,24.70164],[121.46698,24.69773],[121.4695,24.69615],[121.47096,24.69679],[121.47424,24.6961],[121.47464,24.69266],[121.47304,24.6898],[121.47395,24.68533],[121.47542,24.68365],[121.47547,24.68088],[121.476,24.67919],[121.47788,24.67731],[121.48,24.67385],[121.48181,24.67434],[121.48474,24.67383],[121.48686,24.67517],[121.48792,24.67519],[121.48929,24.67423],[121.49301,24.67324],[121.49636,24.67513],[121.49903,24.67795],[121.50242,24.67929],[121.505,24.67949],[121.5073,24.68234],[121.5103,24.68329],[121.51174,24.68435],[121.51369,24.6843],[121.51481,24.68324],[121.5238,24.6833],[121.52494,24.68449],[121.52695,24.68525],[121.52714,24.68852],[121.5275,24.68882],[121.52822,24.68888],[121.5295,24.68757],[121.53204,24.68771],[121.53331,24.68842],[121.53674,24.68841],[121.53773,24.69093],[121.53753,24.69393],[121.53889,24.69478],[121.53865,24.69802],[121.53786,24.69984],[121.54084,24.70231],[121.54293,24.70467],[121.54321,24.70564],[121.54727,24.70627],[121.55062,24.70574],[121.55443,24.70837],[121.55649,24.71127],[121.55832,24.71095],[121.56254,24.71284],[121.56568,24.71166],[121.56778,24.71156],[121.56949,24.71266],[121.57038,24.71397],[121.57216,24.71058],[121.57481,24.71011],[121.57728,24.71487],[121.57761,24.72107],[121.57831,24.72236],[121.57965,24.72232],[121.58381,24.72046],[121.58738,24.72019],[121.59057,24.72356],[121.59755,24.72767],[121.59784,24.72928],[121.59377,24.72954],[121.59373,24.73047],[121.59501,24.73248],[121.59417,24.735],[121.5949,24.73669],[121.59531,24.73963],[121.59493,24.74084],[121.59192,24.74332],[121.59167,24.74492],[121.59252,24.74586],[121.59467,24.74643],[121.59613,24.7483],[121.59518,24.74881],[121.59459,24.75019],[121.59226,24.75031],[121.59033,24.75124],[121.58897,24.75515],[121.5894,24.75721],[121.59082,24.75878],[121.59045,24.76034],[121.59078,24.76134],[121.59343,24.76482],[121.59628,24.76694],[121.59559,24.7693],[121.59759,24.77217],[121.5944,24.77899],[121.59433,24.78105],[121.59326,24.78211],[121.59338,24.78503],[121.59208,24.78773],[121.59344,24.7873],[121.59889,24.7877],[121.60293,24.78944],[121.60564,24.78913],[121.60716,24.7904],[121.60964,24.79377],[121.61334,24.7932],[121.61681,24.79389],[121.62096,24.7925],[121.62346,24.79433],[121.62547,24.79506],[121.62601,24.79667],[121.62482,24.80161],[121.62594,24.80284],[121.62637,24.80499],[121.62583,24.80878],[121.62842,24.80792],[121.63041,24.80902],[121.63723,24.80944],[121.6388,24.81073],[121.64203,24.81044],[121.64415,24.80925],[121.64504,24.80929],[121.64621,24.81031],[121.64732,24.81395],[121.64867,24.81265],[121.65052,24.81297],[121.65159,24.81181],[121.65311,24.81127],[121.66069,24.81083],[121.661,24.81189],[121.66307,24.81266],[121.6648,24.81442],[121.66863,24.81679],[121.66905,24.81801],[121.67436,24.81412],[121.67531,24.8147],[121.67716,24.81409],[121.68124,24.81762],[121.68307,24.81691],[121.6862,24.81753],[121.68729,24.8162],[121.68845,24.81619],[121.68931,24.81726],[121.68895,24.81933],[121.69012,24.82149],[121.68976,24.82262],[121.68793,24.82397],[121.68764,24.8249],[121.68891,24.8262],[121.69105,24.82721],[121.69229,24.82728],[121.69434,24.82907],[121.69617,24.82989],[121.6961,24.83197],[121.69671,24.83373],[121.6964,24.83462],[121.69816,24.8342],[121.69916,24.83558],[121.70026,24.83466],[121.70187,24.8344],[121.70676,24.83779],[121.70737,24.83881],[121.70836,24.83906],[121.70891,24.84054],[121.71131,24.84145],[121.71427,24.84178],[121.71522,24.84291],[121.71559,24.84435],[121.71865,24.84565],[121.71974,24.84559],[121.71954,24.84656],[121.72064,24.8481],[121.72061,24.84875],[121.72192,24.84985],[121.72521,24.85079],[121.72716,24.85314],[121.73042,24.85524],[121.73307,24.85587],[121.7366,24.8557],[121.73843,24.85524],[121.74199,24.85246],[121.74578,24.85285],[121.7473,24.85362],[121.74797,24.85495],[121.75063,24.85447],[121.75133,24.85493],[121.75356,24.85503],[121.75358,24.85601],[121.75429,24.85641],[121.76099,24.8567],[121.76105,24.8578],[121.76184,24.85812],[121.76211,24.85878],[121.76156,24.86015],[121.76279,24.86126],[121.7633,24.86005],[121.76438,24.85989],[121.7661,24.86252],[121.76784,24.86365],[121.7674,24.86496],[121.76832,24.86571],[121.76917,24.86592],[121.77124,24.86486],[121.77543,24.86508],[121.77573,24.86595],[121.77519,24.86672],[121.77724,24.86959],[121.77733,24.87076],[121.78026,24.87197],[121.78322,24.87422],[121.7843,24.87362],[121.78521,24.87419],[121.78462,24.87485],[121.78491,24.87582],[121.78428,24.87758],[121.78224,24.87918],[121.7819,24.88242],[121.7823,24.8868],[121.7817,24.88952],[121.78299,24.89038],[121.78565,24.89062],[121.78588,24.89255],[121.79001,24.89345],[121.79058,24.89459],[121.79302,24.89624],[121.79295,24.89718],[121.79206,24.89762],[121.79176,24.89953],[121.79239,24.89998],[121.79331,24.89979]],[[121.51145,25.02183],[121.50846,25.02091],[121.5053,25.0179],[121.50071,25.01235],[121.49633,25.0096],[121.49296,25.00929],[121.4905,25.01257],[121.48956,25.01318],[121.48853,25.01737],[121.4888,25.02335],[121.48754,25.02709],[121.48678,25.02787],[121.48391,25.03416],[121.48378,25.03677],[121.4851,25.03911],[121.48882,25.04257],[121.49524,25.04285],[121.49704,25.04358],[121.50136,25.04595],[121.5047,25.04984],[121.50611,25.05322],[121.50638,25.05551],[121.50539,25.05925],[121.50687,25.06563],[121.50703,25.07049],[121.50613,25.07458],[121.50264,25.08296],[121.49977,25.08723],[121.48875,25.09714],[121.48607,25.09877],[121.48075,25.10095],[121.47829,25.1014],[121.4661,25.10172],[121.4614,25.10385],[121.4576,25.10678],[121.45715,25.10829],[121.45767,25.11022],[121.46094,25.1162],[121.45879,25.12294],[121.46135,25.12301],[121.46177,25.12358],[121.46483,25.12426],[121.46431,25.12766],[121.46571,25.13169],[121.46896,25.13563],[121.47167,25.13739],[121.47267,25.13935],[121.47646,25.14279],[121.47674,25.1439],[121.48085,25.14709],[121.48286,25.15022],[121.48401,25.15084],[121.48656,25.15079],[121.48747,25.15144],[121.48763,25.153],[121.4924,25.16041],[121.49879,25.165],[121.50011,25.16831],[121.50185,25.16942],[121.50166,25.17128],[121.5027,25.17265],[121.50257,25.17325],[121.50485,25.17325],[121.50575,25.17108],[121.50706,25.17116],[121.51042,25.16944],[121.51131,25.16941],[121.51263,25.17077],[121.51354,25.17099],[121.51995,25.16927],[121.52256,25.17468],[121.52183,25.17923],[121.52601,25.18298],[121.53337,25.18358],[121.53467,25.18451],[121.53581,25.18667],[121.54102,25.18732],[121.54283,25.18895],[121.54329,25.19388],[121.5447,25.19556],[121.54643,25.19703],[121.54744,25.19705],[121.54812,25.198],[121.54898,25.19815],[121.5507,25.19711],[121.5526,25.19881],[121.55263,25.20082],[121.55156,25.20193],[121.55166,25.20333],[121.55312,25.2042],[121.55501,25.20843],[121.55689,25.2087],[121.55917,25.21014],[121.56251,25.20955],[121.56351,25.20577],[121.56441,25.20476],[121.56497,25.20278],[121.56484,25.20101],[121.56625,25.1996],[121.57,25.19826],[121.57086,25.19745],[121.57082,25.19639],[121.57175,25.19539],[121.57319,25.19498],[121.57578,25.19558],[121.57917,25.19412],[121.58055,25.19535],[121.58376,25.19459],[121.5827,25.19309],[121.58378,25.19198],[121.584,25.18879],[121.58299,25.18856],[121.58302,25.18759],[121.58186,25.1864],[121.58277,25.18442],[121.58087,25.18179],[121.5835,25.17684],[121.58172,25.17379],[121.57738,25.17015],[121.57707,25.167],[121.5785,25.16578],[121.57963,25.16546],[121.58322,25.16581],[121.5836,25.16506],[121.58793,25.16297],[121.58987,25.16372],[121.59051,25.16039],[121.59178,25.15766],[121.59184,25.15589],[121.58939,25.15239],[121.59358,25.1503],[121.59392,25.14805],[121.5959,25.14511],[121.59579,25.14343],[121.59695,25.14257],[121.59839,25.14031],[121.60051,25.13937],[121.60166,25.1379],[121.6034,25.13706],[121.60407,25.13618],[121.60503,25.13697],[121.60572,25.1367],[121.60457,25.13454],[121.60459,25.13085],[121.60784,25.13017],[121.60751,25.12916],[121.60443,25.12592],[121.60346,25.1255],[121.60273,25.1262],[121.60172,25.12603],[121.60077,25.12185],[121.59981,25.12033],[121.59887,25.12012],[121.5975,25.11621],[121.59558,25.11409],[121.59549,25.11349],[121.59746,25.10956],[121.5996,25.10843],[121.60221,25.10839],[121.60476,25.10735],[121.60774,25.10685],[121.61038,25.10516],[121.61541,25.10387],[121.61741,25.10112],[121.6215,25.09831],[121.62203,25.09741],[121.62329,25.09693],[121.62537,25.09706],[121.62622,25.09609],[121.62537,25.09511],[121.62506,25.09367],[121.62632,25.09147],[121.62601,25.09047],[121.62821,25.08806],[121.62861,25.08647],[121.62753,25.08458],[121.62798,25.08325],[121.6275,25.08237],[121.62604,25.08202],[121.62426,25.08034],[121.62452,25.07913],[121.62391,25.07824],[121.62508,25.07883],[121.62494,25.07799],[121.62323,25.07711],[121.62271,25.07456],[121.6216,25.07479],[121.6206,25.07316],[121.62127,25.07185],[121.62153,25.06961],[121.61855,25.06764],[121.61763,25.0676],[121.61792,25.06516],[121.61672,25.0658],[121.61613,25.06392],[121.61868,25.063],[121.62078,25.06136],[121.62426,25.05548],[121.62343,25.055],[121.62147,25.0566],[121.6203,25.05645],[121.62103,25.05369],[121.62054,25.05307],[121.61817,25.0523],[121.61634,25.05064],[121.61652,25.04801],[121.61906,25.04354],[121.62164,25.04031],[121.62314,25.03965],[121.62493,25.03772],[121.6264,25.03787],[121.62948,25.03673],[121.63021,25.03508],[121.63348,25.03574],[121.63407,25.0348],[121.63485,25.035],[121.63791,25.03374],[121.63991,25.03201],[121.64375,25.03049],[121.64427,25.02977],[121.64594,25.02939],[121.64684,25.02797],[121.64798,25.02864],[121.6488,25.02792],[121.64952,25.02811],[121.65024,25.02763],[121.65184,25.02815],[121.65263,25.02757],[121.65418,25.02792],[121.65515,25.02744],[121.65682,25.02794],[121.65768,25.02887],[121.6608,25.03045],[121.66482,25.02955],[121.66586,25.02994],[121.66483,25.0278],[121.66536,25.02584],[121.66405,25.02317],[121.66284,25.02275],[121.6607,25.0234],[121.65824,25.02357],[121.65764,25.02323],[121.65382,25.02442],[121.64991,25.02397],[121.64655,25.02171],[121.64606,25.02181],[121.64493,25.02356],[121.64298,25.02456],[121.64081,25.02349],[121.63751,25.02407],[121.63569,25.02321],[121.63562,25.02401],[121.63236,25.02563],[121.63081,25.02454],[121.63027,25.02223],[121.62894,25.01993],[121.62693,25.01954],[121.62617,25.01862],[121.6234,25.0173],[121.62055,25.01839],[121.61752,25.01841],[121.61608,25.0197],[121.61337,25.01914],[121.61272,25.01961],[121.61035,25.01987],[121.60926,25.02095],[121.60821,25.01944],[121.60413,25.01909],[121.60263,25.01508],[121.59741,25.01469],[121.59757,25.01328],[121.59655,25.01205],[121.59586,25.0091],[121.59591,25.00451],[121.59789,25.00414],[121.59959,25.00266],[121.60047,25.00108],[121.60053,24.99847],[121.59814,24.99449],[121.59851,24.99357],[121.59937,24.993],[121.59906,24.99171],[121.60197,24.99029],[121.60183,24.98791],[121.59986,24.98639],[121.60066,24.9802],[121.59936,24.97874],[121.59951,24.97815],[121.6005,24.97669],[121.60386,24.97547],[121.60521,24.97436],[121.60869,24.97478],[121.61012,24.97423],[121.61135,24.97461],[121.61335,24.97339],[121.6143,24.97354],[121.6162,24.97167],[121.61928,24.97054],[121.62002,24.9694],[121.61958,24.96874],[121.61964,24.96716],[121.61816,24.96682],[121.61692,24.96752],[121.61499,24.96618],[121.61367,24.96644],[121.61206,24.96538],[121.61047,24.96499],[121.6083,24.96308],[121.60525,24.963],[121.60156,24.96097],[121.59843,24.96126],[121.59725,24.9605],[121.59488,24.96153],[121.5934,24.96421],[121.59197,24.96394],[121.59107,24.96461],[121.58875,24.96338],[121.58801,24.96369],[121.58573,24.9632],[121.58466,24.9645],[121.58103,24.96516],[121.57864,24.96659],[121.57456,24.96684],[121.57435,24.96529],[121.57254,24.96398],[121.57009,24.96444],[121.56635,24.96396],[121.56576,24.96435],[121.56501,24.9641],[121.56424,24.96468],[121.56122,24.96471],[121.55854,24.96833],[121.5577,24.97182],[121.55612,24.9733],[121.5552,24.97653],[121.55368,24.97742],[121.55305,24.98075],[121.55395,24.98472],[121.55263,24.9867],[121.55168,24.98736],[121.55085,24.98723],[121.55084,24.98534],[121.54903,24.98376],[121.54711,24.98328],[121.54506,24.98367],[121.5442,24.98477],[121.54481,24.98703],[121.54417,24.98821],[121.53946,24.98773],[121.5369,24.98865],[121.53659,24.98972],[121.53707,24.99229],[121.53622,24.99415],[121.53518,24.99513],[121.53416,24.993],[121.5317,24.99051],[121.53138,24.99256],[121.53172,24.99435],[121.53051,24.99801],[121.5315,25.001],[121.53391,25.00339],[121.53263,25.00578],[121.53184,25.00869],[121.53087,25.00966],[121.52863,25.01019],[121.52597,25.01164],[121.52169,25.01746],[121.51955,25.01939],[121.51485,25.02123],[121.51145,25.02183]]]]}},{"type":"Feature","properties":{"county":"臺南市"},"geometry":{"type":"MultiPolygon","coordinates":[[[[120.21235,23.29169],[120.21183,23.29271],[120.20861,23.2913],[120.20428,23.2919],[120.20288,23.29294],[120.20009,23.29399],[120.19169,23.30027],[120.18841,23.30123],[120.18632,23.29827],[120.18579,23.2966],[120.18615,23.29538],[120.18936,23.29235],[120.18957,23.29111],[120.18905,23.29022],[120.18384,23.29032],[120.17868,23.29173],[120.17566,23.29443],[120.17373,23.29915],[120.17392,23.2999],[120.17111,23.30436],[120.16721,23.30782],[120.1642,23.30945],[120.16058,23.31065],[120.15622,23.31004],[120.15551,23.31048],[120.15475,23.31251],[120.15398,23.31314],[120.14966,23.31325],[120.14837,23.31527],[120.1486,23.31951],[120.14708,23.32107],[120.13692,23.32799],[120.13229,23.32976],[120.11808,23.34016],[120.11727,23.33869],[120.11401,23.33625],[120.11102,23.33183],[120.11285,23.32537],[120.1128,23.32258],[120.11293,23.32304],[120.11361,23.32226],[120.11323,23.32202],[120.11255,23.31558],[120.11081,23.3104],[120.10843,23.30681],[120.10684,23.30528],[120.10311,23.30452],[120.10187,23.30228],[120.0969,23.29961],[120.09458,23.2959],[120.09503,23.28123],[120.09434,23.27171],[120.09218,23.25961],[120.08935,23.24963],[120.08803,23.24873],[120.08773,23.24656],[120.08701,23.24537],[120.08387,23.24204],[120.08062,23.23757],[120.08021,23.23509],[120.0811,23.23081],[120.08066,23.22912],[120.08182,23.22565],[120.08186,23.22229],[120.08005,23.20901],[120.07751,23.20047],[120.07158,23.18973],[120.06959,23.18496],[120.06942,23.18217],[120.06764,23.17949],[120.06721,23.17791],[120.0635,23.17094],[120.06047,23.16344],[120.0583,23.15499],[120.05583,23.13714],[120.05369,23.13343],[120.05284,23.13064],[120.05285,23.12872],[120.05427,23.12743],[120.05504,23.1257],[120.05092,23.12239],[120.05422,23.12572],[120.05257,23.12603],[120.05145,23.12558],[120.04889,23.1232],[120.04715,23.12232],[120.04394,23.11919],[120.04172,23.11454],[120.0379,23.10847],[120.03472,23.10081],[120.0318,23.08759],[120.0279,23.07517],[120.02797,23.07295],[120.02852,23.07238],[120.02691,23.06793],[120.02855,23.06653],[120.02942,23.06641],[120.03287,23.06733],[120.03818,23.06728],[120.03898,23.06805],[120.044,23.06167],[120.04626,23.05742],[120.04983,23.05221],[120.05796,23.0431],[120.0609,23.04343],[120.06189,23.04425],[120.06517,23.04325],[120.06509,23.04278],[120.06771,23.04097],[120.07583,23.03827],[120.09404,23.02888],[120.1102,23.01886],[120.13474,22.99943],[120.13729,22.99795],[120.13757,22.99692],[120.13819,22.99683],[120.1391,22.99771],[120.14109,22.99598],[120.14035,22.99334],[120.14749,22.98778],[120.15001,22.9842],[120.15324,22.98137],[120.15868,22.97488],[120.1595,22.97314],[120.15979,22.97122],[120.15541,22.96746],[120.15536,22.96474],[120.15976,22.96355],[120.16281,22.96498],[120.16457,22.96171],[120.16943,22.9557],[120.17201,22.94969],[120.17371,22.94326],[120.17518,22.93298],[120.17491,22.9268],[120.173,22.91929],[120.17405,22.91442],[120.17685,22.91264],[120.17508,22.91224],[120.17475,22.9117],[120.17675,22.91234],[120.18099,22.91603],[120.18657,22.91965],[120.18918,22.92069],[120.19101,22.92045],[120.19206,22.92119],[120.19586,22.91961],[120.20235,22.91544],[120.20474,22.91467],[120.20807,22.91524],[120.21329,22.91103],[120.21811,22.90962],[120.22103,22.90999],[120.22666,22.91628],[120.22803,22.91691],[120.22973,22.91687],[120.23113,22.91623],[120.23169,22.9154],[120.23157,22.90866],[120.23291,22.90555],[120.24286,22.90351],[120.24917,22.89696],[120.25257,22.89486],[120.25478,22.89414],[120.25672,22.89406],[120.25869,22.89518],[120.25888,22.89663],[120.25683,22.89954],[120.25751,22.9012],[120.25899,22.90188],[120.26054,22.90176],[120.26957,22.89681],[120.27299,22.89541],[120.27615,22.8954],[120.2766,22.89551],[120.27641,22.89608],[120.2795,22.89629],[120.27931,22.89824],[120.27783,22.90191],[120.27799,22.90441],[120.27987,22.90488],[120.28457,22.90472],[120.30171,22.90059],[120.30911,22.90057],[120.31417,22.89978],[120.31633,22.89859],[120.31956,22.89496],[120.32071,22.89539],[120.32412,22.90033],[120.32488,22.90046],[120.32704,22.89846],[120.33046,22.89119],[120.33227,22.88932],[120.34514,22.88944],[120.34909,22.89057],[120.35052,22.88971],[120.35122,22.88792],[120.35198,22.8875],[120.35173,22.8891],[120.35517,22.89043],[120.35486,22.89092],[120.35321,22.89122],[120.35329,22.89238],[120.3555,22.892],[120.3545,22.89269],[120.3554,22.89393],[120.3562,22.89282],[120.3569,22.89292],[120.35797,22.89586],[120.36108,22.89781],[120.36161,22.90051],[120.36038,22.89962],[120.35967,22.89978],[120.35923,22.90023],[120.35947,22.90142],[120.36079,22.90148],[120.3615,22.90205],[120.36137,22.90135],[120.3619,22.90091],[120.36247,22.902],[120.36336,22.9023],[120.36415,22.90177],[120.36599,22.90223],[120.36551,22.90392],[120.36629,22.90507],[120.36732,22.90518],[120.36815,22.9039],[120.36896,22.90568],[120.37026,22.90681],[120.37106,22.90721],[120.37162,22.90646],[120.37249,22.90664],[120.37236,22.90791],[120.37314,22.90933],[120.37147,22.91116],[120.37116,22.91227],[120.37174,22.91277],[120.37317,22.91244],[120.37401,22.91425],[120.37651,22.91435],[120.37679,22.91493],[120.37641,22.91598],[120.37722,22.91684],[120.37729,22.91798],[120.38018,22.91846],[120.38055,22.92019],[120.38181,22.91991],[120.38166,22.92116],[120.38308,22.91999],[120.38395,22.92013],[120.38417,22.9193],[120.3868,22.91826],[120.38864,22.92064],[120.38924,22.92032],[120.3901,22.9213],[120.39217,22.92229],[120.39343,22.922],[120.39591,22.92274],[120.39863,22.92243],[120.39985,22.92145],[120.40044,22.91903],[120.40111,22.91852],[120.40545,22.91805],[120.40573,22.91569],[120.40868,22.91234],[120.4106,22.91432],[120.41639,22.91626],[120.41774,22.91864],[120.41758,22.91959],[120.41806,22.92071],[120.41995,22.92299],[120.41993,22.92414],[120.42202,22.92741],[120.42192,22.92917],[120.42266,22.93001],[120.42276,22.93096],[120.42489,22.93317],[120.42453,22.93366],[120.42575,22.93596],[120.42545,22.93762],[120.42591,22.93904],[120.42856,22.94071],[120.42852,22.94254],[120.43261,22.95227],[120.43299,22.95609],[120.43725,22.96218],[120.43841,22.96614],[120.44215,22.97378],[120.44264,22.97732],[120.44367,22.9779],[120.44469,22.97954],[120.44963,22.97724],[120.45172,22.97863],[120.45217,22.97774],[120.45301,22.97775],[120.45472,22.98096],[120.45476,22.98273],[120.45319,22.98481],[120.45362,22.98547],[120.45346,22.98716],[120.45471,22.99062],[120.45543,22.99113],[120.45963,22.9899],[120.46111,22.99077],[120.46107,22.99225],[120.46028,22.99285],[120.46043,22.99368],[120.4591,22.99574],[120.46021,22.99735],[120.46148,22.99812],[120.46053,23.0003],[120.45954,23.00079],[120.4605,23.00359],[120.4614,23.0041],[120.46266,23.00321],[120.46721,23.00356],[120.4681,23.00264],[120.47055,23.00238],[120.47839,23.00352],[120.47989,23.00271],[120.47938,23.00501],[120.48032,23.00617],[120.48106,23.00907],[120.48135,23.01087],[120.48098,23.01151],[120.48267,23.01558],[120.48407,23.01706],[120.486,23.01849],[120.49153,23.02098],[120.49475,23.02319],[120.49755,23.02412],[120.49869,23.02548],[120.50025,23.02593],[120.50372,23.02865],[120.50867,23.03482],[120.51129,23.03616],[120.51245,23.03783],[120.51419,23.039],[120.51616,23.04172],[120.51905,23.04395],[120.51967,23.04498],[120.52231,23.04567],[120.52365,23.04744],[120.52303,23.04957],[120.52626,23.0522],[120.52698,23.0534],[120.53136,23.05657],[120.53513,23.05741],[120.53757,23.05876],[120.53808,23.05948],[120.53801,23.06075],[120.53974,23.06193],[120.54156,23.0623],[120.54237,23.06337],[120.54381,23.06331],[120.54543,23.06395],[120.54681,23.06569],[120.5514,23.06764],[120.55306,23.06789],[120.5545,23.06883],[120.55905,23.07344],[120.55866,23.07532],[120.55991,23.07675],[120.56278,23.07849],[120.56372,23.08034],[120.56539,23.08069],[120.56705,23.08199],[120.56815,23.08387],[120.57025,23.08552],[120.5731,23.08979],[120.5745,23.09088],[120.57483,23.09175],[120.57413,23.09486],[120.57587,23.09588],[120.57722,23.09946],[120.58104,23.1045],[120.5811,23.10513],[120.58253,23.10601],[120.58319,23.10804],[120.58808,23.1141],[120.58892,23.11997],[120.58852,23.12353],[120.5905,23.1272],[120.59132,23.12772],[120.59291,23.1302],[120.59465,23.13159],[120.59532,23.13331],[120.5952,23.13455],[120.59628,23.13686],[120.59755,23.1374],[120.59777,23.13831],[120.59847,23.13858],[120.599,23.14106],[120.60111,23.14417],[120.60379,23.14492],[120.60561,23.14647],[120.60557,23.14853],[120.60785,23.14844],[120.61185,23.1517],[120.61234,23.15361],[120.61111,23.1559],[120.61251,23.15731],[120.61343,23.15925],[120.61504,23.15953],[120.61638,23.16173],[120.61654,23.1631],[120.62124,23.16296],[120.62322,23.16416],[120.62523,23.16776],[120.62702,23.16797],[120.63066,23.17006],[120.63102,23.17083],[120.63068,23.17192],[120.62944,23.17325],[120.62932,23.17436],[120.63267,23.17445],[120.63395,23.17497],[120.63528,23.1747],[120.63617,23.1751],[120.63745,23.17853],[120.6373,23.1804],[120.63859,23.18174],[120.64111,23.183],[120.63979,23.18369],[120.6384,23.18568],[120.63657,23.19013],[120.63695,23.19133],[120.63899,23.19274],[120.64097,23.19877],[120.64312,23.20106],[120.64345,23.20354],[120.6462,23.20707],[120.64738,23.20734],[120.64836,23.20858],[120.65146,23.20851],[120.65176,23.21019],[120.65309,23.21185],[120.65396,23.21554],[120.65625,23.21764],[120.65582,23.22183],[120.65435,23.22431],[120.65138,23.22409],[120.64823,23.22554],[120.64793,23.22674],[120.64691,23.22713],[120.64438,23.22537],[120.64301,23.22554],[120.63891,23.22795],[120.63582,23.2283],[120.63411,23.22922],[120.6333,23.22862],[120.63121,23.22951],[120.62957,23.22906],[120.62821,23.22944],[120.62619,23.22856],[120.62476,23.22717],[120.61839,23.22565],[120.61676,23.22355],[120.61308,23.224],[120.61165,23.22281],[120.60982,23.22264],[120.60817,23.22468],[120.60652,23.22578],[120.60272,23.22608],[120.59724,23.22904],[120.59639,23.23172],[120.59655,23.23437],[120.59579,23.23673],[120.59401,23.23921],[120.59268,23.23986],[120.59197,23.23672],[120.59025,23.23433],[120.58994,23.23142],[120.58888,23.23006],[120.58661,23.22416],[120.5849,23.22325],[120.58178,23.21992],[120.57968,23.21899],[120.57826,23.21478],[120.57745,23.21589],[120.57487,23.2177],[120.57103,23.21821],[120.56529,23.22098],[120.56378,23.22022],[120.56137,23.21741],[120.55808,23.21682],[120.55498,23.21747],[120.55431,23.21875],[120.5535,23.2189],[120.55251,23.22027],[120.54978,23.22134],[120.54853,23.22399],[120.54399,23.22658],[120.54209,23.22716],[120.54151,23.22783],[120.53976,23.22767],[120.53599,23.22924],[120.53405,23.22899],[120.53221,23.22957],[120.53133,23.23173],[120.52968,23.23255],[120.52754,23.23179],[120.52682,23.23093],[120.52574,23.23153],[120.52288,23.2353],[120.5209,23.23687],[120.5206,23.23764],[120.51966,23.2379],[120.51904,23.23926],[120.52416,23.242],[120.52791,23.24536],[120.53032,23.24853],[120.5323,23.25505],[120.53079,23.25592],[120.53056,23.25729],[120.52932,23.25787],[120.52853,23.26196],[120.52669,23.26401],[120.52609,23.26649],[120.52349,23.26832],[120.52216,23.2703],[120.52043,23.27178],[120.52233,23.27438],[120.52097,23.27969],[120.52294,23.28206],[120.52262,23.28312],[120.52298,23.2843],[120.52186,23.28809],[120.52258,23.28932],[120.52377,23.2901],[120.52446,23.29154],[120.52601,23.29223],[120.52628,23.29533],[120.52568,23.29824],[120.52388,23.30239],[120.52335,23.30881],[120.52255,23.31175],[120.52389,23.31335],[120.52709,23.31453],[120.52941,23.31686],[120.53101,23.31725],[120.53156,23.3181],[120.53195,23.32115],[120.53378,23.32198],[120.53511,23.32325],[120.53706,23.32654],[120.54,23.32787],[120.53681,23.33326],[120.53372,23.33647],[120.53153,23.33682],[120.53029,23.33806],[120.52759,23.33859],[120.52693,23.33939],[120.52585,23.3392],[120.52475,23.3382],[120.52311,23.34068],[120.52142,23.34046],[120.52068,23.34195],[120.51842,23.34201],[120.51778,23.34262],[120.51671,23.34267],[120.51558,23.34374],[120.51495,23.34327],[120.51426,23.34386],[120.51043,23.34409],[120.50961,23.34337],[120.50786,23.343],[120.50661,23.34419],[120.50509,23.34481],[120.50567,23.34547],[120.50445,23.34654],[120.50464,23.34935],[120.50378,23.34939],[120.50356,23.35029],[120.50472,23.35468],[120.50616,23.3553],[120.50803,23.35276],[120.51084,23.354],[120.51242,23.35586],[120.51243,23.35983],[120.51209,23.36062],[120.51118,23.36064],[120.51119,23.36235],[120.51053,23.36238],[120.51022,23.36331],[120.51067,23.36356],[120.51054,23.36436],[120.5099,23.36488],[120.50955,23.36447],[120.50877,23.36462],[120.50718,23.36589],[120.50732,23.36651],[120.50676,23.36703],[120.50493,23.36743],[120.50456,23.36818],[120.50519,23.3683],[120.50484,23.3689],[120.50347,23.36889],[120.50344,23.36935],[120.5026,23.36954],[120.50179,23.36782],[120.49947,23.36803],[120.49606,23.36995],[120.49427,23.36949],[120.4915,23.37249],[120.4901,23.37112],[120.48945,23.37284],[120.48873,23.37307],[120.48824,23.373],[120.48635,23.37038],[120.48394,23.36957],[120.48294,23.37233],[120.48359,23.37734],[120.4844,23.37948],[120.48918,23.38178],[120.49028,23.38307],[120.49141,23.38263],[120.49452,23.38431],[120.4959,23.38388],[120.49682,23.38425],[120.49903,23.3874],[120.49914,23.38804],[120.49715,23.38929],[120.4975,23.39123],[120.49559,23.39318],[120.4948,23.39331],[120.49494,23.39436],[120.49425,23.39423],[120.49375,23.39496],[120.49032,23.39562],[120.48978,23.3944],[120.48865,23.39361],[120.48921,23.39248],[120.48793,23.39301],[120.48691,23.39237],[120.48627,23.39311],[120.48554,23.39306],[120.48524,23.3924],[120.48567,23.39144],[120.484,23.39152],[120.48315,23.38984],[120.48214,23.38928],[120.48087,23.38931],[120.47942,23.38759],[120.47747,23.39071],[120.47538,23.391],[120.47611,23.39394],[120.47433,23.39597],[120.47412,23.3972],[120.47325,23.39817],[120.47218,23.39808],[120.46952,23.3994],[120.46883,23.40051],[120.46769,23.40112],[120.46672,23.40054],[120.46495,23.40077],[120.46184,23.40244],[120.46084,23.40372],[120.46094,23.40471],[120.45919,23.40464],[120.45398,23.40722],[120.45432,23.40634],[120.45327,23.40648],[120.45179,23.40829],[120.45008,23.40923],[120.44792,23.4096],[120.44454,23.41101],[120.44156,23.41316],[120.44025,23.41308],[120.44,23.41373],[120.4394,23.41295],[120.43808,23.41336],[120.43691,23.41229],[120.43621,23.41282],[120.43571,23.41221],[120.4344,23.41214],[120.43435,23.41108],[120.4332,23.41129],[120.43225,23.41082],[120.43168,23.40792],[120.43031,23.40648],[120.42868,23.40731],[120.42776,23.40637],[120.42613,23.40687],[120.42328,23.40642],[120.42195,23.40704],[120.42006,23.40346],[120.41928,23.40417],[120.41837,23.40629],[120.41795,23.40852],[120.4163,23.41042],[120.41449,23.41124],[120.41049,23.41017],[120.40942,23.41243],[120.40811,23.41343],[120.4067,23.41151],[120.40417,23.41005],[120.39616,23.40729],[120.38425,23.40408],[120.38104,23.40344],[120.35985,23.40267],[120.35381,23.40126],[120.34902,23.40122],[120.34633,23.40038],[120.3431,23.39828],[120.34272,23.39622],[120.33386,23.3861],[120.32894,23.38488],[120.32869,23.38612],[120.32426,23.38438],[120.32331,23.38358],[120.32169,23.38359],[120.31945,23.38604],[120.31979,23.38693],[120.31942,23.38734],[120.31885,23.38718],[120.31784,23.38843],[120.31477,23.38846],[120.31463,23.38795],[120.31245,23.38698],[120.311,23.38557],[120.3112,23.38339],[120.31034,23.3831],[120.31095,23.37544],[120.30796,23.37495],[120.30361,23.37596],[120.29936,23.37534],[120.29274,23.37532],[120.29028,23.37184],[120.28589,23.36722],[120.2838,23.36205],[120.28367,23.36],[120.28461,23.35625],[120.28606,23.35396],[120.28621,23.35027],[120.28141,23.34823],[120.27791,23.3477],[120.27616,23.34833],[120.27478,23.35171],[120.27332,23.35273],[120.27049,23.35369],[120.26785,23.35354],[120.26604,23.35258],[120.26071,23.34447],[120.26384,23.3451],[120.26572,23.34459],[120.2675,23.34476],[120.26705,23.34063],[120.25639,23.33107],[120.24922,23.32893],[120.24587,23.32685],[120.24109,23.32707],[120.2397,23.32756],[120.23759,23.32665],[120.23555,23.32327],[120.23428,23.31981],[120.23123,23.31619],[120.22828,23.31015],[120.22706,23.30531],[120.22264,23.29832],[120.22087,23.296],[120.21235,23.29169]]]]}},{"type":"Feature","properties":{"county":"桃園市"},"geometry":{"type":"MultiPolygon","coordinates":[[[[121.26382,25.12197],[121.26163,25.1224],[121.25978,25.12361],[121.25762,25.12208],[121.25309,25.12078],[121.24982,25.12142],[121.2496,25.12022],[121.24835,25.1195],[121.24374,25.11856],[121.24197,25.11951],[121.24145,25.12204],[121.23977,25.12318],[121.23918,25.12074],[121.23962,25.11565],[121.23643,25.11604],[121.2294,25.11519],[121.22779,25.1142],[121.22329,25.11328],[121.22011,25.11189],[121.21671,25.11164],[121.21437,25.11063],[121.21285,25.11058],[121.21141,25.10876],[121.20999,25.10814],[121.20825,25.10797],[121.20119,25.10454],[121.19947,25.1048],[121.19775,25.10408],[121.19725,25.10233],[121.19303,25.10178],[121.18929,25.09903],[121.18864,25.09796],[121.18713,25.09726],[121.18552,25.09728],[121.18431,25.09585],[121.17474,25.09368],[121.17295,25.09279],[121.17009,25.09024],[121.16807,25.08982],[121.16461,25.08738],[121.16059,25.08565],[121.15112,25.08256],[121.14721,25.08201],[121.14408,25.08062],[121.12501,25.0768],[121.10926,25.07121],[121.10526,25.06924],[121.10023,25.06762],[121.09585,25.06397],[121.09476,25.06371],[121.0945,25.0631],[121.09376,25.0634],[121.09395,25.06284],[121.09002,25.06299],[121.08788,25.05963],[121.08749,25.0577],[121.08652,25.05693],[121.08665,25.05644],[121.08258,25.05505],[121.0721,25.04987],[121.0643,25.0489],[121.05997,25.0478],[121.05606,25.04617],[121.05196,25.04352],[121.04875,25.04076],[121.04378,25.03465],[121.03854,25.03088],[121.02863,25.02058],[121.02456,25.01337],[121.01927,25.00686],[121.01796,25.00367],[121.01622,24.99536],[121.01456,24.99281],[121.01195,24.99083],[121.00937,24.99027],[121.01045,24.98883],[121.01225,24.98876],[121.01044,24.98729],[121.0112,24.98421],[121.01112,24.98021],[121.01101,24.97835],[121.0099,24.97505],[121.0035,24.96761],[120.99843,24.95857],[120.99362,24.95549],[120.98646,24.94827],[120.98478,24.94362],[120.98203,24.93997],[120.98739,24.93905],[120.99032,24.93566],[120.99241,24.93502],[120.99289,24.93536],[120.99281,24.93728],[120.9942,24.93914],[120.99653,24.93965],[120.99757,24.94052],[120.99907,24.94092],[121.00293,24.94001],[121.00426,24.94312],[121.0071,24.94622],[121.00956,24.94425],[121.01194,24.9448],[121.01268,24.94314],[121.01571,24.94165],[121.01781,24.94177],[121.01937,24.94042],[121.02154,24.9414],[121.0258,24.94048],[121.0264,24.94218],[121.02891,24.94518],[121.02975,24.94506],[121.03076,24.9439],[121.03801,24.94639],[121.03861,24.94609],[121.03909,24.94458],[121.04055,24.94327],[121.04239,24.94416],[121.04429,24.94355],[121.04629,24.94355],[121.04624,24.94241],[121.04795,24.94126],[121.04799,24.94016],[121.04856,24.93946],[121.05025,24.93865],[121.05163,24.9387],[121.05545,24.93624],[121.05834,24.93684],[121.05856,24.93516],[121.05766,24.93312],[121.05832,24.93221],[121.05757,24.93045],[121.05837,24.93008],[121.05966,24.92576],[121.06075,24.92452],[121.06096,24.92348],[121.0601,24.92068],[121.06087,24.92029],[121.06039,24.91839],[121.05824,24.9139],[121.05813,24.91041],[121.05918,24.90805],[121.05909,24.90713],[121.05759,24.90597],[121.05829,24.90521],[121.06062,24.90368],[121.06245,24.9046],[121.0644,24.90374],[121.0691,24.90278],[121.07055,24.90185],[121.07111,24.89948],[121.07384,24.8999],[121.07618,24.8994],[121.07696,24.89871],[121.08064,24.89835],[121.08196,24.899],[121.08345,24.89885],[121.08577,24.89764],[121.08655,24.89652],[121.08943,24.89538],[121.09128,24.89336],[121.10131,24.89515],[121.10908,24.89774],[121.11009,24.89614],[121.10985,24.8954],[121.11068,24.89384],[121.11103,24.89127],[121.10998,24.88878],[121.10908,24.88796],[121.10932,24.88752],[121.10777,24.88607],[121.11057,24.88486],[121.1135,24.88256],[121.11501,24.88255],[121.11633,24.88168],[121.1239,24.87993],[121.12815,24.88095],[121.12964,24.87969],[121.13123,24.88007],[121.13331,24.87961],[121.13409,24.87851],[121.13559,24.87799],[121.13564,24.87897],[121.13644,24.87971],[121.13676,24.88093],[121.13909,24.88244],[121.14114,24.88143],[121.14176,24.88188],[121.1426,24.88169],[121.14466,24.8802],[121.14557,24.88082],[121.14855,24.88125],[121.14928,24.88122],[121.14958,24.88064],[121.15112,24.88096],[121.1522,24.88022],[121.1546,24.88019],[121.15567,24.88071],[121.15787,24.87731],[121.1581,24.87466],[121.15621,24.87444],[121.15699,24.87355],[121.15707,24.87234],[121.158,24.87196],[121.15945,24.86873],[121.16079,24.86314],[121.15988,24.86244],[121.16069,24.86175],[121.16029,24.86086],[121.16138,24.85947],[121.16007,24.85846],[121.15925,24.85902],[121.15959,24.85808],[121.16023,24.8578],[121.15907,24.85792],[121.15769,24.85695],[121.15803,24.85647],[121.15651,24.85591],[121.1569,24.85515],[121.1563,24.85362],[121.15696,24.85328],[121.15706,24.85243],[121.15595,24.85194],[121.15554,24.84991],[121.15361,24.84872],[121.15356,24.8474],[121.15284,24.84616],[121.15004,24.84429],[121.15198,24.84381],[121.15442,24.84406],[121.15474,24.8423],[121.1559,24.84212],[121.15642,24.84068],[121.15946,24.83864],[121.16011,24.83736],[121.16169,24.83748],[121.16581,24.83589],[121.16645,24.83621],[121.1688,24.83398],[121.16992,24.83481],[121.17384,24.83344],[121.17456,24.83229],[121.17624,24.8321],[121.17366,24.82771],[121.17684,24.82729],[121.18591,24.82382],[121.19205,24.81996],[121.19648,24.81784],[121.19682,24.81679],[121.19878,24.81496],[121.19975,24.8152],[121.19934,24.81613],[121.2008,24.81781],[121.20331,24.81731],[121.20225,24.81649],[121.20297,24.81614],[121.20315,24.81457],[121.20586,24.81265],[121.20573,24.81217],[121.20352,24.81135],[121.20291,24.81031],[121.20284,24.80988],[121.20449,24.80835],[121.20467,24.80725],[121.20805,24.80716],[121.20954,24.80948],[121.21283,24.81049],[121.2149,24.81197],[121.21704,24.81242],[121.21959,24.81179],[121.21972,24.81087],[121.21881,24.8096],[121.21872,24.80865],[121.21994,24.80744],[121.21963,24.80408],[121.22086,24.80299],[121.22161,24.79938],[121.22849,24.80291],[121.23824,24.80465],[121.2415,24.80629],[121.24344,24.80869],[121.24542,24.80696],[121.24544,24.80598],[121.2466,24.80509],[121.24744,24.80349],[121.24767,24.80138],[121.24662,24.80007],[121.24773,24.79672],[121.25037,24.79567],[121.25102,24.79456],[121.25214,24.79395],[121.2547,24.79385],[121.25761,24.79283],[121.25956,24.79371],[121.26047,24.79297],[121.26117,24.78996],[121.26043,24.78792],[121.25867,24.78652],[121.25848,24.78587],[121.25859,24.78484],[121.25972,24.78361],[121.26001,24.78196],[121.26327,24.78115],[121.26486,24.78138],[121.26603,24.77979],[121.26798,24.77993],[121.2706,24.77835],[121.27138,24.77713],[121.2713,24.77482],[121.27355,24.77459],[121.27717,24.771],[121.28556,24.77008],[121.28755,24.76868],[121.29246,24.76772],[121.29309,24.76531],[121.29419,24.76387],[121.29809,24.76293],[121.3003,24.76355],[121.30154,24.76301],[121.30186,24.76148],[121.30414,24.75745],[121.30772,24.75498],[121.30511,24.7502],[121.30555,24.7481],[121.30529,24.74628],[121.30119,24.74211],[121.3001,24.73744],[121.29929,24.73665],[121.29826,24.73409],[121.29823,24.73224],[121.29867,24.73071],[121.30046,24.72984],[121.30387,24.72654],[121.3054,24.72599],[121.30572,24.72383],[121.30762,24.7199],[121.30641,24.71308],[121.30543,24.71103],[121.30328,24.70839],[121.30297,24.70548],[121.30223,24.7042],[121.30226,24.70191],[121.29974,24.69702],[121.29949,24.69557],[121.30082,24.69396],[121.3039,24.69292],[121.30671,24.69401],[121.31285,24.69752],[121.31718,24.69814],[121.31874,24.69763],[121.32027,24.69579],[121.32417,24.69497],[121.32977,24.69097],[121.33858,24.67996],[121.33981,24.67187],[121.3392,24.66656],[121.34032,24.66638],[121.34245,24.66885],[121.34367,24.66939],[121.34434,24.66894],[121.34486,24.66673],[121.34548,24.66644],[121.34899,24.66791],[121.35046,24.66652],[121.35168,24.6661],[121.35352,24.6678],[121.35365,24.66648],[121.35305,24.66544],[121.35373,24.66496],[121.35307,24.66039],[121.35382,24.65905],[121.35286,24.65621],[121.35352,24.65544],[121.35233,24.65405],[121.35301,24.64878],[121.35223,24.6451],[121.3524,24.64354],[121.3534,24.64225],[121.35593,24.64105],[121.35739,24.6376],[121.35782,24.63371],[121.36117,24.63375],[121.36348,24.63246],[121.36642,24.63179],[121.3655,24.63067],[121.36543,24.62849],[121.36337,24.62359],[121.36306,24.62067],[121.36178,24.62066],[121.35882,24.61717],[121.35952,24.61377],[121.36131,24.61214],[121.3613,24.60988],[121.36369,24.60788],[121.36418,24.60676],[121.36432,24.60586],[121.36333,24.60313],[121.36587,24.60084],[121.36692,24.59907],[121.37182,24.597],[121.37278,24.59375],[121.38304,24.58944],[121.38721,24.58656],[121.39166,24.58651],[121.39461,24.58744],[121.39574,24.58893],[121.39985,24.59035],[121.4017,24.59163],[121.40305,24.59171],[121.40374,24.593],[121.40644,24.59567],[121.40672,24.59712],[121.40819,24.59807],[121.40847,24.59898],[121.41222,24.60085],[121.41278,24.60365],[121.41529,24.60196],[121.41632,24.60223],[121.41829,24.60103],[121.4244,24.60301],[121.42572,24.60402],[121.42595,24.60487],[121.42759,24.6057],[121.43062,24.61451],[121.43259,24.61564],[121.43352,24.61879],[121.43477,24.61938],[121.43566,24.62133],[121.43484,24.62446],[121.43609,24.6274],[121.44055,24.6351],[121.44502,24.6373],[121.44563,24.63942],[121.44484,24.64105],[121.44508,24.64318],[121.44598,24.64428],[121.44876,24.64601],[121.45134,24.65092],[121.45126,24.65168],[121.44899,24.65298],[121.44761,24.65617],[121.44775,24.65837],[121.44925,24.66165],[121.44959,24.66222],[121.45391,24.6644],[121.45531,24.66832],[121.4595,24.67316],[121.46921,24.67183],[121.47238,24.67315],[121.48,24.67385],[121.47788,24.67731],[121.476,24.67919],[121.47547,24.68088],[121.47542,24.68365],[121.47395,24.68533],[121.47304,24.6898],[121.47464,24.69266],[121.47424,24.6961],[121.47096,24.69679],[121.4695,24.69615],[121.46698,24.69773],[121.46255,24.70164],[121.45986,24.70276],[121.45651,24.70325],[121.45022,24.70568],[121.44912,24.70855],[121.44879,24.71219],[121.4449,24.71515],[121.44153,24.72314],[121.44096,24.72608],[121.43832,24.72659],[121.43679,24.72837],[121.43428,24.73002],[121.43533,24.73341],[121.43287,24.73707],[121.43275,24.74075],[121.43199,24.74224],[121.43037,24.74346],[121.43016,24.74555],[121.42869,24.74807],[121.42922,24.74995],[121.42848,24.75152],[121.42849,24.75345],[121.42671,24.75584],[121.42557,24.7584],[121.42584,24.76059],[121.4233,24.76202],[121.42351,24.76328],[121.42623,24.76783],[121.43143,24.77194],[121.43576,24.77296],[121.43692,24.77372],[121.43851,24.77547],[121.44058,24.77914],[121.4424,24.78049],[121.44406,24.78064],[121.44611,24.78185],[121.44754,24.7842],[121.44952,24.78594],[121.44884,24.78824],[121.4504,24.78985],[121.45039,24.79092],[121.44948,24.79106],[121.4473,24.79006],[121.44571,24.79013],[121.44295,24.7918],[121.44156,24.79343],[121.43827,24.79534],[121.4371,24.79818],[121.43802,24.80088],[121.43801,24.80321],[121.43789,24.80435],[121.43696,24.80556],[121.4373,24.80784],[121.43653,24.8103],[121.43657,24.81205],[121.43228,24.81348],[121.42957,24.81528],[121.4278,24.81723],[121.42701,24.81904],[121.42529,24.82011],[121.42504,24.8228],[121.42365,24.82543],[121.4196,24.8256],[121.41862,24.82521],[121.41692,24.82557],[121.41621,24.82692],[121.41608,24.82874],[121.41385,24.83196],[121.41561,24.8356],[121.41269,24.83695],[121.41172,24.83812],[121.41016,24.83882],[121.40875,24.84068],[121.40706,24.84171],[121.4027,24.84357],[121.4009,24.84179],[121.39824,24.84169],[121.39705,24.84279],[121.39722,24.84375],[121.39353,24.84395],[121.39041,24.84247],[121.38808,24.84241],[121.38522,24.84096],[121.38457,24.83806],[121.38335,24.83698],[121.38092,24.83649],[121.37789,24.83448],[121.37362,24.83328],[121.37281,24.83379],[121.37282,24.83498],[121.37098,24.8353],[121.36993,24.83629],[121.36731,24.83676],[121.36416,24.83813],[121.36018,24.83811],[121.35779,24.83952],[121.35616,24.84196],[121.35531,24.8425],[121.35475,24.84399],[121.34674,24.84589],[121.34249,24.84467],[121.34001,24.84339],[121.336,24.84393],[121.33616,24.84688],[121.33727,24.84841],[121.34042,24.84897],[121.34295,24.84877],[121.34621,24.85011],[121.34764,24.84993],[121.34786,24.85095],[121.34828,24.85074],[121.34811,24.84977],[121.34872,24.84835],[121.35038,24.84877],[121.34986,24.84965],[121.35265,24.8491],[121.35288,24.84942],[121.35184,24.85005],[121.35186,24.85061],[121.35273,24.85027],[121.35334,24.85059],[121.35479,24.85335],[121.35813,24.85337],[121.35784,24.85445],[121.35557,24.85506],[121.35412,24.85684],[121.35337,24.8587],[121.34949,24.85969],[121.34835,24.86073],[121.34734,24.86207],[121.34634,24.8656],[121.34505,24.86694],[121.34576,24.86809],[121.34938,24.86876],[121.35058,24.87009],[121.35312,24.8711],[121.35445,24.87347],[121.3534,24.87498],[121.35347,24.87652],[121.35208,24.87676],[121.35058,24.87859],[121.34724,24.87868],[121.34574,24.87988],[121.34468,24.88585],[121.34323,24.88696],[121.34137,24.88746],[121.34114,24.88799],[121.34206,24.8908],[121.34178,24.89137],[121.34213,24.89259],[121.34053,24.89232],[121.33845,24.89335],[121.33655,24.8923],[121.33546,24.89224],[121.33513,24.89171],[121.33351,24.89159],[121.33325,24.89317],[121.33208,24.89346],[121.33271,24.89552],[121.33338,24.89624],[121.33324,24.89823],[121.33375,24.8988],[121.33325,24.89943],[121.33179,24.89981],[121.33056,24.89778],[121.3291,24.89731],[121.32807,24.89603],[121.32717,24.8959],[121.32032,24.9002],[121.32149,24.90143],[121.3219,24.9036],[121.32403,24.90471],[121.32621,24.90719],[121.32621,24.90918],[121.32359,24.90991],[121.32245,24.91259],[121.32029,24.91354],[121.31958,24.91494],[121.31759,24.91636],[121.32491,24.92352],[121.32818,24.92477],[121.33518,24.92492],[121.3398,24.9285],[121.33757,24.9286],[121.33325,24.92983],[121.32206,24.92804],[121.32322,24.93128],[121.32193,24.93233],[121.32123,24.93206],[121.32071,24.93367],[121.32011,24.93356],[121.31983,24.93419],[121.31815,24.93479],[121.31578,24.93847],[121.32414,24.94329],[121.33042,24.94453],[121.33161,24.94554],[121.32925,24.94737],[121.32798,24.94936],[121.32809,24.95526],[121.32915,24.96058],[121.32874,24.96399],[121.32805,24.96545],[121.32981,24.96689],[121.32885,24.96788],[121.32693,24.96659],[121.32859,24.96847],[121.3289,24.9696],[121.32833,24.97093],[121.32854,24.97193],[121.32805,24.97287],[121.32514,24.97116],[121.32404,24.97111],[121.32365,24.97199],[121.32369,24.97283],[121.32744,24.97475],[121.32746,24.97547],[121.32861,24.97627],[121.32719,24.97759],[121.32725,24.97833],[121.33067,24.97935],[121.33158,24.97863],[121.33383,24.97869],[121.33467,24.97914],[121.33468,24.97976],[121.33592,24.97991],[121.3368,24.98068],[121.34103,24.98024],[121.34207,24.98095],[121.34268,24.98232],[121.34478,24.98028],[121.34715,24.97884],[121.34847,24.97974],[121.35235,24.98085],[121.35409,24.9778],[121.35775,24.97782],[121.35847,24.97821],[121.36122,24.97781],[121.36142,24.97882],[121.36391,24.97959],[121.36476,24.97867],[121.36608,24.97851],[121.36879,24.97681],[121.36968,24.97704],[121.3724,24.97994],[121.37673,24.98125],[121.37933,24.98357],[121.38095,24.98429],[121.38223,24.98392],[121.38546,24.98604],[121.38553,24.98662],[121.38341,24.98861],[121.38432,24.99168],[121.38359,24.99351],[121.38418,24.99571],[121.38804,24.9964],[121.38998,24.99459],[121.39061,24.99326],[121.39402,24.99342],[121.39647,24.99555],[121.39684,24.9973],[121.39885,24.9984],[121.39998,24.99829],[121.40159,24.99917],[121.40278,24.9989],[121.40324,24.99933],[121.40327,25.00025],[121.40187,25.00124],[121.40204,25.00253],[121.40023,25.00422],[121.40038,25.00547],[121.39969,25.00595],[121.39952,25.00697],[121.39365,25.00981],[121.39119,25.01203],[121.3921,25.01254],[121.39266,25.01385],[121.39249,25.01548],[121.39466,25.01464],[121.39725,25.01622],[121.40163,25.01577],[121.40414,25.01719],[121.40755,25.01751],[121.40917,25.01839],[121.4114,25.01803],[121.41216,25.0194],[121.411,25.01943],[121.41061,25.02105],[121.40868,25.02086],[121.40443,25.0239],[121.40377,25.02528],[121.4013,25.02642],[121.40105,25.02695],[121.40151,25.02815],[121.40082,25.02908],[121.39827,25.0301],[121.39853,25.03072],[121.39797,25.03122],[121.39879,25.03143],[121.39824,25.0325],[121.39857,25.03475],[121.40039,25.03423],[121.40121,25.03445],[121.4,25.03488],[121.39959,25.03588],[121.4012,25.03637],[121.40079,25.03695],[121.40128,25.03739],[121.40107,25.03773],[121.39959,25.0375],[121.39897,25.03861],[121.39758,25.03849],[121.39704,25.0393],[121.39438,25.04009],[121.39436,25.04122],[121.39358,25.04143],[121.39355,25.042],[121.39119,25.04148],[121.39068,25.04185],[121.39387,25.04378],[121.39617,25.04364],[121.39676,25.04309],[121.39766,25.0437],[121.39942,25.04293],[121.40069,25.04324],[121.39826,25.044],[121.40307,25.04566],[121.40106,25.04554],[121.39994,25.04492],[121.39956,25.04603],[121.39893,25.04579],[121.39829,25.04641],[121.3977,25.04629],[121.39943,25.04781],[121.39603,25.04856],[121.39441,25.0475],[121.39449,25.04876],[121.39392,25.04919],[121.39433,25.0495],[121.39398,25.05029],[121.39442,25.05043],[121.39524,25.04957],[121.39661,25.04962],[121.39853,25.04847],[121.39833,25.04978],[121.39749,25.0504],[121.39807,25.05112],[121.39854,25.05101],[121.39836,25.05064],[121.39976,25.04936],[121.40029,25.0496],[121.40018,25.05097],[121.4007,25.05139],[121.3977,25.0514],[121.39624,25.05255],[121.39295,25.05398],[121.39104,25.05358],[121.39262,25.05507],[121.39089,25.05448],[121.39082,25.0533],[121.38987,25.05284],[121.3893,25.05293],[121.38978,25.05335],[121.3895,25.05348],[121.38818,25.05288],[121.38783,25.05324],[121.3862,25.05259],[121.38444,25.05256],[121.38592,25.05317],[121.38744,25.05491],[121.38573,25.0568],[121.3856,25.05811],[121.38864,25.05688],[121.38849,25.0583],[121.38974,25.05906],[121.38768,25.05972],[121.38895,25.0607],[121.39087,25.06078],[121.39108,25.06152],[121.38817,25.06155],[121.38831,25.06306],[121.38724,25.06256],[121.38641,25.06327],[121.38399,25.06273],[121.38291,25.06293],[121.38216,25.0643],[121.37668,25.06609],[121.36426,25.06496],[121.35489,25.06515],[121.35509,25.06708],[121.35382,25.06782],[121.35377,25.06858],[121.3523,25.06879],[121.35214,25.06792],[121.3497,25.06965],[121.34645,25.0703],[121.34802,25.07087],[121.34889,25.07239],[121.34917,25.07146],[121.34985,25.0713],[121.35051,25.07199],[121.35052,25.07282],[121.3518,25.07361],[121.35346,25.07329],[121.35176,25.07446],[121.3499,25.07354],[121.35042,25.07528],[121.34992,25.07663],[121.34895,25.07449],[121.34796,25.0738],[121.34185,25.07267],[121.34267,25.07343],[121.34101,25.07349],[121.34053,25.07408],[121.34046,25.07636],[121.34117,25.07571],[121.34157,25.07662],[121.34281,25.0753],[121.34468,25.07505],[121.34623,25.07564],[121.34447,25.07606],[121.34397,25.0774],[121.34422,25.07784],[121.34635,25.07678],[121.34653,25.07715],[121.34546,25.07746],[121.34525,25.07854],[121.34668,25.07834],[121.34798,25.0788],[121.34767,25.07927],[121.34646,25.07953],[121.34605,25.07917],[121.34247,25.08009],[121.3488,25.0812],[121.34943,25.08075],[121.35026,25.08124],[121.34938,25.08233],[121.34815,25.08236],[121.3463,25.08365],[121.34418,25.08364],[121.3436,25.08422],[121.34316,25.08387],[121.3383,25.08374],[121.33629,25.08525],[121.33013,25.08825],[121.32792,25.09109],[121.32487,25.0926],[121.31824,25.09301],[121.31706,25.09399],[121.31052,25.09655],[121.3093,25.09622],[121.30699,25.09677],[121.30451,25.09636],[121.30285,25.09676],[121.30139,25.09848],[121.30129,25.10155],[121.30011,25.10219],[121.29984,25.1035],[121.29916,25.10403],[121.29807,25.10453],[121.2955,25.10302],[121.29162,25.10264],[121.29025,25.10686],[121.28715,25.10682],[121.2852,25.1086],[121.28295,25.10936],[121.28269,25.11006],[121.28393,25.11282],[121.28339,25.11781],[121.27978,25.11781],[121.26902,25.11992],[121.26382,25.12197]]]]}},{"type":"Feature","properties":{"county":"嘉義市"},"geometry":{"type":"MultiPolygon","coordinates":[[[[120.44759,23.51819],[120.4453,23.51821],[120.44439,23.51728],[120.44062,23.51829],[120.44215,23.51332],[120.44061,23.51193],[120.43906,23.51224],[120.43718,23.51397],[120.43736,23.51515],[120.43584,23.51677],[120.43504,23.51727],[120.43362,23.51717],[120.43385,23.51517],[120.43353,23.51434],[120.43253,23.5137],[120.43386,23.51092],[120.43336,23.50903],[120.43223,23.50871],[120.42748,23.50918],[120.42605,23.50854],[120.42477,23.5063],[120.41675,23.50536],[120.4133,23.50225],[120.41199,23.49901],[120.40839,23.49853],[120.40785,23.5026],[120.40881,23.50657],[120.40593,23.50386],[120.40383,23.50374],[120.40101,23.50187],[120.4002,23.49876],[120.39927,23.49876],[120.39468,23.5008],[120.39192,23.50041],[120.39002,23.49936],[120.38934,23.49865],[120.38992,23.49756],[120.3892,23.49715],[120.38918,23.49359],[120.38979,23.49135],[120.39472,23.49075],[120.39394,23.48895],[120.39407,23.48684],[120.39347,23.48531],[120.39338,23.48251],[120.39414,23.48218],[120.39442,23.48077],[120.39691,23.48044],[120.39689,23.47953],[120.39806,23.47953],[120.39907,23.47842],[120.39852,23.4768],[120.39887,23.47666],[120.3985,23.47401],[120.39928,23.47107],[120.3979,23.47026],[120.39665,23.46774],[120.39528,23.46745],[120.39428,23.46646],[120.39417,23.46252],[120.4051,23.46341],[120.41128,23.46478],[120.4128,23.46396],[120.41318,23.46207],[120.41516,23.46027],[120.4241,23.46136],[120.42604,23.46075],[120.4293,23.46104],[120.4302,23.45218],[120.43285,23.45011],[120.43446,23.45069],[120.43515,23.44891],[120.43695,23.44649],[120.43804,23.44653],[120.43856,23.44571],[120.43827,23.44485],[120.43596,23.44419],[120.43586,23.44358],[120.43665,23.44343],[120.43728,23.44226],[120.43872,23.4412],[120.43956,23.43956],[120.44167,23.44016],[120.44713,23.4434],[120.45024,23.44345],[120.45246,23.4445],[120.45461,23.44832],[120.45471,23.45032],[120.45543,23.45033],[120.45761,23.45244],[120.45736,23.45288],[120.46102,23.45532],[120.46452,23.45561],[120.46455,23.4583],[120.46874,23.46162],[120.47699,23.46192],[120.4806,23.46001],[120.48194,23.45782],[120.48444,23.45641],[120.48941,23.45235],[120.49069,23.45213],[120.49518,23.45286],[120.49605,23.45455],[120.49703,23.45524],[120.49691,23.45625],[120.49753,23.45787],[120.49866,23.45853],[120.50066,23.46097],[120.49971,23.46539],[120.50091,23.46578],[120.50177,23.46692],[120.50375,23.46718],[120.50486,23.46951],[120.50656,23.47009],[120.50718,23.47176],[120.50862,23.47137],[120.50935,23.47267],[120.50901,23.47516],[120.50508,23.47877],[120.50369,23.47888],[120.50432,23.48034],[120.50408,23.48098],[120.50182,23.48093],[120.50177,23.48171],[120.50254,23.48193],[120.50247,23.4829],[120.50306,23.48325],[120.50373,23.485],[120.50197,23.4862],[120.50097,23.4886],[120.50126,23.48991],[120.49894,23.49099],[120.49629,23.49013],[120.49462,23.49012],[120.49361,23.49113],[120.48942,23.49137],[120.48846,23.49208],[120.48739,23.49215],[120.48377,23.49608],[120.48368,23.49824],[120.48465,23.49896],[120.48471,23.50159],[120.48316,23.50536],[120.48131,23.50438],[120.48,23.50434],[120.47475,23.50682],[120.4735,23.50685],[120.47259,23.5052],[120.47083,23.50382],[120.47019,23.50038],[120.46949,23.49958],[120.46747,23.49878],[120.4655,23.49874],[120.46412,23.49923],[120.46217,23.50154],[120.46198,23.50352],[120.46063,23.50621],[120.45954,23.50771],[120.45778,23.50891],[120.45631,23.51177],[120.45628,23.51294],[120.45739,23.51364],[120.45711,23.51568],[120.45328,23.51588],[120.44924,23.51717],[120.44759,23.51819]]]]}},{"type":"Feature","properties":{"county":"新竹市"},"geometry":{"type":"MultiPolygon","coordinates":[[[[120.93012,24.85301],[120.92523,24.85481],[120.91961,24.85317],[120.91838,24.85301],[120.91842,24.85377],[120.91818,24.85298],[120.91639,24.8528],[120.91419,24.85405],[120.91297,24.85408],[120.91324,24.85192],[120.91676,24.84875],[120.91553,24.84581],[120.91576,24.84113],[120.91313,24.83655],[120.91223,24.83576],[120.91077,24.83576],[120.90931,24.83423],[120.90833,24.83159],[120.90472,24.82705],[120.90179,24.82206],[120.89961,24.81652],[120.89926,24.81401],[120.89695,24.80922],[120.89615,24.80082],[120.89227,24.79302],[120.89321,24.78078],[120.8929,24.7789],[120.89143,24.7761],[120.89137,24.77478],[120.89175,24.77326],[120.89268,24.77319],[120.89297,24.76897],[120.89481,24.76772],[120.89531,24.76666],[120.89515,24.76558],[120.8963,24.76794],[120.89676,24.76806],[120.89778,24.76468],[120.89319,24.76136],[120.89191,24.75871],[120.88991,24.75692],[120.88841,24.75416],[120.88512,24.75059],[120.88263,24.74647],[120.88089,24.7457],[120.87777,24.74259],[120.87454,24.73832],[120.88104,24.73329],[120.88357,24.73453],[120.8848,24.73279],[120.88746,24.73387],[120.89104,24.73177],[120.89235,24.73316],[120.89379,24.73233],[120.89743,24.73346],[120.90151,24.73635],[120.90329,24.73856],[120.9048,24.7394],[120.90587,24.74068],[120.90781,24.74107],[120.90867,24.74011],[120.90851,24.73651],[120.91207,24.73231],[120.91309,24.72855],[120.91365,24.72718],[120.91418,24.72706],[120.9138,24.7242],[120.91628,24.72153],[120.91608,24.72063],[120.91446,24.7191],[120.91435,24.71802],[120.91367,24.71733],[120.91769,24.71622],[120.91942,24.71695],[120.92059,24.71673],[120.9212,24.71592],[120.92197,24.71608],[120.92242,24.71495],[120.92364,24.71455],[120.92512,24.71545],[120.92673,24.71503],[120.92804,24.71576],[120.92884,24.71529],[120.93031,24.71662],[120.93069,24.71519],[120.93158,24.71426],[120.93304,24.71329],[120.93543,24.71259],[120.93603,24.71469],[120.93863,24.71661],[120.93816,24.71832],[120.93884,24.72042],[120.93829,24.7216],[120.9391,24.72275],[120.93865,24.72488],[120.93927,24.72542],[120.9387,24.7267],[120.93783,24.72724],[120.93894,24.72768],[120.93801,24.72942],[120.93895,24.72976],[120.94062,24.72843],[120.94182,24.72856],[120.94233,24.73044],[120.93986,24.73274],[120.94169,24.73501],[120.94178,24.73728],[120.94321,24.73904],[120.94408,24.74417],[120.94588,24.7453],[120.94682,24.74479],[120.94811,24.74523],[120.94893,24.74445],[120.95113,24.74451],[120.95196,24.74379],[120.95263,24.74414],[120.9541,24.74342],[120.95633,24.74512],[120.95756,24.7453],[120.95779,24.74619],[120.95716,24.74836],[120.95745,24.74961],[120.95856,24.74921],[120.96146,24.75122],[120.96285,24.75434],[120.96272,24.75491],[120.96351,24.75551],[120.96435,24.75519],[120.96533,24.7562],[120.96633,24.75577],[120.96741,24.75646],[120.96755,24.76059],[120.96984,24.76516],[120.97099,24.76574],[120.97162,24.76468],[120.97302,24.76422],[120.97442,24.765],[120.97495,24.76403],[120.97657,24.76441],[120.97713,24.76311],[120.97867,24.76354],[120.97942,24.76329],[120.98047,24.76413],[120.98063,24.76546],[120.98197,24.76743],[120.98666,24.76842],[120.98838,24.76807],[120.98698,24.77031],[120.9864,24.77354],[120.98476,24.7759],[120.98557,24.77608],[120.98584,24.77691],[120.98824,24.77742],[120.99028,24.77689],[120.99316,24.7806],[120.99568,24.78009],[120.99944,24.77839],[121.00545,24.77478],[121.00674,24.77429],[121.00803,24.77449],[121.00971,24.77379],[121.0136,24.7709],[121.01702,24.76581],[121.01695,24.76486],[121.01825,24.76395],[121.01929,24.75909],[121.02059,24.75661],[121.02366,24.75679],[121.02805,24.75821],[121.03052,24.76115],[121.03263,24.7619],[121.03354,24.76389],[121.03307,24.76489],[121.02989,24.76647],[121.02916,24.76887],[121.02927,24.7709],[121.03038,24.77204],[121.02816,24.77316],[121.0297,24.77701],[121.02864,24.7767],[121.02766,24.77705],[121.02795,24.77881],[121.02614,24.77888],[121.02495,24.77999],[121.02496,24.78051],[121.02585,24.78028],[121.02675,24.7809],[121.02752,24.78271],[121.02305,24.7851],[121.02333,24.78567],[121.02509,24.78624],[121.02432,24.78756],[121.02459,24.78907],[121.02335,24.79064],[121.02181,24.79045],[121.02062,24.7941],[121.02315,24.79605],[121.02061,24.79881],[121.02214,24.79851],[121.02574,24.79907],[121.02141,24.80152],[121.01821,24.8073],[121.01514,24.80856],[121.00828,24.81621],[121.00457,24.81916],[121.00227,24.82017],[121.00039,24.82206],[120.99565,24.82335],[120.99248,24.8235],[120.9878,24.82548],[120.98543,24.82939],[120.98309,24.83093],[120.98137,24.83122],[120.97827,24.82974],[120.97503,24.82991],[120.96832,24.83244],[120.96264,24.83255],[120.95704,24.83357],[120.95529,24.83436],[120.9476,24.83982],[120.94482,24.84107],[120.94316,24.8465],[120.94045,24.84996],[120.9346,24.85256],[120.93012,24.85301]]]]}}]}
